LC,HALC,CS
16.03623086442664,31.943374283103825,0.01938223242432249
5.8064060192357205,7.0121900695671995,0.022740401737973818
29.955318977631322,31.89407034407387,0.08568550900214955
44.33812091558559,64.25785531437509,0.06516406671975528
1.1330967328806993,3.852705442840472,0.004494237363904095
58.72019453966324,94.17773060546136,0.14293212976638092
61.644081158858626,81.36393343925906,0.19500281418367182
48.698876659934655,107.36002026083884,0.09477718956730562
6.709905745714668,13.776696928492429,0.00586234193947522
77.95718422608846,116.352129490909,0.1140167929026093
5.322042323205266,8.288713775640028,0.015144432892500026
66.31093525949116,93.9050705613374,0.17115439225166232
10.020182111491952,12.317689714293138,0.038000625380748485
5.18037606186253,9.844981026531446,0.02318883068914653
48.86521197610545,107.42024819165329,0.08271692692773885
25.69115463567401,55.6182582567349,0.08402391325421403
4.05353497037701,3.6177366171579615,0.019898671277636684
57.8065504915459,86.39605579006071,0.18868579282458772
13.78231811111687,13.39261005206398,0.029729255281793408
0.7778857227350859,1.016206124864045,0.0023529716560037792
10.736686510332582,12.163634221831664,0.02990430812211356
84.6097542302118,135.97521998194244,0.19433358209751259
1.8083460970135574,3.633624653499001,0.003185072029996002
59.77959467684359,132.55133786924466,0.18730591344138312
30.43091153122458,33.67899773581305,0.07919288612232478
244.43225019367134,439.52394243257027,0.39306645927546335
24.5252659348209,54.69887302479674,0.04889861925202744
4.680970792005479,5.736826300358955,0.009169714286324907
251.53587184075042,450.3725133792297,0.4196075737873025
20.647351916215243,35.26116657465845,0.043868269320367644
11.207472180210399,22.42483395641124,0.020584497953931486
65.82099925921504,165.45414909377192,0.1260658715327948
39.56241482877637,61.229994410728594,0.08344636942053144
37.697840807855385,58.65200444550912,0.11540507456728044
13.164850122370442,11.587300643957114,0.02887937392087807
34.50548646967063,64.77806288819497,0.07076380965352277
46.52714145379181,96.28563582252528,0.11506319944021455
1.6344707268606737,1.2519721394939136,0.007110183683116839
104.74681313060297,191.4465722779953,0.19165587750441498
4.802206981694906,18.14926715980753,0.007455281695940214
60.836069839643,64.28818923372931,0.13094218774320637
32.51933343510628,36.61690413853738,0.06407968121884565
90.79725215095736,74.89482017595313,0.06229129135003313
117.1741655718508,188.362399898021,0.18530839522180106
194.47334602337023,440.1989336600379,0.38181856476436654
6.882482761132358,8.705514285715564,0.0073186928154895265
3.012925818068138,3.230678571477282,0.009936745097701101
6.309634137356915,11.458985476838551,0.014328191343840412
0.8047184108402401,0.85355822316113,0.005020211478068774
38.76164205186258,42.78818077240201,0.09026687542636479
5.611560723671975,12.566983381866619,0.019668169163727656
61.86637775440118,155.64264014192167,0.13331889286311757
57.875929181391214,109.11489912098051,0.07903487469594545
69.65399506051827,179.55140021872373,0.08852301192979967
15.550170140241958,23.075751127841315,0.059141488201524525
12.169956553764846,19.763351164342883,0.03584296315112158
2.0579689081342534,4.560768105251829,0.005034313218077536
39.77513234838735,45.20550196138358,0.1158995378936283
21.521507733340478,32.995299736892406,0.06597224870880343
74.39583605757632,173.78761882027044,0.10947079082497725
81.65799225399452,165.14338700068643,0.26531970583756154
16.17396062439327,30.824761445399595,0.06905362842178507
42.250480564380126,98.67456577314901,0.09595270103904403
7.705538102724424,11.141531135099257,0.01406032823681195
4.979538323278831,15.653539324664294,0.013161770013513709
261.87449113480847,474.752564030204,0.7838530476705685
27.193307090089817,41.03967099780696,0.08244271220474056
15.072815191307372,15.732139854876225,0.02193120969139659
63.208953660659496,117.29009956614057,0.0762008106609043
433.14718673947965,776.3073580930443,0.68828192789964
0.42627384324534046,1.2746902649813723,0.002473188930432882
119.60695920449028,268.15630520170805,0.19864339523704677
13.537297133721118,45.60705002185122,0.026093154493040407
5.259915162546288,7.420480898046323,0.01440222209938025
190.14513013731968,429.0040729517544,0.34739433239466777
246.88356170014822,454.0527405884256,0.32607081270330834
38.351999773035814,79.59212565740816,0.08822176991215572
28.16296368905576,53.385803573006676,0.0658289469890411
88.85948044685719,154.41245420499166,0.1307325017673035
32.19024767814134,49.12072735107491,0.0481689562444987
9.794444584841928,8.255078478612736,0.014261018098565633
39.38717885330369,58.146489158702536,0.10441764642521512
120.60573419374622,158.64809560484304,0.17930845001463766
81.96876251541542,133.689776352638,0.2182238986983388
98.81167429141453,168.0704245179507,0.2448156291089047
154.3577021815054,404.0496321763648,0.27967590833239236
22.4190270735787,43.96520674244645,0.027230991085088824
13.97391108234671,11.156400740554908,0.03493634838319506
53.71710713469229,90.5116061945413,0.05762697319930394
0.8772868519384943,0.8044492820646807,0.0030779988228007613
53.15173530114033,98.3968142273817,0.1391924001648463
80.34269813561362,90.64474682295692,0.13695000310498417
24.80238504186366,25.682047947156214,0.05147557876784134
72.02922695997832,120.5348432624061,0.16814878953924936
31.597676742933697,62.53879662010035,0.03402132510224558
44.8212780809707,57.962272454244285,0.041487244926659526
78.33221930971355,134.73610147665065,0.22222662886516112
321.84518183263907,583.4891696724872,0.4661722654768082
33.716117052413615,50.10546997480621,0.07493042223498443
64.65417900535043,138.79564137376397,0.11107958207524234
217.27913154914538,361.97286616906985,0.3373792944219257
5.792342751753359,13.140963667003875,0.011902515305520394
28.865841397336013,62.11190851447997,0.08416650962020736
7.869815653545151,7.9230003319551,0.011532634815240358
82.63969032892366,109.67888516765713,0.10051403708811461
98.34464396169278,222.1305894872325,0.14105508617076332
297.39510969496223,496.03622854959076,0.4904687006122497
23.27685614381919,36.90832996498035,0.03555347335043512
10.51799824097646,11.159798913495397,0.027485870393755364
4.016946530345616,5.546140154694825,0.010169708118486217
16.80828232149729,31.29135011081038,0.03934084606221767
2.248873942243438,1.6997804382712731,0.0022596369654209044
24.838561795265363,32.83853357391851,0.0511381390597121
41.9475902296236,52.670189846567055,0.0720524054761839
139.58982590532798,171.610115688143,0.21099136920561998
31.065826527191373,32.79570195692687,0.06385260696875468
15.791586806428203,11.274448736836764,0.027746266241075235
22.767401955678842,33.21855402152674,0.04951036627453782
61.8533518726987,74.63393337340256,0.1220746596261689
31.600564242559276,30.840902898733674,0.0581954230870732
3.2823575238591065,8.844919342427898,0.005337988452362122
207.39172223409793,462.0846355810564,0.41235253293454555
11.12265802958699,15.239983099299609,0.01756238816769328
2.160805401470943,3.853540478322793,0.008754705858852064
80.4881760317923,174.3603691223569,0.1447206923887484
3.89992096859884,3.5370517057246644,0.011525043042328514
46.13590665668128,52.717362470259786,0.06542023590299399
22.240914170555094,48.565790765059646,0.07186859309241303
58.32745732313603,123.37618403648375,0.1079364865563628
852.9036760559835,1396.2877160413325,0.7910462754705748
30.557526810721235,44.53413139276394,0.08884728141452103
40.133790024995726,91.60171692439933,0.15294086621154018
27.115770754752614,57.57895976210506,0.04801423588785302
60.920243126172615,66.32849891005317,0.08908725617548147
3.2090167943519456,3.2637213147365713,0.008302609563213197
4.019337821589796,4.135157307621309,0.008352406626104177
79.74770229797598,178.07518020104402,0.16792787497731546
45.22320654098223,49.13061704562494,0.08581859056179288
49.10473742826699,89.71114530015944,0.18003609926265068
89.05689146317636,179.70878000685263,0.13502975296801367
68.7564945882294,157.95327945740163,0.1171315302579008
1.6221772396502194,3.185132596723746,0.003964596128724157
26.5691697919132,38.97363126787778,0.08183373308145436
21.489835273365706,40.05216909371879,0.06643038689765753
2.0594743873109373,2.5279636721673375,0.0067357826353163655
4.90857552227213,10.165889733406178,0.01081617800356914
4.427993483202017,7.2421268893778015,0.010791842130124865
8.426858880991212,8.847319396554909,0.017698762898446015
30.233006781612755,62.75667817867109,0.09505991003114012
187.3828491292655,337.1206817617224,0.5065782354680427
1.185011178751562,1.6518391525149712,0.00594755305852675
4.069296431348143,6.111293243537832,0.008550070453198576
13.31836463058858,23.2895366565872,0.020479834822779982
9.940522505306951,8.066609518919593,0.012912872946537562
673.3452192407326,1262.2243226215517,0.789862187960082
3.041864797031487,6.6506954274564,0.008199560819731966
2.3419401874506804,2.692312555314102,0.007091602485529157
93.66467861714902,165.28162485967948,0.24833192615495267
42.06042717622267,63.2319845097812,0.0942779941595871
160.407113464035,378.18698049487347,0.20388314396010898
13.898973340928968,18.44048673118555,0.03153749306288844
21.59871578342547,33.95905634573509,0.06514931359540953
43.5265552286278,97.0271590693484,0.06512437924899978
23.71605251088051,51.33060971661386,0.06637921979364707
59.218684366689565,63.87022023237721,0.08338435741137351
27.90659034889282,15.913070454946261,0.033880524765653806
10.5700901883711,22.78577412758086,0.02232560625994466
165.49602633752286,246.8241844562158,0.3007449838433224
356.01977447553196,551.4250142380401,0.6284530254920595
8.950838286003625,10.965328522564741,0.012276662918577307
51.3998846899968,53.976098663734945,0.06984805812482232
5.6815456931633,11.98640197541064,0.010828628096979535
214.84600878037173,349.16697973091095,0.3029837361058172
1.336514839588981,1.8198403209309273,0.006630800205843339
7.53095029117149,16.37056455739715,0.014200814853232914
8.324630345472707,12.908103713582767,0.014256555769710473
56.095045405521134,111.73198433886243,0.05783159629329881
3.587574314629231,5.8465630867981195,0.0075254922614744185
81.2365374320721,158.0100383591058,0.21624726810744577
156.86742372372325,321.7293966004974,0.2827280369307723
7.840180013482944,12.774895528342567,0.051275563137524696
34.6545736057275,74.68473008820399,0.0491986207465028
3.904931837661646,5.571869836525425,0.00955811870274569
2.864216898159503,5.259069748756065,0.00480571407051974
138.8191207403508,213.10172202798154,0.3087892024714434
25.443104418357642,34.71780496208222,0.059706344539856994
121.29033914000581,256.14586891410676,0.2938277039875021
90.30800919791751,162.77942765085984,0.2165306502467598
3.97532474234492,5.989603038634974,0.006743315401732872
37.43640299161523,78.3429396796141,0.11307544707060478
121.09889829432808,274.02906426482946,0.22618358492519752
28.09343978667769,53.67638089895523,0.07072882398085434
6.720195139921967,12.953849610058462,0.010905034826167522
8.354395712450387,18.64295486027474,0.011721526689686887
31.337728026028046,53.358577521818795,0.06786333732096278
41.01380219966738,44.83020355402839,0.06344061920160243
313.4310751288856,598.0600653455685,0.4916843908049069
418.00040406082786,680.0840257376215,0.47117336850522284
169.02500825742064,329.0634330691953,0.2623093638148148
1.6255759764496103,1.6723884707339296,0.008034618557123806
40.339986213900936,61.41009311712005,0.0482981721229265
67.91329378534444,117.39036765795024,0.11329872650623826
0.46875127965564034,1.2094376689733766,0.002600401018858339
3.4706976675050982,2.6839135407911496,0.008670229279717239
2.5533181421640316,3.021526359181108,0.005582501610713658
132.40860320353738,249.0677809828498,0.23797619362894146
34.82299023125348,35.13371844921288,0.04350537656776006
4.495085430151303,5.4515004133683025,0.010832975465399245
2.7714024893630467,6.040403920467981,0.007991814716035946
3.6624070269285,9.253207367819535,0.009041582513546689
4.755423054084744,3.8868675797139334,0.0105239537739491
58.042195477684054,106.95745772757004,0.13571089859493554
17.555145101914487,46.94452634201705,0.020586152660596796
20.77866263297802,23.087592779532496,0.03915162839027049
3.290058508111889,5.137542868403999,0.007613489084071332
56.165679699976515,77.16475582117513,0.06948398937479956
0.6345838020538979,0.928071567302246,0.00402572234845838
16.870147151790505,15.452095256954694,0.022554801246134945
7.7898370833762405,17.816835854923827,0.01648787297357809
17.892284978836106,18.804855228267478,0.016361860223281902
1.932517609935889,2.9150550121993826,0.00710430802324091
8.891957563434227,10.353513043815235,0.023315976493421087
50.785796343077905,64.01845611702146,0.0835892152471156
138.84367663762256,289.8350514756343,0.24161774177837925
17.74727675613175,16.21178572431861,0.04422931455690198
7.547108219331247,11.536113071601946,0.005657186378608014
2.5203638253271885,5.799381607206768,0.007881926623359174
1.367863535745218,1.3490507443088064,0.0026419175699731556
86.66208541753201,153.19956902765998,0.19790947849331433
1.5399333956929535,2.2724034261458,0.004267498179782531
20.236563602742798,42.32716345097228,0.05979902903411236
70.5510977392129,97.70854713940285,0.16355449135521186
4.596533341458406,3.940173963135535,0.00937918769287157
128.43198103980077,295.7275558006837,0.1455734567517399
184.16258923223637,170.7497609858283,0.2739203630002384
2.7449111717201267,5.111354112258115,0.0061705824897718186
2.2924835689687617,2.034563111090237,0.01041212117386089
732.6020345318742,2033.4073758212396,0.7996188786989681
14.888634786134974,21.899019755463144,0.013779889224831202
43.74105773360576,45.50925494683548,0.061438620591583726
112.0150544834278,173.9214936953218,0.18390912781665297
2.283441888443865,3.851560670010452,0.0051754174660475685
46.83896610181048,58.53674048211653,0.0691464642152423
56.98463537576989,116.12853952559918,0.16699358797724265
42.971921457903534,56.32923701191432,0.10422098820715407
7.68182412028025,7.754411165805094,0.01119130041138354
37.030486163669224,60.74084467818981,0.10158927038607561
66.86026691946022,118.15714405555993,0.07895416323635461
3.5341245174559193,3.1747780643434607,0.008478383562242354
13.57683256410597,15.111620823554196,0.02036233939541333
17.3430070221067,25.141622047231223,0.03184005663847054
29.56664288709454,24.50610034267229,0.06099560251373097
11.096466581074086,8.864920564888129,0.033086059924154296
71.80277001726384,160.63873853553892,0.15246845508557547
173.51190961143834,419.77062240230646,0.3596934206967801
5.291450083213935,10.18074900012661,0.01317355620359127
282.8215521278005,609.705258291136,0.3272684932125659
125.59075556983062,242.75149714352398,0.16444232225195882
136.76772224912364,319.9478750455804,0.35817409264862976
53.442291770983786,67.10319614095592,0.1306391224346205
211.0519278159283,455.16823550479864,0.41764000334155693
7.117141819079988,18.219680851274056,0.010271832146500534
263.7252027568569,545.4703038354563,0.4983468912406141
29.53322079507214,21.602747160454676,0.045469916444875365
68.06916468343911,196.53463907988552,0.20011096110136808
35.46735609123883,33.52505327010038,0.07237987295928194
190.36845175353633,383.0902816964859,0.6236613685962903
224.50530181246364,432.0326081816635,0.32441711287034186
7.2208365273312625,14.705223686981919,0.00967323634837746
35.795770024775855,48.823605500238806,0.05253147615401549
31.397462693692464,76.13000380159994,0.06915033169988805
27.37994187434806,43.4183177464598,0.07046501248208378
21.170189073195253,33.33805131108678,0.05607074165615722
43.4627270439179,47.95420170981788,0.06373446762842318
38.82115634040882,91.23110653812194,0.059906673266480796
8.479913708086801,16.94090900344133,0.01149162699783366
2.306034932747043,6.433419768736883,0.0035047946144819157
33.45049024959526,35.68924399601804,0.05084395935710726
5.883859146318929,13.057691288769366,0.010004956839294149
22.27642785956584,39.643892410289524,0.021478163975582002
70.73330823144481,153.73309383495618,0.04028502878422806
35.5362530486443,34.817506159655366,0.056804189353560505
13.558984313224167,12.708091301407782,0.027550768920526485
50.89922020231043,93.40859591257875,0.11211821948633703
110.88310371207002,307.7638340543144,0.26216885464174755
290.4930535333268,517.2325476139714,0.37272736252821687
122.75873155715664,279.90481643399323,0.2619895233594565
5.595152085579328,11.004919200621918,0.0144008825334497
0.7515446568109687,1.8611416807471746,0.003486744964140437
29.812553590342162,46.74843023345441,0.07592616131834917
3.5271749801242036,5.404149106460916,0.0036207021778595287
21.574806643489037,30.9521385644621,0.04819890388088575
17.061638875398284,21.81473423566215,0.037452954849023626
62.97996123035087,66.91105731463173,0.11043669201586287
194.75334084706054,385.22806990188326,0.321987567676426
15.679656947379975,30.716579138066944,0.037312264511935984
17.51787319691101,16.57634129976521,0.044848556106024534
13.177405801608558,28.958834116185034,0.018992111099262726
7.714771324605035,9.527778689503013,0.023301758827605754
1.4260173725194523,1.6732329494407763,0.004035954012741036
9.096749891254493,21.40808156591417,0.008192008135132562
2.1175415225365453,3.0520330617138156,0.005824074781828238
36.45027049822143,38.82603972840844,0.031041956935118343
37.134741373776095,41.52573816533719,0.07193703254407227
105.42421292521328,164.409843413345,0.2535792689849113
30.08357901498499,29.555533940003045,0.04072526695254913
3.5153947551923546,10.042878727226672,0.010403578409382833
2.18684272000175,2.871414048672685,0.005953156221514405
94.88011106040938,118.26879732518654,0.1511076312863559
22.655875017957182,35.87134022160899,0.044989869007798125
5.305183163947933,9.283360428762421,0.015360861641295262
10.912611436374924,20.40512736251439,0.016586128697801062
60.10759170841127,98.60518751965954,0.10341028638146701
207.43182067215096,416.91485335565653,0.5038928525155949
7.146210875128504,11.965746962257757,0.016632471094823742
18.243505916308685,28.96404175773388,0.04439035057993991
348.6627948656848,818.4942845540927,0.5187473288812132
28.227774768307,29.165749562602585,0.04983346984190811
19.34182903399383,25.891445351482353,0.02063704002321117
15.42790130764858,33.08013308330967,0.023344584769841664
9.791736142560689,11.24424746339714,0.011550934918127014
145.44997590381897,250.49098270976555,0.38933705616700703
27.002748953453168,62.00095179195178,0.023125102809184877
34.766093150175124,40.148130797365546,0.04137327034382207
24.045598250012045,20.043801910131172,0.04904098411763249
19.918842938780422,15.13159840177072,0.025151481307994078
7.013429991881575,11.743680520121556,0.01848135879716454
133.7857915327616,211.4006707729305,0.24483814281538038
113.21457734266862,190.35826344656107,0.3207485469254351
7.766785727105669,9.51005511201301,0.017226354171889897
0.6242414129860108,1.7134030332736931,0.002110255550938851
19.484559778359362,15.571683222501932,0.01924192890659752
628.5652811348583,593.845972175966,0.7335444279313614
11.172586151815919,9.336668383543596,0.02164921407180918
20.625824046977264,36.78188387514071,0.03833443283033345
5.589704982215919,8.394927951938106,0.014451607296043854
76.8692598978232,148.40505448935792,0.1564598740512582
0.6179009934558503,1.1427466138075202,0.0014153041277767521
567.2098766102123,792.2969528740596,0.7039163474091935
97.23939394498838,267.2838320485283,0.12354551842388449
6.752862902980026,7.69338007544784,0.022354512185177082
14.739577179232953,23.458118905045147,0.01927974212475018
48.259703079822536,87.9224166093874,0.07316566931370899
22.034344398134113,15.891237209653756,0.038514499683790455
49.59800063548328,87.54205522935102,0.12646886031497392
33.79587976981742,34.5314158492697,0.044567610230483536
60.97564953418276,68.35801946588433,0.08022301107022756
157.63687726773998,296.2241339324624,0.37649165029176357
17.52144179663768,21.055382351272694,0.02065589338790556
56.49546889261436,88.47092993636137,0.14118213099006938
145.60189764367826,276.18907007137534,0.23358633322533057
110.61764959887616,142.5980158870574,0.15289485374982897
18.90236131242504,35.25163263036853,0.040317640646701736
11.806779725221334,18.626314802716536,0.030368475167148874
1.035981193586302,0.871539774244213,0.002493957673324247
3.946284864387405,5.141230423733786,0.01408304737625518
0.22634813529725947,0.7152970073375656,0.002337679446725386
28.185460381326536,28.38838404520302,0.04033965050070761
5.1389786824764325,15.417987339099142,0.006669830479740424
7.975879249961958,12.342602631687532,0.022020555186303657
201.31047156820375,394.8389474006833,0.34053456552542305
66.64251477553209,97.75244488231841,0.09345917104000151
46.506403450040125,68.87849470121625,0.1308244698440676
145.42133323504257,236.06271712520686,0.36923837965771944
22.372917069438557,23.46185959126327,0.039522153175428336
22.498452989024294,22.103145727525515,0.038044070194784285
21.90573550181228,41.94807523449063,0.048664878207243786
6.770098306536466,7.422987209155278,0.010856009656861922
47.394780325588464,107.9716832132952,0.08895183773393947
145.38009050115056,266.3166314214512,0.3397189241825775
3.877734274367768,6.03033535588063,0.008196646166692797
344.92900023707233,595.3737493600554,0.43791452326318003
3.2108863312833904,3.1891676790785293,0.008188411781175818
413.85693887902323,545.1199798298412,0.607087977492798
154.62359876598353,314.1730865611914,0.3767760872604452
26.252135294452028,24.714443768265742,0.04948639858099341
10.767745882446532,17.831270662797127,0.014889739118142129
9.448782656228351,18.576750686412044,0.010906678435655908
25.20572732746491,33.97179601816404,0.0420931624607432
186.80029263649658,346.1218111195264,0.3342528314731671
8.051714975626597,10.927383933596625,0.03556267241920724
51.91722886182402,140.3667527109029,0.07659629978151326
5.560000429954136,7.907852759935813,0.015580353005753044
188.11529034499011,332.8774711068415,0.20518585592625657
0.9891138436688013,0.8058654072211173,0.003013502382862478
602.2511709411966,806.1295675483975,0.6920855839878347
38.25028501478285,72.08478201452682,0.14707622181588276
56.064545742815824,91.3330022022268,0.15337471928894905
277.44227818086574,509.1059838871737,0.4231420370783007
10.630293843090117,26.261597298850038,0.009803889571269047
112.69368731550809,142.56344171918295,0.27622228592093867
3.2404271633818795,5.114987741526946,0.01506616208039541
159.43974639221557,366.50453399009996,0.3225507250204971
0.6794762014104058,1.3569154747043672,0.0031188671038406145
151.88571243049063,249.14959168204564,0.28152889050214497
0.9595714239008165,2.3745138506934906,0.0037997100382212395
47.45897307238712,68.90615257855877,0.031153210862869308
229.18217603627116,228.59769464019755,0.18853934255121546
94.53292139778337,127.66463228544148,0.15771894058929703
114.17052529053343,202.03458758859978,0.2840972843152548
1.531360401330411,3.8177721459773437,0.010280454484407151
72.90022360539,157.81655295673332,0.09575498615266412
137.47142939846395,258.3027557693739,0.19954278215681
34.36528495599724,52.82557047107683,0.08285271756269466
0.8008131623569668,1.3857172254100174,0.004917166847056205
68.1212586756006,165.9164191158177,0.19428391766278522
19.538305858399553,32.32440826260382,0.052343023273373916
5.979912883215455,4.951401571906715,0.010566973466869063
94.63742342856371,157.86332952563663,0.20750909968123465
22.470901114088434,17.15747093613597,0.04510904462795079
71.41578692765661,134.50267562360688,0.18401974641519722
51.106244714596315,78.84497177711282,0.08580124096852292
11.086074837501203,8.861451796238004,0.05256467627406835
108.3590204056815,180.68065986736215,0.12574478052469498
28.85012530489966,57.757561072785606,0.030386535034978603
111.01970336791035,255.45210544431666,0.1824802126379037
41.33030674306155,90.31403729029046,0.0466122658962592
3.017079439131553,2.846453200674363,0.016704325771760183
38.01954159158606,81.97833220892092,0.08007500968886727
131.14748982271078,237.4824500815114,0.25661172853435865
86.16094796846947,172.55149223011577,0.09004528350674519
12.970952292524727,24.155635110596922,0.01107069407901875
5.114594383696712,6.717821042366175,0.012793825072810213
2.417656362864364,2.8596318574580564,0.006751421766605598
19.541999539414906,50.80663099392844,0.07540740394786057
2.3603157377025816,5.67357255659533,0.00632696166015733
20.92477550608219,31.54957176548503,0.04226294882002856
109.1041341023057,227.0162724400776,0.1979988827606607
56.102100289153015,134.58844174028724,0.1403003433396577
101.85681424125004,169.38067529983988,0.27071162171654056
13.520876512088865,28.427677956408285,0.043523494294488645
1.5759817928042048,2.8312280697907437,0.0043248721279755195
1.7896088133473034,2.5056323631326984,0.0063643781685432535
82.67799949151528,179.73722528319982,0.12733758524670832
4.454939210148661,7.787728995886852,0.013057351945682685
33.84592395258077,39.581637903100564,0.0640012701651384
142.74693903825823,297.0132016675527,0.23125527498934376
28.28341169494628,33.93464881006253,0.01894388584956875
82.3635103768784,140.11698318801493,0.17654737235193987
27.617778860052795,39.28209590165152,0.06904531227349561
3.6992343036819593,4.78239671506751,0.007893301894116057
63.71041118113452,92.42776454313089,0.12423971099493433
47.21273479663561,98.52212976481327,0.0551258914457502
55.676790487987574,88.29333630717606,0.1419380065648725
3.8101605633602924,9.434045726704719,0.009427655986961951
47.648022718321315,48.88398674359139,0.11212314160921585
85.11996461615621,202.55655756503128,0.11572304530720767
167.71033279589952,273.77907521031796,0.33929196021301705
25.170016665617805,20.399661910684006,0.04067423806716143
25.638569953631478,35.84065216252172,0.06244086723758266
1.1318789614311573,4.312638909797599,0.004204911452653826
48.41013183096546,129.0419204570389,0.06833836624266425
13.953749095331245,23.36116942840642,0.02533151961427022
25.15994359636477,41.99882009420446,0.06004122713062118
11.416927890921537,13.522080270378316,0.019974076299471465
44.537242175802405,71.70873106735928,0.11949249300922782
399.7081419325111,338.72814504210675,0.5343246712663531
75.91487125864381,120.55102401700164,0.13818253144875284
400.0077973798006,497.0851095022932,0.5933152625124026
185.56984951396296,370.75799935008035,0.30476151312853494
25.67619018077649,44.459629143101466,0.06645272600910927
7.348206222482957,6.624297144374648,0.009559122298438326
5.167724271376523,9.681302194556539,0.009170481492478153
26.21534600904973,29.55077340130352,0.023208934364390893
248.31651832872913,432.30617614464825,0.26121064563522256
75.41910476933191,158.79122879948397,0.14646988686932513
32.38551603271827,76.27006859728237,0.05405370106419186
0.8634554011089798,2.7075662519415213,0.004997717951806236
42.186136741652945,90.9360250907224,0.10990983745392631
18.40885706786855,26.613818599983883,0.0526926405256087
1.7776263253885367,4.472873585722134,0.00405384076730744
22.907741939666145,60.52785986531817,0.05049270188208855
115.02542882350069,159.70096022008428,0.3000588513399053
4.889252407400146,9.52038093602992,0.009164877758844512
1.9756610401465151,1.624622309903319,0.004781274730603207
219.4782792886096,361.57913465798015,0.2310229624676623
11.918939333282006,16.91841595501297,0.020179473973878283
120.23219945018023,268.5295662785223,0.20149408205163702
42.62196086222904,42.91796584157041,0.05803300450898584
193.35729273473328,362.36355596856293,0.5812667116316894
108.9450011928946,177.04421513686603,0.13056718026953593
9.602227728921175,10.667628468796506,0.016159740310811514
4.7469346551802385,12.443357080205002,0.006273007811926841
231.26318963329234,399.92592631009006,0.24904806775917998
2.2796316246388857,6.060274787486452,0.01330526830604658
13.547865470887796,26.048529607421262,0.0290711656977694
150.33808090248502,336.1149354995757,0.1828824224012809
15.350343632681573,35.45320486651928,0.015722414698864783
11.094132508233578,14.738400865828808,0.02336495301703236
101.63541979015093,254.80015449430763,0.19863760443803843
70.06329639577531,70.21508059554363,0.07952014313618933
3.564189033982344,7.008705257690736,0.008329336814383725
60.53645762316182,105.59010627628598,0.15347299608487353
1.3546697872628286,2.0987445544954544,0.003122500194188069
139.3294837801983,380.6916413128522,0.31017747061704054
34.14970784972728,30.476673668087294,0.06599210554424491
225.40884581473765,436.576849494381,0.5038635549542744
0.5927173497593685,2.0753589392534315,0.0026182449881785204
0.8323750042133683,2.3138965072955204,0.002016443579115213
3.1444539173988604,6.206081281713777,0.008335343236459678
13.037330131079633,7.607665185388262,0.023734266174537708
2.1057508479528937,4.394478810218401,0.007251165037151939
69.369637118694,105.57905055267437,0.17905277594399413
56.507641268876434,142.7204756658587,0.0858052491091307
164.5393150574832,300.8274641742479,0.47402367438128284
7.641823434043433,10.994937142130262,0.011095978149830137
16.919846108509844,38.05717008962842,0.0358759646613388
10.785869453838611,11.567359465653992,0.030277821895666055
31.384320651315917,37.861515498054814,0.07386366020249842
132.58242751642683,336.4708569579843,0.1886728859061626
160.04249475223276,231.10951047248764,0.31683334078803127
84.79575461796384,169.2724353680648,0.10541923185561486
6.268800980544409,9.221429006872789,0.023199457220206166
5.6913281898855095,5.458622293159361,0.007168851052351551
95.84603858380765,187.38207511885858,0.27022626930567695
5.283809199020509,12.584898594375117,0.011270240181556996
139.19608567795544,320.68366865841216,0.1741791863175626
4.000304639674853,3.8004765732588286,0.007422081974549393
92.44288067275502,182.03547181254297,0.19431442469767468
6.338684229695489,5.964761261268736,0.010458141360612327
12.856177564165101,13.238640780554777,0.025353863874573807
4.633932666952863,12.230716315680523,0.007506668151685214
5.33363996347201,5.556359025940666,0.009233440105786118
25.356317729832625,16.697964098710504,0.04011363448441036
172.37744740166235,416.1938234036804,0.419005054383783
44.455466808426216,40.28225596959002,0.07401517678368065
5.403936245145724,7.8810367001287265,0.004673700559300564
89.78835326847411,195.16869835457194,0.3034273156334304
76.4875201710679,185.68985339983448,0.25566150867505066
11.522063796593145,16.82730842944302,0.01539106015373201
1.4692878029702041,3.2378079164205786,0.002958581794869692
142.30481226552493,258.68547216592015,0.19332122105186142
8.51007470530446,25.005219684608246,0.04243414796654187
127.08715071506975,191.8807657097771,0.20232511048758428
2.794332234981668,3.856562722861995,0.007529388184043044
144.8011641554116,180.74987447611386,0.3535326937757459
5.306552641958577,7.207225345760891,0.01063247660970618
4.851324842234708,10.550562675919055,0.005655361138187818
68.28964055811737,207.453828973366,0.19369072162922843
2.096737835220928,4.890904349187227,0.0029836119057431595
10.098919196508929,14.640827749975454,0.012881046290947646
1.937227358127698,5.651361494520875,0.007984858507053744
134.85093596780598,208.96767508699187,0.30881633184240115
19.724667034995047,30.30142677076379,0.029117820589396184
46.98446420913709,46.24772305753573,0.08533966867640472
202.12419032064727,431.1416913441383,0.3485259069150566
4.074160416318074,6.249304054465503,0.015959167825015715
36.11306650569253,28.60867433339458,0.07236087924105522
75.13303537547374,100.7699035204303,0.1370211973110082
5.304397989642433,7.951068177552737,0.021764223344330702
29.979340718391615,47.1222566084092,0.06791757539958748
59.60845516467449,126.07527570128026,0.17958453912611316
120.2324620766034,198.33967734857708,0.2272076171202684
19.01993873871351,47.60804529479849,0.055578257799110756
9.007711516069856,20.659285668167172,0.017460601969866634
14.626434406525831,16.87925266595185,0.024925930019130845
43.48457332425879,119.69784520253104,0.12134236010145566
134.84402422771353,223.01683576098637,0.2836079023287045
119.01170715217675,134.54259975982026,0.2920216521185088
134.0965125915355,210.13947426187065,0.29840890415931354
236.9182494788254,542.9227036689558,0.556034957676047
2.6859585225983524,3.549153379138116,0.003700249454275075
26.222418780241725,61.486146372039,0.022528187023469145
67.8579927742685,148.0528567772906,0.1972559897255947
3.900928940700263,7.818154598471134,0.006899394860885188
8.922958282187228,23.14930039629165,0.011223603071596963
38.71308486255085,36.86923441948795,0.08275290120718742
4.62549977301077,5.444381295333885,0.0043672506563410506
199.85709361782688,384.31278470664654,0.4692406525707967
92.78789616952785,162.88396835365984,0.23290541605213472
91.29655132344713,160.3270225852638,0.3461878408339531
4.06117260085609,9.73249743846689,0.005857549464208949
16.14337136625457,14.300462927030098,0.04340911120166165
28.76129329488636,56.218528236287575,0.036106812165084816
53.66973456542392,67.65315473455686,0.09698575217616263
129.2085526362978,195.53836955838833,0.44052368426744176
36.639255754698944,49.75072441924968,0.08110345182522072
10.936198197973283,24.111069649013196,0.022247842842802353
1.464740832461701,1.4680910701993835,0.005521181156013488
175.10912298358784,329.8874591121685,0.3011416834932682
7.203804824463801,11.627298943816108,0.0239347343810259
1.3493541930411106,1.1690597247242973,0.0038951832139338914
20.514339066385656,34.830576150110275,0.036586010027197476
33.44129692068315,46.60655446974637,0.09649984310472866
77.0476965247164,220.4769976359089,0.21695303851336895
37.65680420473758,83.40509737389391,0.11202288937523075
11.765290037615257,20.943434320366215,0.018368178879205825
20.304639096672542,17.440271943119317,0.026994580470214545
2.3150985373808064,4.896161773613204,0.00772384652489884
4.534637604711335,6.227218221230404,0.010488078193325097
66.37784061790201,111.27905824121295,0.0787330372871479
63.59386340706747,122.62576866305768,0.10177423341478885
11.646703230339993,14.494538779679948,0.03230093943019339
86.79210978927391,96.11057627161262,0.10396937423080078
79.33290484282756,187.1440066577339,0.17190584125778285
78.66173198862921,90.4538663142011,0.13765962063535692
12.001812278492949,10.680011877086026,0.02218844965532495
100.1923311455593,255.06941744886,0.1675992484787463
2.4789876522889474,4.141407597560433,0.009804986005827335
8.565855787810415,19.369363324467727,0.01244676597732149
32.90684773342875,50.29377420954884,0.05338482924880389
31.74919847416795,49.42472273710738,0.07986606205105144
122.84756627271972,227.40432005956663,0.21105099753942488
6.579983485293462,16.69247629281872,0.01289587922212315
21.83758023599108,24.35532884812948,0.020689345941868224
57.56643505345652,124.11343195600055,0.11549112004623824
0.3653926603566837,1.065754575733562,0.0022835913736206632
0.6199999158158681,0.9296492859641176,0.002406026097805
81.14498828828582,91.52044592653559,0.10928082221866503
47.33077696684612,65.04758571688114,0.060271994061067834
15.862174337136222,35.11134239943585,0.020294140968908244
30.827329100751804,55.092449613495376,0.08264602675166959
7.392105468877632,6.62666963080819,0.014054012029143284
237.7466314235785,509.40597510289547,0.5013590194775752
12.181036132814283,29.7772641379173,0.030784514518749338
111.57998167887702,166.67307196577104,0.17325746667846909
11.17158596528806,9.97970831766934,0.048348562708463376
13.26539976995392,13.824245524952078,0.018159012905286265
15.580167362561731,21.49584199401438,0.03185620025297433
12.94085622177,13.513776701375333,0.025199091040641743
20.41343319106892,23.321621827104504,0.03406140499616061
33.18642234180151,63.91984922307172,0.0507692581794335
5.925532276238041,9.314372936126757,0.010237023851756647
63.03066557507937,91.41272176790261,0.26317107426493785
1.8804635728825063,1.7978801708510328,0.006451918927021896
185.18860848694308,303.61246703321393,0.3915966451384119
52.61647748505879,112.77250916741045,0.13758473973691393
32.83091830325984,95.39418454653244,0.08829709688949842
16.401296396885044,31.642376666595755,0.03574176110464532
12.690153594048196,10.974641093463335,0.02153459669373179
19.01466154858056,23.708242049667447,0.04473858769586383
25.195933153394506,60.58478052919626,0.08713583937261128
47.56241631248355,49.16323424131471,0.06721933456322245
4.852929338730225,8.206831175388144,0.015559073817360608
116.95104823942256,215.59695450733363,0.2060379958901575
201.07572592309944,389.37681154049415,0.2963026091138343
2.907842364976046,6.045539238932007,0.003723593003219
10.979061882070852,19.59143925436487,0.026607785985751396
100.42829848275814,209.6965857663485,0.2831679021230818
51.547026285172414,98.45205366035523,0.07204368504318763
35.083237017558034,46.405447675213864,0.06054320633520593
6.741436699758022,7.106561032674768,0.011793407231922352
52.435172181145845,41.22619216414369,0.07271768502345013
41.16953373995945,111.98958220104974,0.183591221456701
0.7901624295560782,3.6438598792586605,0.003759459887851619
4.210904704011888,7.520462250072192,0.015146132917353101
37.31213894135117,25.57938873726206,0.04575091553991197
4.0212914304752525,6.047290217547179,0.014839251566220355
5.486710770545385,5.191210058574474,0.015830388084783643
8.110749172107402,8.150171441586908,0.014017257504516066
19.801969011139686,18.246360555026943,0.05967637245565913
183.83730029746235,325.64785076330026,0.24365566635769134
128.4491132829278,389.08323455179584,0.43657962796845184
44.41168689847998,102.32894091288195,0.10276357749500285
1.6530425438966108,1.1842307132436403,0.0037618637399856767
108.10415252199945,180.2169485735942,0.14995563882792012
8.765723956624624,21.93755802819222,0.14346200342722165
62.9336181388887,106.42524542971748,0.1357740612899257
7.865699943671109,6.976690629661064,0.022995141754400338
37.890367719166385,38.614398221279586,0.04821543209358185
31.464290739833316,37.27990570761827,0.06205177200627683
87.94050495581664,182.85407271016646,0.18620717941215778
8.929197600474158,16.610671969452667,0.018420336020697568
82.43309538962912,163.93212283160412,0.18188638943046512
7.698624089671983,17.127788394798362,0.01374033822184699
19.975736420425516,24.431593906510297,0.03950775052806067
708.037585737085,1029.2348266457761,0.8165425692100602
58.114582052499486,85.35706060868678,0.12771021560872278
15.114877238464052,31.226462389562705,0.05584064418813097
20.318636127791894,31.666427538870984,0.05732747531415653
37.49374595595938,28.862864285828152,0.07328398846495557
52.29211560677521,55.85627888823126,0.05624977573369186
273.80374340360146,289.10013260485925,0.4054604843789263
36.535340076818564,84.34792902376616,0.06539248760076849
81.71312356515416,96.8176136882903,0.1324381462004517
54.69608012022686,67.09347622917055,0.11317431889960652
0.37412042049272926,0.5286133024545765,0.0019161514490795473
36.887925740371244,79.36715352274341,0.13549409494591072
6.847063125482882,11.065112538543536,0.008335489453447711
14.828800626694981,23.159625516204763,0.02837950514049509
88.61872009474423,132.28959937547506,0.20776626845751614
136.14073353889765,247.9571293762085,0.27126770242089465
115.36909560161182,210.8524698790612,0.21945239329386637
0.8093298758118207,1.1993532908839006,0.004316892946039717
45.576291793135375,90.45528603739662,0.06429211585381167
9.357274485363236,11.710537452139302,0.022208743431335817
20.665138448107992,25.815058942407425,0.05937697731389166
60.6523976764472,136.55976602194863,0.09406965737201864
32.09596059168336,21.277897153442236,0.052205504128885624
2.8027172811607786,2.209586429177543,0.01033397387325827
53.125527263380285,147.3200980161943,0.1386750362568756
68.91067596220837,127.93276460862671,0.08544157415691807
52.597446652155824,96.27823248529735,0.08721130729339627
144.81406308375583,319.7601967052152,0.4313822983533159
5.338363716034054,8.605875279000292,0.019612902044970543
6.788232012155134,7.714418647373856,0.009563314095623764
292.12731750693985,550.6644558307867,0.3672224671600888
97.8276005467599,244.0210043673846,0.2483801599141942
75.02367375879291,269.9028498321659,0.11136605716712515
52.08959592582043,130.7255044819075,0.08785085921105465
17.8028758128295,16.985898938064178,0.04890144118699919
15.566465731893008,18.103588660987516,0.020711749477464136
131.27800262520387,250.39835109506026,0.2191747311170414
11.823849181295587,23.94736373733644,0.028740130716296716
84.4894493344484,185.78237358544771,0.17478018161909215
9.260539099689991,6.743955571330426,0.028268211990825663
104.2381094042249,230.61384100267142,0.23583821681596306
2.963470182611003,5.380186705693505,0.01197379663264111
151.131181774664,201.67117398519946,0.5250392478782827
93.63500891632701,154.52648689157724,0.20662078404506679
3.7947502738727206,6.179951814943039,0.00832768374981378
129.70289620351502,256.08529567057246,0.13777021753432211
2.648627939496993,2.760222035038995,0.010201936460333755
30.635097222157192,37.43394387895575,0.04649588560892293
200.2957030052844,440.0262408950271,0.33706729860210766
45.37163246137058,37.13892240636931,0.07638035665035241
14.901943003049887,31.90125508744141,0.021823287657858917
9.944907583612512,19.210186626635483,0.019432141323894533
17.201228106989216,26.540653674563774,0.03387240857118116
25.689520691036172,46.080294054621454,0.06168618181044136
40.97592617529304,68.946840614786,0.08962953863882936
75.54476362818761,165.67444189488933,0.14587090200617578
29.66436860160885,41.122779892215085,0.04568267587171184
7.9198248736034245,13.073959254148201,0.014698474813858166
33.353392639889854,136.5576475860178,0.12685170295851686
74.10504763788275,139.12251311433099,0.18910925418168878
6.433076098001185,10.351861505121827,0.006604325655576161
0.8446081359418951,0.9373238871484254,0.0032531856010197566
117.6789339746333,227.2720194411278,0.36633789200952205
33.161446300736216,56.01203433354432,0.08037513627916175
225.8655243742448,418.9053853182083,0.38659617811126085
156.05294586111557,327.83203673671335,0.30184330277038457
4.838375111720505,7.077434328577458,0.011554353316737103
19.922920722249717,29.503997279175422,0.050644357174743526
52.14385025291088,61.80115210466613,0.07967275721312181
11.24926297784604,15.755800292331589,0.02389865692209298
3.0597055579079973,2.9539193598702287,0.009153582875778703
0.9087835081546192,2.5397048295881888,0.0021681024977482865
9.332339515654413,18.398630549381622,0.011469343723701286
8.91349677237207,8.693431402408043,0.02746488540573037
8.522911745839666,15.463517354640896,0.01243885903021368
498.7300538134475,710.5086272359431,0.6167395246744319
24.487699656167706,43.850360667896275,0.054139840749175334
4.581714903977186,7.418500492512553,0.022879778953663114
25.747166860282285,38.20128521725747,0.06562674480243329
69.37852952270279,192.95872743283297,0.1565938666111255
88.17619455537981,114.44785188689804,0.12274976276622596
82.66358842033075,146.25083484047738,0.1337027759523291
8.120748494966554,18.889501503101883,0.012722233642748987
93.4639439084507,144.30667087197207,0.22258349441989475
85.69370817960977,96.15795212456052,0.15438675830279158
26.321400521772915,42.555232474641315,0.07256339388401684
66.07863802030275,106.02388611502512,0.15273904840206942
46.64850733609285,61.73185400281359,0.07321322445499931
13.937231452451227,16.343377270314026,0.04180729129585622
25.215981630185183,35.42726001732486,0.049733706070935114
35.07502074123649,60.856774013906346,0.043362443412666644
5.875608947379508,11.48829343247507,0.013319423613094038
133.64817816251096,270.52472628654056,0.2903905186318902
11.696643262316723,33.66865383043955,0.011441459264724643
3.785175764436783,6.335476832127415,0.0077407779507531
33.82804735120495,78.94258413935967,0.07660104651033033
29.583356291586828,30.762803443153125,0.06161803458184376
41.11521488264241,47.40523015872453,0.08004422063173666
16.405776632374476,21.582985169531437,0.03464427536766447
5.412383460283829,5.937341567789639,0.007994967177475108
69.5632076580397,95.74654086491496,0.08823134184807406
29.626497428244207,24.76749983601405,0.06390866794908537
5.205891732893937,8.344043391413896,0.0072765794386539665
56.93477363265289,63.12071587100141,0.08780384504275222
30.589485275423506,73.28585520370885,0.042529079016497676
70.40180320607062,104.37267860819526,0.10456820676398473
3.406480931209603,3.6417723371706106,0.01300108634630535
166.1695767839003,424.5722969460775,0.4821670950052538
49.093269115168326,156.92222956565288,0.12018959110672763
46.12164654049193,69.35970544892733,0.1643284871211601
34.086437136414034,31.83374602693733,0.053106911561352145
6.436086686618462,11.69629087654553,0.011959262907139627
200.7481706304101,419.6412531193487,0.3517110698475659
18.61434550869793,25.158252817245003,0.023968017217842863
34.226347397075536,61.73436466574872,0.07445620533648123
142.43416324146668,185.60318395685437,0.1356959532535935
48.39507006886569,111.53134183618548,0.05367849286741589
136.93507304460957,264.1966832270507,0.2047464448218846
8.735003342490876,8.714927192004266,0.015858448373879275
185.50967854942076,310.0579178167398,0.26344209615225445
173.36615182967648,353.7815089721372,0.4309507041607587
2.0689818374692854,3.4023789568179708,0.005360518930312616
26.71007036712206,40.95416413297152,0.07838074301847629
79.3517458744098,169.82163706167617,0.11098087473093245
46.419670483291654,67.88014028329339,0.10092146442146686
26.076497686085045,44.128462452303935,0.07016389694072206
223.64375142228005,380.7981742508465,0.47678139093849914
2.3326828933102526,3.5351891910416073,0.00911522054069117
101.07440698538392,213.91138244029563,0.17453360406083074
2.573117947402462,5.731263406495482,0.004777526730090951
0.3712985529018531,0.4828675951832657,0.0028244264599962157
36.11913541883912,35.36863116984172,0.06361606538401626
3.145610326991208,3.6120206846262874,0.009877882441543988
23.903721616471994,26.129967351939364,0.03790316460999278
11.222304341270318,18.77237330018471,0.021027561760529834
7.329617250913241,6.662227805277736,0.018350650129695355
47.87763776848777,117.02295607498385,0.11017242598756802
35.58093278735362,70.16165502813034,0.033629886899210926
3.8183207831296735,5.124709295239525,0.013733786271864288
49.11326652403556,94.91698174195157,0.1129058100464514
105.6186957579253,149.30921688188957,0.19700900865655965
3.2270924643989143,3.7032681123196793,0.00839150935304888
3.7150596360016555,7.900128637847961,0.009321104782251654
28.48805516802843,31.807368786419957,0.044611486057836235
247.07378842035237,552.6175704351564,0.7622956772853642
33.02602450161574,43.79655399857659,0.0776125425039931
83.59442011215668,144.1635494923774,0.19018246424901525
8.217113223901661,7.541461045422971,0.010801859133224775
115.55349602739405,270.35024452837786,0.17493389447544103
11.898547998095406,10.45278187836029,0.02475680450290732
1.7169683035982466,5.17546548186113,0.003389991553138205
27.466694986643557,20.304527439244957,0.054272687881293
15.485403492605604,19.08972771889743,0.03709083375379151
38.3153418293498,41.019984563713095,0.04739526291896904
8.423298229080945,16.903490782822093,0.00674738606128211
2.1580680205788827,2.0813179389546126,0.005475426800299233
26.84064721410633,101.57438271324082,0.09811155290141807
42.90794004275455,55.58602538565422,0.06078074147262343
58.96964713077902,54.37973956429028,0.08468034579972011
7.470412980375147,21.59509143214691,0.007858350125607632
0.7102348286573384,1.327762463934644,0.005684262100625991
39.64846701655924,57.32148994802333,0.11192996352915106
9.326143960477557,14.317088597297197,0.026872951663637824
3.017580311471208,6.0798692590559575,0.019857547249470735
42.386658908729444,68.44123334715223,0.09979408896557142
45.38901017422409,75.86410372933022,0.13035123317555783
245.20580649234978,415.1262599900292,0.3396884852860716
578.6324418992267,1334.1772604399262,0.6803338833221492
74.76971826817625,82.88511415560798,0.11330024654572116
59.71978881694967,109.9350089991196,0.09670730217474763
7.235858256518324,15.47257134972781,0.015702942333162176
83.26766841821976,81.24689058438662,0.08017107156221844
26.85061375678905,54.00464662153997,0.07397293550952116
60.836494476461205,101.76925051797912,0.15465812899071604
68.70192859622492,96.85256234626307,0.1609232973350468
72.1686490875801,187.663296187664,0.0963076195034035
11.589530220330522,11.873626999095325,0.01604856346845832
88.42092673196889,187.07353317473857,0.2092830414022194
120.03686713438438,199.193828014537,0.27110350154218626
49.076423896879845,127.18202120569255,0.13856320402618777
1.297053107625749,1.9734108653644482,0.007324643756072926
36.44746225194104,25.848691290835973,0.05655619601350745
11.597085744726476,9.07291696292334,0.02909641383214741
48.77714584010822,44.704707038345965,0.05604849075701051
1.961478705720912,2.1097173454876756,0.007685381241559282
38.4113042914707,32.55776116958045,0.0560236603432538
28.277423135340747,39.613169590528024,0.056756074189411816
1.3565685763801651,2.4841976102755368,0.003971913240438808
1.530083946211006,1.456164351270323,0.006035732548076761
61.40461442202524,57.24515542097855,0.09391514091239686
1.4765243951097822,3.0654947592823834,0.00741654376362695
20.66338175491219,25.420389946946866,0.03210831138452391
112.43507326354221,327.3327012357869,0.4203528418067252
28.673371896855123,43.252255864475025,0.054680406828122835
17.165475652048794,42.745372393447326,0.016956809822939477
13.556551502876639,13.289313081891564,0.03150969162118651
28.320557730603074,23.989609670367933,0.04519085368717707
20.459835526765154,57.23282899003494,0.06415649127084616
62.955370796598174,152.1947298902921,0.07809057013597585
8.57737202524714,29.123140679367914,0.006932355019602664
4.783085247263483,6.807023838674055,0.003728292477193484
70.18088476039861,114.70363725173605,0.10901975135439373
63.46169220234287,120.75707545846919,0.1268261131826138
7.1179786440375645,11.625457815401589,0.010593191539784193
68.47846631565716,166.32434880466715,0.25115134533474853
24.364885033111182,54.76833831924887,0.05640402659481401
102.26117125866399,267.1037023332937,0.15856311401057085
222.98852371177153,359.6791259028913,0.703440771969955
67.35260922902435,118.63491910997735,0.10093295384257357
80.86514647180923,135.01623591233752,0.2895002004652834
16.922359329119196,38.781595202416725,0.014491980495754385
40.125705073182104,65.93567303627434,0.09390930929842126
113.64822337180618,140.89139881271353,0.10908914393806352
63.7871875004444,79.0858787738637,0.10786610221382613
2.2997468585008556,6.0114615062942125,0.0037881237667295835
253.36190609275937,485.38916825011705,0.43060726879445327
82.71138191871071,124.95371714548239,0.19214428949088802
115.9521307897568,123.36668392273137,0.18761143617211193
45.38905359650637,55.39178318772491,0.09461563352969546
31.468943319088364,65.87364008641735,0.03181577617629204
13.478324122767887,23.33393095478097,0.02573127382940229
49.237110753890306,75.13017968441562,0.15114111259378274
31.848315085595498,58.61858713761747,0.082721765737846
10.215312366399568,18.79754536477737,0.012713251399738605
10.474210842309567,8.904639233771771,0.030227601681750392
22.48969328384839,32.40673441597959,0.05095083505264618
2.0824304119388812,3.080068508797904,0.006502351619443369
3.0835988423043696,5.6852803382711805,0.005482835088688847
175.29562096840078,257.34107682986786,0.36017604307314244
142.10480595036725,225.72216136755458,0.27705705842429984
54.986078349922764,45.45206933408375,0.09086108706188842
1.1353741129800463,1.7528523423173852,0.004592087368859824
39.33916345963023,73.82546605649206,0.13301086189178263
81.26977662555188,154.87098629847821,0.19811605073334193
15.984960779795509,23.33261719224178,0.04514915738994593
116.55100225175573,205.055618625479,0.21233430876424314
47.78627242804052,87.28418647177018,0.12160679757598582
33.768323818748335,59.6071670932289,0.09412776053829876
61.7411096079694,92.07903170735919,0.11613359747748325
2.001131381956241,3.5640141490821384,0.004324696783194398
11.206862224370152,32.65724595846774,0.02764452537037557
191.30492301902396,251.77532754392968,0.28402067503296297
193.66558080178436,451.54933626251125,0.36564224510294796
96.26735540039526,200.09033635796771,0.24665689504148566
18.410551517420945,52.79740347551372,0.07691447189253862
2.59630531257,4.142929493753861,0.003625067994768965
38.67292219895997,107.90322120649118,0.10649707334634129
2.828275535972144,4.475062178863279,0.003178442074092505
17.019328144296132,25.336767844335764,0.05289646209073869
2.572854372827212,1.9960338586456345,0.005401577439693752
23.863523292124437,37.52438279049629,0.027656317549103974
22.286027426248147,42.262640410228116,0.025946214609421633
77.4983255212266,207.10855937050977,0.12211607054184008
28.532129991069073,51.39854822234072,0.06958787415394228
30.54124452722232,30.6147535954849,0.03796540680410682
0.5525573973207333,0.4484583936158259,0.002267300380025491
71.96335694453323,111.78334877010577,0.20349963544938604
202.76409500370565,262.232862559369,0.4759212511525025
3.316442581762271,4.872336530800384,0.010093534870824412
8.828389904786773,14.07364611983353,0.010144878059457772
69.3360141477984,167.20001563938334,0.10718361708848426
138.2581787316888,262.0139437172076,0.22873218691285155
19.0465928870398,15.739326151998641,0.04030455704034951
6.463740576831177,6.18981462611506,0.020805546853057334
56.18697753082423,115.93751481944346,0.05582482334070075
12.701793987746042,12.649616171669019,0.014846763497275784
13.395712476869205,31.58196212299321,0.032606974814060795
2.6871888335087237,5.503263033126914,0.006681072338629467
2.2174509121173984,3.80087833673031,0.009879746437364566
11.527777606352233,11.292936125053368,0.03132547177643551
46.83067799944469,107.50241924919311,0.12638957006562745
1.2013284428050348,1.4506206777125843,0.005843423569654439
13.806111494755768,25.58674046198976,0.021477816690250867
3.4733035475368386,8.029080784121128,0.008510523779155716
170.88892179053065,358.2535359473536,0.3074023558049075
15.098200363312126,19.982308895866943,0.023504280663003654
51.12893629923128,100.25826232672206,0.12649883758286365
13.967125642474715,28.166468015079108,0.06332272006925171
5.486342071038614,8.293511415497566,0.011134833555571495
14.547574609466384,25.101891057240085,0.04114490285196057
56.58266462196453,62.49903710373374,0.08311850253972977
29.74787472698894,58.102397579319096,0.06614260696024098
2.5736436726542085,3.235847976701187,0.007869730709560183
53.47046232055128,111.54501055446877,0.1402616793540342
23.85856285861386,19.390008352875757,0.03977960033339823
34.47237970289296,22.799686121787875,0.04315081568196232
47.40575024498881,107.23974903945123,0.11990708203452081
36.667093364690416,71.07007724190049,0.05916423286433302
17.96126753339236,23.38937401705905,0.033456438079662885
160.2706712186206,312.50573181440063,0.4747411226967499
150.55349604880507,265.0603846222341,0.3835499139943358
119.45283750380253,218.08434628236117,0.2684409155046476
36.762551016930026,44.6352395892493,0.04690219799141535
0.37271391450992686,0.38471969902021796,0.0032630765946202343
272.8996047630554,508.3493538381598,0.5152269290108094
5.414204046537723,11.575788534061656,0.010078151553271615
35.26397758489701,90.79090028542826,0.0908323603550453
27.842920006595644,40.68484959515095,0.0663298954067727
26.090168215939542,21.07711514110336,0.04261264129715143
1.1951891995038528,2.309313367537271,0.006904784867576614
18.202411950865155,27.342423392086175,0.048856170622639326
99.14460606526363,199.90957190948413,0.17199365195961117
112.51847280004918,210.74006824795535,0.3136401171405312
30.85452332864223,35.33728945752006,0.04457685785922438
85.676600066503,120.79131625047017,0.09844972555617235
11.709329071608535,24.149002194517596,0.017939666403340968
4.394338022636774,11.489670981937797,0.009397815775234028
227.5027117431387,364.0688486421105,0.4203525117652236
42.80481748883449,73.82536998168004,0.07655257067679316
1.4794038835693661,5.964347009152859,0.003996771688794877
108.38826125174937,186.98417564621346,0.18970146440378458
49.93964455848651,60.61811799960916,0.07102094310269093
21.234946645452435,20.559891242334317,0.039080723434001395
2.0723951567485526,4.5292198444435,0.004757138543858092
11.244439684271173,17.595474968601874,0.017347156123726285
1.501884526782107,3.17994199112664,0.003430695220042728
16.813521954294593,16.897226686516362,0.033362560783530844
39.55183364850169,49.770313394419375,0.04291507810376296
58.14254287146216,104.7236734816208,0.1223602509039183
8.285764404641927,8.453877127560485,0.01735106806162962
69.22143340461076,142.63731417517909,0.15996215029618677
1.3045000158371436,2.227145526868952,0.003916813500493513
4.3452520158733705,4.383358345891395,0.011478369786651033
34.484447766482425,44.386154080927994,0.10138574802994156
23.16748529432718,32.21819532323467,0.04455834236480692
103.96987215806082,208.60365445328443,0.20660448684924687
1.6749443142803782,4.2596887277038125,0.003467174911774291
5.209556657345681,9.706964803236943,0.011730485408335902
6.389689089168279,13.028213101785663,0.011590873053914664
43.45638443244798,108.45159802038374,0.08359900087624943
3.2475213869162944,8.887922331798462,0.005161578845806009
190.42149993622257,335.30126339920537,0.33052322105271265
1.961186210483847,4.077802785776993,0.008567334106031643
67.91060886650271,186.0267662489794,0.12800460754003198
14.461919901098451,25.87975147299848,0.023449606330062833
98.59094380968811,196.03716645940403,0.23948848880310822
43.95596753897125,93.80955756280181,0.11314485782638335
2.8367632280752697,3.107846838326772,0.009204556174926205
24.131585869702878,45.75520146934158,0.05744330008948483
166.69210003200206,301.1867842284066,0.20038066962354922
286.62422935634476,560.014227450129,0.32408542640474225
66.74601753884863,92.90274284062407,0.1419427622944864
46.86933715068428,63.14854166424086,0.1761011768136129
34.36287446048982,36.97999047152386,0.08459148265168107
12.970039061065782,20.026825693487464,0.01665358555965626
8.56071122128979,17.55286413263286,0.01336739750339333
57.72014791930034,127.51547999202836,0.13996298243631522
12.900830392783142,15.326028471865664,0.038330073151441546
55.01569407479798,99.42895494351899,0.09067660309881174
21.892461853735824,24.908215975528247,0.03364840948167966
1.0162385037417234,1.704421311298541,0.005002002695054605
32.792062347625865,21.713854914403246,0.06210842409901654
103.7661681873131,183.17046458733117,0.26341568589523096
4.160138792159522,18.504667240568974,0.019482375952470307
337.9526259129961,551.4062157015073,0.526499013503324
164.34798731808849,302.95311677257274,0.49753351084208075
8.419036325030232,8.294179128125997,0.011980657497191658
7.3064850029411925,12.324299348331333,0.01334782672410684
2.2021936719633817,6.008731921248383,0.009825999707771475
38.57383974179138,81.07715046342362,0.04846652989587527
38.95233237181781,47.595044806665015,0.08005395199195103
13.881337390842337,20.949783238718304,0.04647251182086085
62.360570686609634,120.75674461228918,0.07775244330410722
60.167618390004556,44.947453110169484,0.08957422148828435
6.30845659844648,11.388986391717726,0.012969254229433173
2.111264516574368,2.545517751663386,0.0058639171630102
201.39216172105083,361.9234234133775,0.2908858959362044
4.528580437500128,7.363446375068553,0.009459302364449095
9.915419658403923,9.34307618334459,0.02463252572488098
42.32508859691003,67.7140361724545,0.045453369514273055
27.314609576237018,51.38340890475,0.060347768492749775
21.274943513606505,16.989931745448555,0.036679461122945144
61.79888973862945,82.40870886469914,0.11552780063058614
95.66527926020055,195.79847411866336,0.1266221694290914
21.917198904495457,18.328669716438803,0.0513172489375233
23.872827625315292,43.77928934020749,0.0841236056892074
11.505452683819568,20.936730234995792,0.025264888768724566
16.960026705925163,18.2161072638926,0.05096838182769439
20.43678220517232,29.251288817174917,0.04041819054905544
45.28856416502929,47.31825008143341,0.08534183658645568
14.76315987247223,12.521636377122483,0.04381720777830643
17.18521284413008,26.472599831552103,0.039668746528752234
30.42219828737095,57.06878542193452,0.021586675125096107
2.677760957394014,2.8086513242250475,0.0069298515960051635
377.9342943071314,710.7277414778089,0.47097184883361376
26.18209643257982,34.15263752361088,0.04701768463596838
213.44238575716327,381.23398399605946,0.3787996872013253
14.81251347500159,16.78527124057887,0.03014820882926938
53.190458374837924,121.71332054062525,0.1285039020306658
0.8153013507361214,1.0453967782395877,0.002650705202856614
17.656433799729136,18.09587436502955,0.03234016536309503
21.87566244642784,20.066396888073594,0.0439590579067639
111.63343915936466,61.73629983039617,0.10424361127769241
47.26918934614455,88.54024800621721,0.13383443673480014
0.8903178585702722,1.169320227867332,0.016352292513223825
5.385183329331753,6.990001249982158,0.012221878591092162
1.4333419126396338,1.7003283309701043,0.004965830424157769
7.89608326035973,34.730236278714685,0.03393273961749663
26.520612558726587,22.31875976591121,0.05572387917280286
1.291026859577947,2.250674703184118,0.003565311281023793
40.054866052560484,82.99975068285553,0.09919927523739984
0.8869397768968723,2.4601050220312652,0.005092021693114339
23.117945634899563,20.649050458942455,0.03832850192629365
50.48934786256945,149.80604624169368,0.10122342277426659
18.239114699202705,25.88112369631769,0.039050331171644234
53.397785503401074,104.95083713735515,0.0583165704356889
80.48779884497598,187.9090990794531,0.19317263294332507
194.5847075631311,331.28457987844604,0.35268232726502985
131.18826415885133,277.4879254265809,0.23989430060567762
5.319585685257829,8.591787231618275,0.008599575059385056
62.544899727408186,91.2730213841875,0.14561093758512822
18.416752968960086,18.49329720666179,0.03788055477267669
5.868066840986144,12.107858779481857,0.012521518524461142
20.625745694641452,37.561371004537534,0.0732193184165213
4.548895534955305,6.082373489209435,0.010507632574818458
54.297508856141434,84.29955747484057,0.08136531215800187
2.041050540207382,1.6293127537273049,0.004969411993906339
94.37293083134607,77.50560260775379,0.15190989170488184
41.567495194601356,59.063052349308286,0.0945291700923323
102.70771773654684,174.78547481300023,0.19564002699874955
10.51916006200717,18.185747766294053,0.009950056217232038
28.718136739643867,67.5784435736933,0.07485228986438282
25.213114260295693,24.451664749709934,0.04684366397696994
2.038396830894583,3.116684469377044,0.005471782717580208
76.84478146624404,160.92523006658195,0.21646421873076369
302.24744820377026,697.5519429297598,0.2928174771137435
118.598690591613,289.8727432199918,0.37428197470039176
134.75261369682804,267.44058048507304,0.27839451170973084
135.40173121655957,227.30941324863335,0.16406129342302267
99.19744403204739,162.42067586910113,0.2161215164996256
9.587484977480774,13.071526210997835,0.02271482146869733
8.836177127722184,12.269335058375896,0.015531333772149374
79.7293475196992,138.58700939552082,0.1153295751841753
68.31385851023155,151.53880690609614,0.15588226054778426
0.7336885078538863,1.0518984414740653,0.004016427571165056
40.944761568216215,62.62151875802658,0.09377258965024905
20.271322459392422,22.273700267516436,0.030681785618677446
4.334737998053119,7.392444961100827,0.006015047057289589
8.891843239601439,21.264561943076906,0.011188078396182265
108.190290653244,183.93281879994143,0.21870220358367307
66.53928862586378,153.26124347018592,0.06703636047905981
168.88749951747388,340.6200112226022,0.44087123717949034
97.75290275652496,185.97187296106353,0.37575569060229946
41.150214339111564,93.66432441197753,0.12044206905160186
2.623959013110384,2.393227737064825,0.009255934526985216
10.820716443061455,16.865349825974885,0.026504937822792136
142.12462519165436,254.2939873986239,0.21158888510875073
8.026575223946287,13.007856001864962,0.023030939244423915
136.6937904914139,321.5251361053685,0.31323235640437896
216.8221125935116,529.1346011091808,0.36884549683292794
88.36067683041077,166.97135800676486,0.22840817262122112
66.26534687223679,78.46076130075338,0.09053392022364985
0.9781447100970833,3.52244391339146,0.002711213334238475
1.7166740879864169,2.8413500023735034,0.004323317812536665
2.1715412538429195,1.7732433791765356,0.0057987339672745455
151.30836697298867,295.47521612331917,0.20127919513549367
11.391902206203246,10.933244680139849,0.025637200356561536
7.542206580512917,9.92275455091926,0.012094301575411
6.538132548014915,9.762908098299913,0.02409412615293871
23.634981560399133,34.07828914433072,0.030186734079626028
20.31661068018684,13.633334018992619,0.06577870430463294
0.983243923147119,3.261734585648831,0.004407939640961961
14.869442775763401,50.14888849260207,0.05134939018524694
320.4223993015227,631.0205316147224,0.7033932841319424
7.738133007426902,6.234919593153079,0.015300388773584058
28.33682791603938,42.84573406865576,0.08451984915712017
67.98179148214952,121.85080580063257,0.1840157085277155
28.359366381390256,21.41395553903008,0.05016192509713092
45.06237918480745,59.2693061067399,0.05533175317188227
29.657504483722512,61.7046956833682,0.08871969745901757
3.7489941028988607,3.0190903346002274,0.00885854938055484
43.886476306786534,61.02430563147203,0.06600773526793485
1.436812195345058,2.959636729584351,0.005240340524705651
67.58953636808808,117.11041530497155,0.11066831397875099
34.15293142343273,55.9441629408243,0.08788048311450194
23.85179039859883,43.673813396830724,0.028559113280816964
233.24113545499372,557.5227108811093,0.4939933493072438
29.002333448878577,24.8439672757882,0.04021525052809796
129.61533982836298,237.14781618363486,0.38029935669995346
9.319471060398978,12.71434757990872,0.01503999036234687
16.384079900142858,23.974944316619247,0.03519446191051072
110.93812539646174,182.36576940775697,0.23690031318074775
41.60609898106046,43.8811118865224,0.05505606602504989
3.4175512900738685,3.5708934753562303,0.008602610769033405
65.55937153741415,104.11547523506988,0.10300251848272383
116.92949587233404,302.3049771620342,0.30359859477109424
6.50308842716749,9.394743069415453,0.019952008114991343
244.5862891737951,299.37793215672747,0.39852583848186895
9.979869996162769,18.214280259090643,0.012285090184212874
80.98349900827705,179.21578390139751,0.1689424989240818
4.6196423117313135,6.462956156391016,0.023410085401716296
26.890732607537064,57.72874062088364,0.0628502402709071
171.1470390353888,226.53469345778635,0.3318238836474112
2.5366401655275497,3.484040766931734,0.008850621168248328
14.1617859011827,15.861573317185567,0.023416589078298102
0.8182004757495301,0.6870776800685324,0.004697764954542008
52.09579301787371,51.934822039534026,0.06041303182095359
4.66820872466993,4.560927567347581,0.009874316917973172
10.541340332483028,13.514649656673669,0.03618270233644175
41.10036058091129,66.96684323347581,0.1566890036695025
2.9326281550176274,3.5266931246441144,0.0038687275259274055
16.66977349829258,33.783242591227555,0.046742537667453274
0.5583298338275078,1.4441587063245804,0.0021663569636195196
9.500007365210367,18.049354019157395,0.012129641172353512
46.57139239390817,113.98592772414244,0.07046909599258208
133.5914983251922,365.73788567043175,0.2875348698183997
127.34197375927943,265.24959354330184,0.27272416853520964
80.71781082090655,166.73068150786187,0.1007311120416119
19.951681810726395,38.78580295200238,0.06777328359795612
378.4259810175093,519.9600750660393,0.46448790483701075
19.75712769142876,26.395738312326177,0.06592683867150514
32.955096324923886,42.53207491687917,0.05043790103647127
31.428881818135334,59.587230360040515,0.07241377110899522
17.58170035886812,25.543651061829504,0.02961793725294219
93.58121913840068,164.4289823053902,0.2872235468088719
41.38688398962392,90.37766204106559,0.10258577653563847
144.89819668090323,250.47382198331576,0.2140226744647784
133.07971827370565,247.2978765543441,0.32768777587223274
11.3438132606662,20.085756566886847,0.011999443474416803
591.4937965160899,1294.645431607199,0.8004372312869793
26.134232547885173,41.491641261047306,0.06620222238885022
309.8580819035893,405.07295968716306,0.2921928436291615
1.5215480018960084,1.452456256878286,0.004063936072158797
181.42766307433806,343.3136774644191,0.3545896646733166
16.688535007549,25.248394446894793,0.03487564161691716
45.725139272238295,106.12210663898865,0.09053423456787407
316.93792834516285,611.5329638587472,0.5546857707554099
1.4650994972238112,4.248225318210121,0.0037793832474825252
28.7209309250181,42.11474322362538,0.10387707867201346
11.457631379841043,9.489962827381982,0.01975243734712166
1.9549251618253887,5.952120060671753,0.00510886371493411
136.85967978348964,207.4701747556998,0.32811481355433986
61.201962163659765,134.3389546705873,0.1152667852488403
59.9315403763362,118.30838236488914,0.07657851523528525
23.695108052908704,33.402305627286026,0.03718074186651936
194.85151602254496,420.3031589806764,0.402192277831843
70.77285063170596,101.7085229888772,0.14816995570356006
61.13524041654189,172.39579094953817,0.13505957492838364
3.0380752824165627,2.878320157582289,0.009550075561581736
31.8341763770315,57.197605156503755,0.09463198443413018
144.80820850594665,311.8358582241614,0.2189765164123325
137.02055425605977,343.73612097559203,0.24944408631258855
1.1649256747776136,2.0817475743667844,0.004203594201378918
582.1926646420736,906.9202674952527,0.7640671450102726
143.1235201213254,392.87153542937085,0.2883013962396552
90.5891086644249,175.7268276954657,0.20605400198798876
89.89793912057124,168.4174446509067,0.22690531564117794
0.4676783658092916,1.102214236949843,0.0022090128440053905
16.055166955434398,24.890377132729878,0.0342374304655101
7.7767700624466505,13.835086141935262,0.01714189582992567
19.334476488338627,25.256108412054274,0.04426904841306034
18.363325859556788,20.50450442385453,0.019540821590837473
119.10384843736027,325.41966236635045,0.33734461602308513
18.529027682922997,24.788318935097937,0.03848111838297484
29.982503888528313,54.39918665717176,0.07081565725158355
5.727596568625919,13.515778526688571,0.010917272854332
3.5541271731999933,4.864979231848284,0.007860509780941036
7.062078135339534,12.070200162219964,0.02855747542229317
83.16116577996918,145.74060336959818,0.10097549215450552
144.83495774947102,307.8653020372924,0.21104277623989925
34.295734260750436,71.35698591511637,0.08182596838468514
19.999302000347367,25.86303614708695,0.0219970030856985
1.4856732357922084,1.6420216827236565,0.006639240327650013
1.7825558318516035,1.5901948334209124,0.009390376830297122
37.948967687740186,62.29310961662995,0.0749489928368833
11.662990599474117,14.954690337774247,0.021416388837811613
84.12023389464615,178.31736465122512,0.27185917995341624
1.6256002395771545,2.137634829821763,0.003620071116834869
51.03097770067242,100.51889532504386,0.1386926779065304
239.49272828443736,445.5540592087053,0.4171887987691108
19.70592767853194,32.75134268926917,0.051175651512030594
28.855276446981907,27.95456184038702,0.027418793615165492
90.76539932293646,171.26263029700283,0.13596615626821626
99.95144348088381,165.5841836458844,0.1948739924339198
25.624704615449712,45.28898008004059,0.06369295658104522
54.557311680787215,88.09800014776546,0.12828028994180604
20.734219473321616,28.461033638160472,0.024002564017027887
5.756592827891668,9.245408089172782,0.010771270734781055
6.445168834931048,8.878829750675317,0.016253194068991315
33.217527313961554,70.30627542332445,0.05822541666093361
130.13760573383863,235.795982361222,0.27350666881935803
256.64615416356855,495.8825173344202,0.4197490638147138
242.86832251655147,444.0457221421554,0.39519750293556266
53.52496202287427,95.16890381952702,0.06656524693856258
7.8033465951560865,23.76385240977399,0.007295952424463927
12.368397047550365,30.36129279155381,0.023170447307429787
28.300455639690128,57.8953440450757,0.041172564159707006
42.44060957370627,121.01028255459579,0.08497257303545286
41.18637910332462,68.43731822869147,0.04134726821079562
0.9199097173863039,2.5119911268463992,0.018405941031354265
2.944478307459125,4.890951764059436,0.007434737469154719
0.5590912085128835,0.5243997688727018,0.002508355762047223
2.450871059695743,2.347489654101618,0.012235662441710544
127.69731118301551,149.05207924568919,0.22230647608349297
8.679363489072093,20.615169524702296,0.008241358954718822
64.11208007519019,70.40907716712873,0.06418077527464389
139.3914864138024,165.04601835077264,0.314995658054962
1.1225236230884,2.055637124354262,0.004866247161091554
11.512955618301376,22.629325390588495,0.024557652703755383
52.306871193648746,61.06450552888725,0.05421085293930032
3.6899981954928003,2.899488501423189,0.01251536164092428
90.41151169563065,196.29806442226698,0.24559486745213885
1.182118891313397,1.9662937292299354,0.0035389833914536706
1.7292487494549384,3.599289793416776,0.002923631955545104
1.8371540602865102,1.973636926178554,0.018033038410123985
6.000228213025475,12.37524747184854,0.010712094085250484
111.08612035699525,207.94572773248314,0.13948290717103345
7.214907306043583,6.1626798431523415,0.01813612516781433
76.78481629719529,115.61896596847883,0.24909162214749572
24.400529678926322,52.55253466054026,0.07229169497023685
128.06409667760434,228.69959258715218,0.3047402831653626
6.184869946044419,12.281288772419849,0.009667445272284293
1.1452519967837134,2.660586693459694,0.0031748077072239374
1.9232068078496707,7.222150040091679,0.0032065288678874157
21.00040470556844,29.86733978175957,0.06451116899308469
45.09610497151017,73.71542232568419,0.08260775958992399
123.43883747529799,282.20812353310987,0.24997304826039368
173.8884095119637,364.19979638729814,0.33402360288603966
1.1854424445232838,1.7764800951463784,0.003308303926745469
51.49715454171105,84.1625317504238,0.07325014919675421
4.851299205876208,6.024324108234684,0.012319718275029314
15.711548850615454,10.9153856615257,0.03159494050326906
12.243434154778885,25.473769505996877,0.024166483590316288
24.412407561794396,25.770932446851706,0.05443752823555231
84.65124995778271,87.72144708742955,0.08983465490225545
41.56573292118648,84.0957649716595,0.044616794698344724
84.25395885575186,224.18387992683247,0.15630181295805753
11.184614470098614,32.56457217330366,0.016553160652516746
7.254436418565816,15.131703914979445,0.013006613191612925
2.159344331930496,2.916752757799755,0.005576234507636971
26.254662606073378,45.15698085002892,0.07446865592934108
12.866749558550593,22.642202908639604,0.02375202829288416
87.88045197792569,155.35337401712843,0.23007609731980053
6.648974143687346,7.530866399145689,0.030599897448322852
350.6161182445996,631.9187040475813,0.5047066808037907
98.69244620930496,165.87750373043835,0.2672886055751191
159.08024482710917,299.954618368267,0.2613499982308002
89.75586442447347,192.36756993440608,0.18300127085106252
34.21059578757236,31.86370024830219,0.041685649863248256
20.276253494287083,24.128685666884454,0.04330655691628138
79.5861218069072,234.23486138809085,0.2618482441724059
32.1086375023738,44.025471330837235,0.0951875428386693
35.860450696165806,66.81876321376903,0.03232764078668976
3.828455790108805,3.5629783425059096,0.009862941959760162
18.508036519201674,31.41013351037373,0.059825364679037055
1.1739014584525806,5.047201917256948,0.002722384746972671
18.295453198639702,31.340080064446628,0.02315979326491797
27.56907053868889,42.23693563228356,0.08057434703528803
55.97684329697515,125.98402145080838,0.09743001687791177
92.99586026580484,212.53122858310715,0.15617634125138813
61.18041392536669,84.64022480208399,0.11616731304095153
0.4836965917160132,1.3820132759287007,0.0019059091843056989
8.614454957102428,11.653816443414883,0.01425516679533528
36.93490508326163,90.30096178995811,0.09882605034488846
26.934741822797555,49.58620574424046,0.05799427052649508
24.70377156235067,75.12376497836792,0.05755405912612176
22.219402219073018,23.50905568616358,0.04749410219682414
5.138603880113493,5.346263129048789,0.013475773584964183
193.7072279804991,368.0959120492394,0.3151292208197466
52.39312830448253,93.28557272477995,0.07594909216286906
32.279995106016756,47.70862177363782,0.07223436921983578
6.195794308160593,7.582734922938607,0.0192697802711181
7.242068907156252,10.238188354219885,0.023826957209073806
26.42808099932337,43.547739082152745,0.04702725082767202
19.31745643886809,15.458060145589775,0.037342571867433436
116.2531417560063,189.65131489573386,0.14473272565099357
0.4569189651148947,1.7811297255809266,0.0026446387176257175
4.787442855664373,5.502239235018226,0.012267615435846911
169.29256335297555,302.2969796632197,0.4401732946076315
71.52503656093636,78.2588064032083,0.10026312383793905
5.90573804821003,12.734423954997188,0.009505509318498681
7.238351203499012,14.38114562825317,0.011861661010102715
6.259597251300264,5.19975384374589,0.00992403468660263
331.3337509214899,614.3527697035632,0.454559021282234
64.29641003577738,136.97644698656407,0.2390453898426268
17.686306311461298,15.847880034780236,0.0280352482591955
4.930489976794136,7.004291038886409,0.008610314051958183
139.39987581096443,278.2136409145456,0.17026183907979903
27.94584718115809,29.125690731231188,0.03280030265536191
3.7965339939722185,4.842972274942636,0.012456741246448182
36.68601353348803,65.13457562541892,0.0955590311155211
2.4921311661140177,5.5755350410172815,0.00882722961463605
5.18947535079546,10.69828323684597,0.02254405282553243
65.00167737362469,124.4610597643819,0.15265225151614908
154.7843997611799,288.9451970598917,0.24839051405718532
58.23778702415431,69.81133036439434,0.12467318808347506
43.02666296335346,48.90035933700895,0.0765497625744416
82.52574417268207,236.49154252564807,0.18305225255219887
12.268107526441282,17.9455164110155,0.04149221819009017
10.166562002766744,18.0364813819627,0.01685850356342336
46.14098917683685,49.31168262283397,0.08949988892032064
11.110782165955252,11.567154661031044,0.02423319938294606
288.71229168251006,279.1033918987311,0.3251384317810038
33.725317798774476,72.91837754631257,0.07440713759625922
1.1905578674715258,1.8336414293647032,0.003770648694537215
7.3668211533223005,8.5869138767203,0.01975715926507993
0.8416291022282802,2.939178039310796,0.0019911903746498605
0.9264482516185311,0.7867222574055068,0.006722631231167241
46.635662081763414,63.17350415500158,0.026153616648512464
0.6048387905529147,0.6826991065653696,0.002792917878921347
27.47355579591588,37.97489548392204,0.1043297252327961
0.37429788050945995,0.8384677240106035,0.002169651669473157
98.42547373773475,265.2386850323902,0.15440485919145364
45.89649064258683,108.26287616818466,0.0655221655067154
9.416484343404422,10.057728628171137,0.015996562327363784
208.6025227409836,366.0789253906903,0.30119362799549204
0.7429700614731888,1.8577699354389965,0.0025246198525262645
49.390647516508736,71.24302445647557,0.04186800525118779
65.16835230222762,94.881962825972,0.17738130954714815
89.59642743591642,227.19273040383436,0.2718012017141812
25.025922074007433,28.38855308420297,0.05729960005946082
21.253479922165603,21.454677278445654,0.055496786622390964
1.9576013338490055,4.618892477241318,0.010312092637984108
9.314046612405601,16.046243720418282,0.012829077081402317
86.60624161688543,138.80332363798564,0.20665227032050512
492.1948049107704,704.5890358994932,0.5967257240925475
51.52428372361196,88.72157868925254,0.029984146089938896
21.281506527969537,14.601555026257465,0.03316203641208833
101.09836213548405,201.57342213965458,0.20326455424477613
24.53115569502415,23.640384790633924,0.030892747436349993
25.938019909123273,31.88459403545803,0.05639941754002071
9.625522997579179,24.87598766601368,0.012831814513084188
0.7875472333025516,0.6275096249265918,0.002663202220413219
2.582656137404021,3.1593104673207737,0.0037534731356591473
93.21065281240942,89.82035183095368,0.07563467100822589
134.57935238729007,240.33467505806001,0.3040997270536965
47.693897394824745,50.25895284430785,0.06273644529928032
3.7608832373957397,3.3037201838660404,0.011745130954434718
125.44167213935344,208.31098447919487,0.45735874743070165
159.39951967902408,332.95479501034464,0.2195393685589397
42.09563796770726,90.34352116189565,0.07681012864734349
6.528644043225951,9.924524191343396,0.025563092750397854
2.864189318145548,6.102947304189347,0.006804439589884637
1.508847920635451,0.9606291673517046,0.00434441230213638
3.8046301537522345,10.448338139869042,0.005129225880264057
88.94395503477512,182.12183904004502,0.11715776594070203
5.203284960809319,5.441213528597941,0.012214384033274368
57.570670041145696,101.13771532634466,0.12139090554621267
10.218445712993029,11.246503914873376,0.034169854122382444
5.124400871595479,10.586821057111633,0.011241867652540581
35.744991164416994,59.02506605183858,0.07327501910006584
8.323751698820022,16.518447039660998,0.025908637081872403
67.19376133529526,100.20982111603189,0.16506657855691095
87.50714507106237,128.86773923276746,0.20710366108251269
44.58341991499914,154.2186632615596,0.1334092321058014
28.133994745464463,43.397471834173885,0.068599364509935
582.4282226469151,782.9480362578311,0.7238000386347432
4.168944801825797,3.3533049051540265,0.010870893497027537
21.00708567337475,25.78949131447479,0.03151234054399933
16.14846491206831,29.138363314232926,0.018460869246636525
151.10175520262652,280.7970144171449,0.24226362691165618
17.83170205579132,30.64881914055322,0.041626320593564414
134.33109602055086,242.35125724376414,0.4265604156790257
25.428138841443086,30.653969664931253,0.05076625513762564
115.59521844822434,239.00901534681668,0.2194504971382023
16.747487011877688,23.12735132968887,0.04022455048783308
126.37298231357921,281.983299138555,0.19966536454051226
1.7979930133094209,2.0058465252039728,0.008677459042045317
123.8566831578888,263.8619190036424,0.1847490120945147
20.522195071496903,43.86336269486524,0.049062484276015075
83.8663106536924,190.61788316189268,0.1804646401924172
14.583744114085583,24.591067319804253,0.02587219840306435
58.42741016286898,88.90051012403484,0.14348961939534757
74.71259556177579,169.35223426016054,0.1769607945121998
30.601416688735245,45.77573953961421,0.0387784676611304
2.620962823085854,5.958943838059808,0.0061112324843384715
0.9078245117172855,2.2311607514516516,0.004623716512266002
2.1638046757420795,2.6368124731744818,0.015073531857920671
37.8079981752651,71.45035219330978,0.06828215711697336
22.466806850762545,42.935105858095596,0.03464036492321548
39.242754280856005,41.09390578097108,0.0803746210589621
43.750853220140186,37.654648645381954,0.059091694244672366
72.122010650164,154.00230011887226,0.17045415325068494
17.904389278291656,18.919300665089178,0.03317149988075666
9.133458926042234,19.655118957401257,0.013617810740863281
59.87347918683839,83.30999456427067,0.12267284178977786
109.77759738303402,242.47212978718608,0.18849778101951736
10.316937918993185,8.854579675223949,0.024264032891897363
121.56603218521356,251.2747076464918,0.3768096893658085
62.76432129823697,86.14676874607777,0.16778291130929773
8.557325106417494,8.69120557455258,0.016036745748166856
65.49408341784068,122.15119006949709,0.15560834180142663
90.26303316004879,141.2569844306552,0.19565202315582425
11.349842686297642,28.946886006220655,0.028959521732386195
52.83420866902683,73.81850550162014,0.15941540473618254
305.3793791447717,638.2163891910843,0.6153070500796073
125.64651360213422,241.0286886256649,0.32767382093931213
19.59626306457394,22.96787534839732,0.03449294443486782
5.241876022485318,9.302912855030446,0.008622681170063842
27.99653165489711,25.11927931717645,0.046013109263755354
24.908701098378756,57.382580358064416,0.07498798029881289
9.014913238219727,16.467952873201813,0.00965427529015519
10.66245279349676,21.343229115731173,0.02142492304684238
100.77908182301448,228.7501832233012,0.23457268735733933
24.65075197718847,27.37511577909324,0.03893430353471846
1.9021687520677033,2.623279070484507,0.006357655153227353
141.0055666987537,343.503138247091,0.29139592604080805
6.580644463218065,11.741119636468628,0.009282847027091272
71.65696316702953,104.00206228505536,0.10103055126481984
42.87772658047279,58.39561404808974,0.11741951693591622
51.97935180603498,85.03296105142367,0.06203469232805855
21.05533102239672,41.71880658336825,0.019928752324714236
126.23399462079446,190.88020546397158,0.22868298834666853
27.56360006438043,27.799099441086742,0.06424694674270126
52.82083281526568,52.136298842789294,0.19857021875689249
3.738153856146353,7.6413635899753825,0.00472700239888044
5.455770254369253,5.982607983319942,0.013007942565504464
207.1205636063844,283.11227897181215,0.32795358938602687
2.5370656350401855,3.2965353109154263,0.007432934724855536
4.3431948523177075,6.195432487773695,0.008633688651366229
37.23159835847986,37.30973744535607,0.03963104420320275
5.064222888334402,7.10752673968022,0.017361180909869586
93.76224578908744,118.4759104678142,0.1679119619728875
9.191633279740827,11.323345286200531,0.012351773682186746
9.978700019339342,16.44950942392698,0.015841611584983987
12.621627412203155,19.34114458434479,0.026581640095016457
8.353039614483665,18.137159144037145,0.02230959191186649
174.5678203608504,398.4518241828082,0.33213990833085294
71.25123720137627,134.63534004119404,0.24983930912371044
7.020175664767732,7.1207510456868395,0.024339000825992343
261.0823794895033,482.66635177737743,0.42107155669984103
199.8990933590011,349.59677121892673,0.3372076943361857
369.1718733853874,644.4845661835146,0.5830182940801054
58.50832512369282,73.68648237160305,0.09964998444135187
74.80837174439039,116.38482805581796,0.34042766847682576
87.67336910771084,161.69745418815324,0.12886040138231333
24.630809789104216,31.791738109773757,0.047307292986937324
114.87609979789026,189.9559123296764,0.34362587927211663
16.435700522038594,14.955883435403829,0.04479001969257425
9.065034087432936,13.008795542875724,0.013238421246229936
15.334817137158101,13.029873713219258,0.029280431184697676
94.31455908989527,274.45628065763685,0.24674147043032746
19.128378809863904,44.855424718906264,0.017617851341230804
199.69934777460062,394.7790763132969,0.5143192137268998
356.00621847970655,669.0445649063405,0.39986862864544315
13.282307118426814,9.599662561663811,0.025745787132064445
26.010740635799163,38.46918244559538,0.03950392648791147
178.38794069067907,283.0048024818323,0.5245117449359139
69.85466852367202,148.15984414501298,0.16590633226278195
48.408154156549884,83.53265933765321,0.23805767566239186
27.27465510901048,24.054706154982984,0.0471466716579606
63.462105254987996,81.25032281427018,0.1656624904086164
3.038392969401386,3.223052407647391,0.005793700612415508
130.8581838440255,334.30248383839546,0.4165297211413237
38.15662150805295,45.96342023908131,0.048892450615260555
18.275606326510854,36.54056986275145,0.025946807876779342
70.21266932985033,128.36711687104085,0.1864191798863893
9.298569014936943,12.093705990470838,0.021220317200880856
14.725137173619416,13.608925232202209,0.041720774505241205
0.6359639679642981,1.6623366617471225,0.0020559614677477535
24.221053989658998,33.772959787750274,0.045134882960513815
3.7012033391374453,4.810915252484317,0.007413051659604555
105.31521139151543,254.78817955804502,0.12565958485662646
21.811697640439096,15.510233665158227,0.048634624145468215
5.391021246271091,8.403549798854941,0.007484725852310977
5.2648883995801254,6.551992516846278,0.010171611647444642
132.8761327755896,285.45952093448506,0.3187984404211073
61.118793139783946,127.40896090261447,0.18205564899926036
44.31340004446575,69.98587991490349,0.08568198585535984
7.583859931248131,9.607597950058885,0.028273992494045747
5.0339915804795154,4.016745151052735,0.010100521776416856
1.300573038319055,2.4072549191887833,0.006837953156983133
93.69137612253672,187.66739317228712,0.1749190551166569
3.8994606919063584,8.102832384496763,0.010041702238806181
46.07447125209906,81.19642401037054,0.13881299649113682
35.99864794919287,79.14588606273841,0.07998498210379511
30.613863814532067,38.182247153239416,0.0647453229373172
63.38287348810525,227.2054887986127,0.12909922188182368
92.78751696529936,205.52271332246943,0.30273436336762954
11.107578796733039,16.73479071424816,0.030233941130819897
20.854121704722374,30.696372831006947,0.05203938611930042
30.410026239758736,44.475193098525644,0.051302347162849586
1.2663718836929359,5.773428081889264,0.0023594260886874345
19.572299272472872,37.973335020908955,0.03957027636377854
172.68274260232224,491.3878605872399,0.20546529652389894
22.296187651824503,44.4016232374359,0.030388275930855004
80.5841204164668,84.922348331639,0.08439145234697622
72.26402310105699,123.11074952585987,0.16243667807952467
11.250942495787653,14.525977321904108,0.031151285800699032
1.840334662209422,3.7687332286364272,0.004235421978318193
12.089476427751942,14.012341168176107,0.022955735859848555
44.03254824040257,62.68733884735384,0.07698580051192015
31.67205520372908,59.60302546898401,0.058662907547039095
1.5166164036089371,2.8045234808258868,0.005179385712388012
1.5754102266093444,2.014587372767775,0.0036803489407928624
105.53308910738224,188.87280213819332,0.19318048062403262
8.45832901762675,18.40652667066278,0.030237584495075076
65.22265177043258,169.81205252403043,0.11374256439839306
13.8286601249088,20.047006688838795,0.012848588199344006
44.38434542943749,112.4953475296755,0.0947921734275005
11.098424733025599,26.207671524605757,0.018318324866454568
48.07258070349674,60.478976460047086,0.20087685293527863
32.96726802788991,62.98673707491868,0.024542508525590603
4.698484042842827,6.887252891608431,0.009738865090431268
119.215068359539,242.06106578702372,0.17854003598772808
55.87784053824102,55.583491958343124,0.10738155855276675
300.75039960138827,825.9943955882442,0.5741837514906842
7.689155703843722,12.073693985700247,0.014863924383382996
7.460549370095228,14.82129713997542,0.016487324610931945
30.015099834331764,29.986058352678754,0.04783195674240036
8.704868708164808,17.28686230574749,0.0231222602934814
47.73518414849098,85.69443592243766,0.1366214426336293
1.1861842955712694,2.8930655895511306,0.003490512878853166
19.743678407884804,35.62195022434664,0.03718614510803474
47.214501851860774,63.189896832311305,0.15134392569924768
7.220021974167357,10.595511455978468,0.01208023025453098
65.94887502319598,57.093258333821424,0.10653941913791522
0.2979156444519554,0.32661551274628703,0.0026019406040712133
190.99744996840417,429.6096482116549,0.4051172541052848
99.3069426639339,148.98901365303294,0.2273971949055117
23.220357096027524,22.3943557106918,0.05255796053294724
12.777802973408434,18.33927841855923,0.02380621311748606
14.801471255542422,21.577668629814347,0.023874579509423094
13.102411257323828,25.022612078914687,0.025054855904243993
0.263473740651489,0.41216369403954434,0.0012930455195464363
18.398063908204474,13.723551364660304,0.035058802359744956
9.768225431765927,16.790106532654715,0.014378905647697665
7.848099955054398,7.47056606952288,0.026065938456047624
69.76938450556119,74.02971831841019,0.11037322516824513
16.96595951076959,32.208899021533874,0.02329207903460966
93.18176171722673,169.3947159202596,0.2379941207009327
25.58517488884839,40.49715391853025,0.04168357111926661
139.06135865532528,226.92066175790146,0.39546953481004565
15.190814011429374,12.55534947286297,0.024562978119026815
3.1438510855155384,4.874955425676444,0.06405307180531108
49.86828360034176,57.34775906274928,0.06015909597675213
35.79449812571296,31.586360197444996,0.07478415286622069
0.9087851862983707,1.4088856043075368,0.004145430232463656
9.187838274144873,11.254206638664712,0.013616106556873024
21.544784673407822,25.85673980439521,0.033121373684494734
36.10585988014215,29.518681201195008,0.059119599259983224
167.4490039863277,304.6610755119698,0.34489988458951415
17.400918401394662,69.93557685899577,0.037847392618419615
27.76255072225362,29.870689707437172,0.07213333067946985
7.447337869533437,10.184614226768785,0.013576786450025254
5.176585421981086,10.11389474370183,0.014206731866040163
66.90001919435315,103.13914316719364,0.07734121211725829
130.9513048427754,292.16790154609964,0.24759604614542294
30.736813519598325,29.893091089121242,0.06952914222912011
143.80211043146326,323.97461357260585,0.3587785994159997
41.17041290806865,53.42409245388603,0.07043402696798333
51.241021668158226,120.32174415357228,0.13690892387333675
217.14918487953918,428.01529311493994,0.5630221156661657
3.4081970796732652,5.1561171510644215,0.009149814051769421
5.614717539847849,11.842397113364573,0.009237532868640354
9.7764478459416,14.99001099360606,0.015312563679036632
97.93078409095268,264.0661132156881,0.2104110388408996
5.1090595913811,10.088496100081768,0.01419489382749774
45.626379991545996,92.80489243025295,0.12194874087320966
154.79426263104378,307.297804049402,0.397559383529281
134.56912338830662,248.22285451335247,0.39927818176903757
21.653756672703704,50.04906391645891,0.05240502044984505
43.691962423917516,106.34933157916633,0.11141891385096561
122.66333231269452,210.73605313284222,0.3045277766868409
218.15002154317455,454.90415282769885,0.3853261566106689
25.17623049335799,57.53422432260474,0.05406192163820826
13.259377535666058,15.908499834416052,0.01545153747915611
33.029787779683005,32.028792211162695,0.0760785127061157
35.24569747698406,49.161065550182855,0.093141161386829
26.679911600692996,22.187643514765426,0.04010819862886104
108.10402504374171,236.0093713470575,0.19201999731006805
30.74980930311116,38.24144870096564,0.07124218927209716
32.83084487770305,69.54163506610895,0.05410061779333444
1.4114386236295586,1.5909205763438443,0.013589848988168753
3.595513403472763,4.577763163621638,0.004307150434586366
20.700594997081346,73.0674904815374,0.07814366202518962
96.74619241982634,213.07433506471295,0.23179108603861978
67.58622098176836,56.27108315333855,0.11538682334148963
273.29653010279503,528.8746794091729,0.3861081245030551
8.367954603644732,8.17541775372341,0.012284061999730507
0.7568167664617258,0.5810928433431464,0.00517622429424004
15.676426915013613,22.920898622865078,0.020276832548085766
11.649955300242057,17.268604630439278,0.015375116787837357
16.553685060657465,16.4397657680588,0.023792402407126836
30.900983436085664,43.66864458436121,0.06596219769196945
57.3955282807478,117.68226394294625,0.13937912521470586
7.57626436343098,8.90972291586502,0.01985147198045468
4.78105212588922,6.1453556536807445,0.0057004604678091925
1.22230438177746,1.143006536701223,0.003960242011960739
4.785337551434085,7.828938295525261,0.008799456920453646
86.15806793194284,111.90173185848188,0.16301671240908838
11.888674686735596,12.450055625251524,0.02453222745841824
11.020511679538524,12.767065718997072,0.03144462736777187
1.7662644172610238,2.223453992905184,0.002703069745044117
282.5904533059437,292.31631575330846,0.4537496676057934
77.13262702826223,138.94949671857276,0.12813486674870495
129.82393870183168,160.51709943975,0.19995415999106872
10.710201314620743,15.784146949413183,0.04210979932996295
51.340361390515646,112.28053113057472,0.06682954074410505
617.2029014361947,934.0702671151918,0.7535425403266531
31.619554347219832,62.94825443977059,0.10083597526249426
24.13512788795525,27.140875991282257,0.05983710692788193
17.66338174213229,42.612423302880195,0.043501828280764175
3.05360917440288,5.997633843358464,0.007345511683599329
2.2661330059825513,4.862452555287178,0.00343708259588164
18.57656693075871,32.80127506418741,0.05292856136403596
4.400690008924692,8.51108325576424,0.008210639322705712
8.431887303198804,18.712453821078576,0.005874522099963658
53.658028611962585,79.06229399361534,0.1203610203657628
16.455837512064527,33.9383559610045,0.06503998157875918
5.664686845072913,6.0149236030871975,0.013474815857640526
35.410866335434186,72.0314063577907,0.0855798682210522
10.12535367864442,13.93659667909262,0.021137140538570236
108.93995645952371,215.06024785570546,0.20129464744112152
55.84350139391722,127.17141793098551,0.08810254969325713
5.787308528671093,5.483393666396163,0.006993289169652999
263.3895900182517,500.4971824887114,0.383061007109009
69.72159319959468,145.26500929210772,0.21963261288043232
46.6947977380722,45.54166132607584,0.09945766931025893
3.276608872086792,3.5374050287014636,0.009315523256467947
406.5687594217295,761.3872269667561,0.4450952647724204
8.099639557104595,29.213587561438032,0.021461555223679523
3.054459018375376,6.866302017922086,0.007693713836895645
9.854832613788105,19.325165112437595,0.012453399569628012
40.34118366309667,50.40821363434207,0.07287945662656205
24.6464279940077,38.213270246408584,0.04803254024929377
16.88552882349012,37.79416461552111,0.018062317037835653
35.71015732181872,37.62961167227837,0.09251502724907398
71.83923489027721,135.53940892617456,0.08337812868207675
1.3850002623826616,3.1466716458125714,0.0035975581753401324
159.36472907641215,312.49582692474405,0.3302176838134125
83.33670673216281,173.31263504222414,0.17159657152109054
28.57692497623553,64.17352089182071,0.07635241451301726
127.42924769006167,153.85802453668268,0.2239007613112345
3.0357658780086103,4.4613669127548405,0.008715523190049602
7.819700744929684,12.493686711642633,0.018596465062506458
34.1706742412255,46.291007414634834,0.03914146764381956
5.231744874737482,8.745574621233429,0.015657386330688236
619.1366732831033,1080.860008761284,0.6963119472119628
351.3240566164432,659.9395383840426,0.5278504047707245
2.6017176471338197,2.0860473535430275,0.011729359912059359
13.923894111289847,14.681059806267264,0.019221686057981028
30.251953941046917,39.96419570057196,0.06652598493354347
37.89267170044473,63.85554073141648,0.08186433300696232
39.10522699225235,53.38404913895514,0.09089019781892933
58.157513930874416,113.64411381577301,0.11663700503607538
33.0559832653769,63.627330016766784,0.11990117936239592
13.210160239700034,20.76690150396701,0.012529039952192345
19.114066396827102,48.89458678240175,0.09311918858689543
48.90620529634527,73.79501656953074,0.06010752882326174
96.84047098616483,153.93367841362868,0.2175475859971703
11.579643806667962,17.770513106277363,0.03874819793008089
57.887638577085454,71.20526882350062,0.10609206589057503
98.44064061324762,103.71858765525614,0.1525032648334685
43.952632589287006,149.23822248586544,0.08357262686731474
0.8854913110937798,1.605084635115525,0.0032462029759049967
2.3319148457129892,5.033861958258033,0.00997678128703062
3.027200869555767,2.9222956080850904,0.007311257233796651
0.5487044375762463,1.328060876293622,0.003008175017276291
2.1052584854813903,6.473630721024401,0.0035066429999322845
53.15834428237797,58.27571825370006,0.06387810647336978
99.99693011130111,202.24137927587103,0.2704290837596737
555.9169100450451,825.1290749770774,0.7213270515946644
0.6588652164699046,1.4674226385705798,0.0029099384573161202
31.411320924670548,36.98188268470814,0.024458136693596158
4.117940326771952,8.371124815789484,0.009131016438213619
98.35760224448605,163.81016472284284,0.2753462398630713
141.35199997890385,335.9811198466369,0.24904058537312318
109.46511889021464,234.3355984541372,0.24242642011500734
50.320357889348216,65.68530167530444,0.12068631206681059
43.13888668324263,79.14562409753852,0.06399071548582656
12.832133331537678,15.96811541894269,0.02493452080337033
6.82576803427624,9.379538776845221,0.014537649407784993
40.537645138138025,61.42923342853665,0.13795752379433887
7.408283646432359,15.94897935053381,0.014420207119551876
82.9135801695053,85.56642606650311,0.1414124026028592
34.94098250782412,75.08217943193868,0.03554186958866697
1.8503622120525103,4.971014755608089,0.004750695716323446
55.78654082990986,90.19051263174195,0.16370081103026546
10.121305663135095,9.91447903979819,0.015315515793753126
3.973072220295315,4.725717532045234,0.011394965002060928
22.029190110310424,41.9186731411009,0.06533485578963616
455.3608875546939,496.2417961516073,0.6075732802997242
55.51655706387715,103.9136981789198,0.09643191259852042
0.5671999219161926,1.4662976312364524,0.0022728306098352595
120.95981632438082,178.3889098966104,0.2666336754226766
44.26684222227724,88.35792840466598,0.11715612358086268
12.489904552349985,19.567449273225222,0.0419623104859764
9.33267604074944,9.512682335538896,0.010381192441992848
9.794082265855122,19.67954143613965,0.011821480493447006
110.58088646901793,231.6926424683873,0.23727611414461153
88.92700465231414,206.43098078139306,0.14976287913962436
52.38511196311789,121.66428201041226,0.1807138571706688
17.401276381904356,39.4496916816394,0.018178703299014328
16.864848620895252,14.738786360618343,0.03788220273850789
202.40254850755252,440.3277666783387,0.32604181353808026
353.9394966868708,460.48010123912354,0.43942371872631103
20.335685833153125,39.30168171134191,0.06529578039154946
33.955593726483464,86.37280910522894,0.09935908237752869
1.7211668963332318,3.026409512746079,0.0032910157221908375
20.051357063328954,31.21828353434756,0.05427800780189828
8.456451493247359,8.915580467625619,0.01383824508955091
11.90881395066058,14.511413479800567,0.032861187313159304
89.96454141802853,137.46288938093647,0.21784585858835043
130.00796751210353,282.1922148505059,0.16371348997501295
4.374359347545914,5.600138553082386,0.013695763539270375
2.562120106429871,7.324123586120851,0.0073867047497469685
19.740754235505168,30.994656395831587,0.037039891293333696
1.3931844966907665,2.5003539219634576,0.003966784834811465
4.106606709820875,3.285149018892054,0.008246941132675921
5.727428505845541,7.625113071293145,0.008767733117698644
86.28062215322629,85.77276941853755,0.12207652085542907
146.54723029964467,323.2501376434906,0.2859990350480028
85.18198714500292,200.22425275051808,0.1137415841600713
143.55830188051567,270.3859662899832,0.17283655881079618
32.596466254861326,54.07334510182828,0.04096218969466584
2.017213400862016,4.804824562871075,0.003294716696551823
8.209239954528458,13.296549648020981,0.007465115918895849
13.599498912519545,23.633605289521995,0.034989897904195016
4.65034290566706,5.968116495964895,0.013294540303909056
5.766346205594227,11.678204213015535,0.016731361828588608
32.35708030135398,61.946175066557885,0.056418951891934375
0.7203584157981008,1.3728189822503054,0.0029134923883434574
17.78549251457979,40.07351151604094,0.03295654862931695
5.934559421659443,15.807834213368007,0.011202885038612383
9.563038870575996,16.344991924022974,0.0119097271942994
26.220869272366965,34.08243845717349,0.037371473159165315
7.482524920267648,9.626638095645932,0.0135537089927704
4.40280273421535,9.703080898485645,0.0094482586046023
0.70603611770136,0.853521300420899,0.0022480071992651823
15.772012824299141,18.362452695852774,0.024535325395367125
72.4163189842914,143.87803999511192,0.08250862307853711
3.3435408644367253,4.154842729375223,0.0048982277296687575
88.60188320514555,148.31550817122178,0.1303630031549787
39.7941365434792,68.27757391823378,0.05412072544932524
178.212425122312,358.64150849249586,0.38550907342335733
118.52244718518946,192.85347453781432,0.3181054874170115
7.806160582029009,15.800003390474988,0.009668464234483453
325.98801238519434,560.532670026929,0.43844624784373054
3.119209253449914,2.855493674096596,0.012091244040082582
2.503026710467412,2.2822150097772957,0.006943314237111876
19.426731690236167,41.14494059871915,0.05920144053654117
0.7795267472149602,1.8328946759864417,0.002410683493046505
60.01524456536055,89.69874035928314,0.08436231257134527
303.7409527816801,595.5081261554525,0.4896331089051268
0.50944594311431,1.3266937537539596,0.0021953655718639975
20.385451603062474,22.40075135497485,0.04442202024666573
29.175468929165646,49.1634535069649,0.036953181153796005
0.9270568563579128,2.668688084630587,0.002900086333192145
7.584812377127278,6.358914046734806,0.01547276495404709
46.70793891165701,87.84333431874178,0.09286698289045069
121.48812911879125,197.14072542553643,0.2526297277813654
17.5280061113305,16.200971383247012,0.02845762243575276
48.29013925615537,69.48960573085311,0.10884479048288051
42.54494349528515,75.02390900916566,0.13533067021646858
191.53263382609302,420.6996747593871,0.31869505157532646
79.04224374890153,266.49669625173414,0.15800285599866212
108.05182594066758,269.76017807922346,0.2562120893398975
506.98106404612093,621.9565375505673,0.6578676540755438
156.55944974049336,304.113973270947,0.44420028385110116
69.81278093674224,75.42723322729563,0.11253660613300458
82.0236028982373,93.08139159373583,0.18361914322811085
1.3074481857600186,1.412044200622063,0.0046127534960275956
12.846970524067189,21.3494975666515,0.035366775903295906
0.8203793088473047,3.6032502889737157,0.0028171876296093157
53.13317841710077,72.87770483130413,0.08746958030480997
193.75677212441343,321.6901989245011,0.23024512395599359
6.730724371996785,6.371282433904788,0.020200877750850433
6.491577114637415,18.055107618011835,0.012871596467872583
36.28445351537749,72.65486674413073,0.08759204490839144
12.596887433445945,26.98531150258113,0.013177041140225053
98.52722879376026,178.32919302711215,0.1844147263858368
237.65791332110314,525.2097508242028,0.40767168017484057
51.21059681941431,89.39644534543592,0.22180529585887862
17.691650995311562,31.475743364822275,0.031086916479720398
12.137493187215727,22.740642785030083,0.015921549222848524
11.778145897192939,19.33329749521808,0.01207928485315671
2.58977829327094,6.247333587030533,0.0074109939317416025
63.7772332276721,138.74182962946273,0.18115660698130376
31.0029451651751,49.76973308101125,0.04982267396099626
3.6063117601200925,4.868971120765282,0.012925417307032332
9.06065738649896,10.570939418434985,0.017717573080562977
11.263537480005208,9.556330769178256,0.02971851298211666
23.179518303014948,23.993417889085343,0.05726094649321933
47.00341020378795,82.85042177150551,0.13647025118861839
38.05373870877452,46.617050307877555,0.07455246495562076
5.1048807559610045,4.667483799769349,0.01290150650194519
96.51289211915335,168.72066858828285,0.20878224474097629
53.74023895285496,100.49478243354666,0.07598282230101955
85.98625695912772,136.42079937832577,0.24026247955856084
143.8274924367407,257.8672027954565,0.24350144661839584
43.32277384277713,109.95786153457419,0.06548637217258588
3.65503644876764,10.825392647871592,0.004691536644030346
217.4251834808566,473.426872508922,0.3138004483363295
8.46455772677136,13.464062484902929,0.014661702528836515
72.34721383202336,145.57834757148797,0.2483005487209926
58.82301863161272,85.27500014706499,0.16539464781482602
11.331226987745808,11.44298040929273,0.019449018701664555
9.033441019455454,7.675291452156104,0.022843824740954588
17.101036678874518,12.129073872402563,0.039596620192860484
13.118324586770587,25.140392154203468,0.011009721674273831
77.22744946152264,164.30246377254656,0.16604183451639362
11.137941543310154,10.814021881630294,0.016397859150660627
92.64266445646368,162.5373612508057,0.23442658447676942
115.59941371234065,203.4660263428378,0.2208315069529548
4.3181814525007365,4.428879609964059,0.01261578107010602
21.41927476232882,30.801984144016163,0.02563373446384235
144.7219611835434,272.3375118866578,0.3446757743071056
37.58663281940797,79.89350571089182,0.06267328393715378
1.8092737179524165,6.232847430486902,0.0035968063352136313
81.76953458496492,145.05465195044724,0.2391906393993149
1.8106353621536564,3.0144384852541837,0.005484238164550694
62.99037618478053,141.58006954816238,0.0922135892282048
11.900281498680119,23.96804388932374,0.015380857211559086
8.245776323153635,9.749165726695018,0.0236931472342608
1.26461380279412,1.1187350055612164,0.005549329568509483
42.94917857287681,49.72092036120655,0.09242903551671003
0.7318621216623372,1.7525479398305146,0.0028340632485150375
5.575664308419584,9.698138305205104,0.01413479815609909
2.626549336681816,9.938990902266314,0.004797521272694775
47.96248516630473,57.606551722252185,0.0700293736390481
4.011401523031427,8.272344175550597,0.014680889249161175
3.6761305620807008,3.173430663353183,0.005714747387635682
58.49272259546503,113.85234425491268,0.16274515816030277
36.16002446794709,50.168940088082,0.08395650874265667
8.188144401949295,14.15798540415372,0.013789340799138454
8.634958784780569,11.1205858972826,0.008005185664937233
1.7505623182470484,3.0482323148397565,0.003644252348161709
18.603769190743225,23.60966816659857,0.034597952902701054
15.054142365713046,26.325676541205723,0.01818704933525999
5.272891990170423,4.256610188898669,0.007852693319407956
28.433725251103535,69.70179241526179,0.053470947476968046
30.175780397077432,63.31305241596392,0.05998610535020602
143.45700626093273,247.83588283512046,0.40057124343271316
54.136702630748395,89.32406205864359,0.12289046971157233
9.084460653612002,14.031856763807685,0.009032894095555511
42.717671295401324,75.68999180717591,0.09794643600360439
1.0489402845129834,1.0506358749852613,0.0038311222095702333
31.48110012765625,29.93867286660925,0.0659023179582924
200.14442858865937,411.33357219677697,0.6691909303171115
24.025937675380227,27.449203163717552,0.0461851688737941
86.37545734272148,83.52524943812168,0.2237834370983464
10.159983622056979,8.999363651611988,0.018997668952920592
28.19859840781805,44.31419788305723,0.03942944584599717
5.167015360744599,8.606672136407974,0.010877086303938717
95.51407379309151,173.1551379430934,0.1778274650015716
102.45613485825153,176.89678371612322,0.28281820296955
40.76299217908549,99.12894136075133,0.08929076353443305
4.952266141397965,8.231905434733825,0.015114016757948708
7.6526860173813365,11.23330616489262,0.009876780561283
3.56162382022682,5.501826915881274,0.01084037441475093
17.084671707392644,26.889045623502998,0.08085377216881451
53.84952792512929,39.89743001754137,0.05117884733170388
1.8638331474923018,2.819124398453295,0.0061447488822604845
124.61822662412516,180.81372329452162,0.22065543705408308
38.287472166832636,58.72636645780165,0.05514397927663374
263.0860536371734,629.8726386545708,0.49509842845161833
50.428759269259764,49.898468116679645,0.08214240554536119
151.96123675547616,190.9819894968326,0.2263576708113794
28.251446630295163,38.261666735481555,0.07525396135590338
3.1682516097517897,2.4392200008683496,0.010194221125205133
3.7850494100643832,7.075395691017426,0.00708853606119691
58.16428489616922,82.97240134452913,0.09621987567662484
322.2154126014271,634.666663454564,0.6750942279551727
47.53474797397048,68.40216141771356,0.11914126316103654
35.94650295399777,27.012436447472552,0.06489177592837994
11.1606802305333,27.821493855665963,0.048300355963069794
172.66262145217104,291.8724752337143,0.42814041929038094
5.079074435664646,9.795591722306543,0.009194211427790441
80.2122982718883,182.0880680858909,0.167992044484618
48.32768997587284,88.43971693212688,0.14928889005171997
8.765119016980739,16.01484524967071,0.020822552604748433
18.923579530997717,36.60421160827716,0.028767224254025697
20.403270507326784,30.97375768688283,0.04921196034004482
2.728658123608277,3.6386825029413847,0.00871153761598913
14.24200459153904,22.898516535771176,0.041065395464991016
6.3620627919473645,7.5136936601435975,0.014141417624448217
1.6744564355287854,1.9005089954831564,0.004216418764401397
116.00591923104768,269.37114333251407,0.20777777557593213
21.33412338421905,43.42630013170332,0.04676972117690109
37.24048786448874,65.2916273133868,0.07734723916552665
23.149762046987004,49.85767443310157,0.04007097119925081
98.34057933260304,160.8213158890821,0.2642480211189085
5.03377114717116,10.841712092336088,0.010612096180581036
157.602816184445,284.0112876070955,0.3236193439171389
77.17472134784771,158.61087135096844,0.09632445367536355
10.619241148327271,18.11492544164008,0.031527417949087914
21.86248745196755,20.79490767781609,0.049981868385528205
7.796514368340712,10.620663711541525,0.038415458284172616
194.66111250389994,341.0215911653403,0.29494359308403884
24.98585512412627,48.985617238304954,0.06497837357172735
34.78241775715313,38.28911101091494,0.042415504288109716
66.90607919354899,160.16222972454963,0.16450241384257858
1.1039156023412695,0.8873826589953985,0.0041015468734464785
289.58975431856453,525.6976280647525,0.41705017707628056
43.80147858985004,81.18592422416172,0.05778878520227548
24.765610139162973,20.48390828002991,0.06403925107579915
7.622707014286519,14.862826199754428,0.012267880577170025
71.9719195099405,101.23336927976602,0.20643604111856773
64.01894728434753,142.00003379656056,0.12014696393217562
10.958655577307056,9.768307048572918,0.02343761558397173
59.17818755367358,117.40393307862816,0.20912360144270464
35.4214811750903,30.576610823373812,0.07861549044465739
5.829248783923451,11.326917365239643,0.009116946145465554
24.650160904140403,39.356632605205,0.07573513415023797
50.46613658834829,139.07536027949666,0.15862968931999857
51.2378758348355,104.37186786408277,0.1289608370167549
33.623284582662365,57.53737205579342,0.075897881515231
41.67799576559103,114.9169232918919,0.10345795168271978
4.065380215083717,9.680619944251209,0.004815184061155524
16.59143381040773,39.6797474041064,0.04034700546381711
107.71544104608898,249.44560583153333,0.2747458838286376
25.440769748460983,28.614337527424528,0.05079388547126663
15.892949309551025,20.728046320405756,0.005812544283847895
69.55671954918306,158.7752467142861,0.12580715133810882
91.05094379882424,226.8476380446705,0.17636969835809693
1.6810983583050865,1.844415668855708,0.004994034391255104
24.069869909321138,40.42405844878962,0.06622211575127097
91.41338988786545,149.06304520292144,0.11581557824454829
12.149077588572977,10.874498815758185,0.02347963532261407
95.56084768666844,95.88634505189009,0.1376811574456433
72.44121861223978,103.13484059162349,0.17296343365559402
142.88433321961733,413.8461530884983,0.43311039900864734
132.04823353146747,220.46394878467657,0.2831715544599016
61.70738216583227,151.33950951609506,0.12493021373919981
4.018709176308687,6.874599223312679,0.011615874803144816
28.608897260160322,49.78074107691792,0.07517100647811788
44.5060663944339,51.705619403231914,0.0938491065060997
122.981811495212,236.19799995298007,0.27776517605784823
2.937471131509538,6.760602625176307,0.006989649477295976
9.773921117285495,18.155492593308608,0.0236286516944025
75.99241820847863,162.5387304995458,0.1184981768370441
4.457252903683792,10.418707615229971,0.010657353241771708
33.7633699656122,39.581839010737156,0.05328752937762509
41.02131514451751,55.866297291279345,0.12028270261397848
35.59594143443129,55.285946022557496,0.12151171612464011
49.44248645983638,92.9184339331835,0.0975565443058397
157.06844889852778,247.328848024032,0.32551281555531836
50.07170397514681,74.02455442024024,0.09875754162374248
64.49450587801824,115.61058900021139,0.1157985618232407
135.43593537441356,346.89825072551236,0.36951274361749087
8.547654893922786,10.021821651391072,0.011065292429883921
38.96656975330376,56.89093038038591,0.08996722622529951
11.989918126369828,7.428563206638948,0.028167553484352927
96.97049990994707,129.251124077626,0.11345733707940983
8.969799909631716,13.938725629632193,0.00734257669571625
139.87873847678304,250.77026772684897,0.3534668681848897
66.28460826953173,75.1487298390548,0.12898627859445874
44.08661545946637,69.12060335393488,0.13600292681744713
29.3177472258548,62.79029112444661,0.03983977308282544
72.45329751277481,113.98461418543812,0.2046174612064089
148.01273412433622,323.3790588816538,0.31517886299608083
62.282994244128304,153.252761797549,0.14254248508451947
184.95198191062863,189.8392795406663,0.22867335811461348
6.217603240837176,18.277704231989983,0.021368645426323843
5.440206057551,3.9002239382526165,0.011345903339683197
691.4828856032432,1365.7326165455934,0.8561689378274248
2.1632528004766383,5.334792636409636,0.006034294480527402
53.13460264115719,102.74581424322167,0.1448838929508317
44.505574499180995,46.6976113693016,0.06975863277477162
14.347896370330071,23.687534744346436,0.031365395071474934
65.21159708580954,118.59295454177598,0.11139565612580561
18.875158634773445,22.02236574078238,0.04642633125795164
44.62066002319325,43.82450841730141,0.0631239839955427
44.232334213178646,40.224665531665394,0.06419092500184065
8.366640346932925,9.584169052132777,0.01941713354616579
15.593968210392934,12.425230949245343,0.02999819558157591
42.88924317642382,61.94423681717547,0.09270939408195758
7.149396332849309,10.292416714068178,0.015599696794683189
219.35796654090447,269.54592655682313,0.32087165711329724
5.684116280709214,5.858279119697805,0.017268925817700752
14.404245638119724,19.00691173425018,0.0340209781351881
84.5433242559833,149.9118134206166,0.2579629512183068
74.44516420696887,159.16632252267604,0.1818565197421234
22.586229856427074,36.90726637609837,0.041789607412566265
16.54033500485356,35.747736662520104,0.03373403119071969
42.489749890345195,93.92360029523661,0.09914451108017758
1.5375123199858927,1.338690056286269,0.003846188442635504
4.796493498912293,6.640406795218849,0.01360297977483169
49.39476628138893,63.09536293778463,0.10092618684918284
0.5985485123762229,1.6969422435843575,0.0017243643244361261
4.729814153456544,8.68541377400435,0.00933253587975773
35.63685930433,56.13755449710821,0.07433154066484587
23.650277227552102,100.82730837616948,0.06078054255766843
21.62591846544172,44.3006103088322,0.021666787676256648
128.79894174517352,182.6257592351954,0.27740943303881554
342.6998644479604,471.81360447502726,0.5517944419653272
191.71164298244392,336.84953017116806,0.4521398262730473
23.57170259117377,56.81462498560323,0.06329929506357862
1.4361762123520831,1.835608245944667,0.005383577524358426
41.076940575707134,39.84029893434083,0.0698922015547316
166.26426250476143,333.2539462038998,0.29789449810290747
44.10221764903362,79.26372979169723,0.06365223887537316
1.72328473135972,3.661512401046055,0.0035712749370770402
27.592580334907183,41.116128499400126,0.04113842252564763
200.9033870976625,146.18526529208665,0.3613152133206946
0.9124984215346851,2.6601909115193627,0.003171558705234667
54.978086842443474,127.89988054620824,0.12887514842283848
89.9371045215368,184.00283152789726,0.2211447370475018
1.1119616322401966,3.0067947184978383,0.003044834379944677
120.32583951812296,234.4512795944726,0.2866885240441203
15.635574019973129,14.083016379689479,0.031044040885362202
288.6415154325242,594.0437919952833,0.7729775702034133
21.297480354569593,22.907801965561344,0.04448799554297612
20.429016645811014,19.429563880204622,0.01761005388651925
27.34382648496918,44.50012685285261,0.0605833733855705
7.4543359676474275,9.395839067834153,0.013247701363567142
141.5131209713729,268.679112675558,0.32675260942501194
29.613886764275385,33.505785221483634,0.061506091962206244
30.60895353130028,25.954902285991025,0.05284611276582161
6.959666441569221,6.757855630885121,0.008629106607412668
12.215050866209454,10.589048504907023,0.034193657983684025
48.2516050943038,145.26116891863114,0.16095962650768766
22.758046579637323,38.61713009327866,0.025610199064290018
81.42670232539875,263.69610101400264,0.26654561511513947
8.09126204032136,11.49237846850403,0.009511875807581035
243.41728236535636,354.5661821779125,0.3406997645347934
12.945228859301068,21.55287831433719,0.03126350707209289
95.11766421749849,203.49061436526316,0.21466157983290457
56.931906663232496,77.9266555840599,0.13145512264000675
13.645622338221612,25.11244217322761,0.021573202245774165
108.00484004909798,164.2600893316718,0.2641380055533855
0.9358571425573686,2.635876519144552,0.002177495154720605
13.372810643929098,29.4619516106028,0.012030512858361937
35.231192531646975,55.62719760578094,0.08366979468536513
47.208174812285925,65.72969118877342,0.13834860141765024
152.91765015051487,242.37359269597107,0.44149976908855054
16.24210176906005,12.432497574724803,0.02469731844332765
12.52274483060699,14.463378746074353,0.014685031798791904
13.038394327853439,26.4466029530304,0.0212004691359768
8.682593842533482,7.201281788473378,0.018184635842770303
16.129065761901064,27.074874813539864,0.042874016144271325
3.0557678508646924,5.863328499878258,0.010288846998039091
2.183717256987872,2.953829485251844,0.00820909284209885
72.85441268414839,73.42470772497794,0.14338605916082778
48.46172746078031,101.58582400862356,0.05695690610054565
25.63691313925533,60.219687751942004,0.05529358591798698
1.1658882584830352,1.8347656276743955,0.0018486829072622748
28.63418714994575,28.546706347155904,0.06696440482900212
20.954435430275776,17.550674965310474,0.044255190729991185
40.74053114533117,65.31617353961776,0.061838317575361304
45.88797873500172,55.18825575044329,0.11777438703338561
2.5963222459405357,3.3088507744231395,0.012391855096106562
15.140662711531503,12.170367840302143,0.030034202130584366
4.111468160205534,6.364538004378286,0.009091842726227478
16.408121806888857,27.848811497071807,0.011316439301949255
110.49345712858127,181.50106472594138,0.24094315241624212
2.2779158149718732,2.4717557836176205,0.007284771490102186
5.949919923161287,4.576763105473413,0.011341465618932171
26.020139613145492,53.19783559721063,0.05920118622445359
64.6813877858073,90.00107715285607,0.14801385265004388
14.816807002653945,15.631490850349959,0.03503535695059161
280.69308908551545,764.1687250946482,0.43054419358912105
30.285632249705262,42.83515334558863,0.05184950689463139
9.845062060821018,21.252355537667015,0.021192948803071023
47.21123645467668,100.91835179957563,0.06354974407398227
48.669585548333394,90.84047770727229,0.06944603281849512
6.402308067306799,11.19511669089441,0.00935837891810479
45.97864106256257,138.02345621634583,0.13494761261197077
5.29397569499408,9.905805592972557,0.02329494160428369
6.768596646593283,5.526517342228118,0.0103298670478488
168.2649143606127,389.455905304569,0.16588817117186275
106.80385479216906,187.9046933150641,0.2087127925893332
57.876444366638665,91.47622607243424,0.09146934719220268
1.7058467355513718,3.0511005164800755,0.004817189478082912
16.145976034679787,13.295899983587272,0.03382381187010946
29.276099851527352,47.12876345658261,0.07612952653053352
19.05738379912553,38.547375895827244,0.014259664389528168
34.78634644427438,56.98355563666381,0.08152254920668775
3.942417781598962,5.518744508412342,0.007528348739347419
61.46959501682586,66.31561860405407,0.11927775354790991
5.102741165039424,6.765982601058198,0.019560725259123137
89.83133909860004,186.1556330898284,0.2581055153382606
26.643312913292412,46.451320185101125,0.0790718106384231
11.37431402077955,16.66030479677235,0.0164164355423798
97.02148032318368,132.1789207051495,0.1415937542043673
50.898979662406106,139.4148689274923,0.14474461574925893
49.17797142126951,93.84831101227105,0.09913197124042201
45.045364864273914,104.1445104511932,0.07575314874376511
4.547362065233905,10.221679116293432,0.011902850794249816
16.49652754799662,22.389847169753878,0.013138515691492348
142.75392330909216,224.80442255620542,0.4240786933289504
4.396996290850298,18.929423206657287,0.0037861654537396207
111.37369659565529,189.36733821404462,0.2744806250057962
88.61642512914331,136.4610172839693,0.24631942587200445
3.702327046038604,7.549668007361107,0.007406737824429462
0.9177784776776535,2.0555914983761516,0.004494660842979651
10.16475038090863,18.431570663897958,0.011049267049684886
106.76781667733327,223.36015103831653,0.2824366660918441
11.439117284145205,30.3643094563869,0.021673621112683363
52.773683235516636,75.62493985523723,0.11560839675699087
91.39539831114352,219.43248253565534,0.2030875101373791
16.993975577000533,20.140990571389686,0.03757888788903277
70.79927661938112,117.4240472249886,0.1435149654128375
7.787960266380262,11.030923578179861,0.008161628218223705
8.134019721586402,7.743375444163349,0.018605800038440503
27.182800766333095,82.30691949296927,0.03866051174747035
70.67017552403674,164.34359904929798,0.1547178602302901
224.09653198896456,480.85020226429845,0.34481149218687285
24.410136053414607,35.735208925668395,0.05797233231307929
125.08138399241133,220.63960899944374,0.26778225871667966
20.739937774633653,28.806675840306667,0.04290783243756322
0.7863059193816354,2.028718430577518,0.002366191023736738
7.861642670901372,10.680727807285304,0.020556547910569014
10.439478451460742,17.081585764947597,0.032953495196064705
124.13236847356363,223.96771984811494,0.25046757145593856
126.9623736072669,251.0207665443094,0.28201382126041025
25.947423694865932,28.559046539526815,0.08535877862827108
14.95960780458839,19.213156008376963,0.04392545484966118
95.01206400301514,170.11206230946652,0.2036515541453095
5.788739570440319,8.79230237991227,0.010025159428812769
14.752073119075815,40.89528998414955,0.023716075095002117
3.489837892016023,7.614699943964128,0.008526797022410321
7.421996772944021,8.669574887741287,0.01061605508651522
95.01597698657278,200.66614851710185,0.11527653105610669
85.90489909388717,125.89763710792606,0.2538616414798681
78.72967573725384,136.55944521982266,0.21923981991151
1.6789461262016787,2.2794831508048343,0.007911189210633147
12.404684858224421,27.770579377852727,0.037082570849928956
28.716046402647883,100.01893604143734,0.06504239210389536
60.206783883676785,116.7244635612597,0.15709271533561597
135.32328116643407,328.5253932534978,0.129790755768484
2.7520385738114665,3.9711454911787705,0.007024639891063279
147.0017624302392,241.15655672970962,0.3517580416254547
20.223770755964367,24.709152435898396,0.03855378658447888
9.624665029659557,16.834918369237364,0.006115896760529904
4.410568233124655,4.09251724003771,0.011500175403724415
4.244834169293263,10.555732377923661,0.005273593899230654
77.26639539974724,146.90622140194907,0.11019655099084458
18.939819648595346,49.02307421004193,0.0709804443397192
79.54723208475194,113.64478293835948,0.1367051986662463
23.02369231004961,28.463438939050075,0.07035334237950107
75.76523933081086,73.64572892588585,0.11562616536679096
2.7571749014472537,6.286510931971902,0.003781185280054724
90.3258070800633,116.86667738271875,0.1852791449605199
170.54301363639033,302.94423664574174,0.33055302294469135
21.425260686271894,19.091159847663185,0.04885866139667967
62.84100846032175,87.29347078798996,0.16845337215264883
12.862379562536358,25.158779931161984,0.036306399375894347
36.800799556118186,60.64390120906091,0.08640002236680079
6.720040762368689,14.386897211791608,0.00848109036745165
50.979123346168045,67.61732608497165,0.13806447453945417
7.597978761052047,6.043960311779368,0.017993114245335888
107.09105103352653,202.713221807736,0.19157557424915933
6.3728332781995825,11.681104945462668,0.011799679591661413
60.91156156318361,100.81927581832521,0.12820101433174208
1.6447101754286186,3.946240863529215,0.004633881986713494
113.06070067594098,221.90885413104726,0.26520564389666096
90.64859373756917,201.21741126400872,0.16364666662876995
4.494394302558334,4.17832815862396,0.012610457511725067
20.404921766660312,32.10181853976371,0.033219470285861495
4.311053720437673,10.382577482891246,0.009441984253462968
12.797279335066028,23.32153275750997,0.017032174111951834
43.382617373194705,46.03457441864916,0.0632199309984843
1.0388492706867383,4.466381907738577,0.004076727611266989
81.61734202586074,117.12504584416189,0.1717568984167368
10.31437551995398,12.825495693418254,0.019377542705548166
444.95358293238587,733.3088330463045,0.5141417707823517
16.98438945405491,33.011622520625465,0.0260751691962694
590.1511949548625,662.2853194783105,0.7018414633894915
78.00503686697256,136.32696518143038,0.1680549809187832
20.353917640544584,39.94852918795271,0.020575584296029084
46.570720505142006,104.18500854351798,0.13014937440186594
115.24195268544189,344.19387107465224,0.3142372267090769
7.809065791254148,13.589340383691816,0.032755760985453845
12.799999146588139,23.12756940792508,0.02855672174299364
2.263837759241721,4.039605281104669,0.006447095097352938
96.45777495541901,158.6158408535716,0.31515114262913635
3.0298075471762655,4.765356379981034,0.04511564914741659
1.9881621853281342,2.424884300984825,0.004780839889171245
4.500292762127048,6.869272147226216,0.00885625643658395
16.324103183851964,17.939511764194947,0.05109557255900555
101.24462871884606,350.8939588844656,0.29502226741625914
39.74283020883499,52.58793659932082,0.1020624975158394
4.20261364486285,5.744700967875464,0.00972194523958354
62.91961907625358,154.53274793771618,0.16127297196994628
80.24131521366641,192.44697796848493,0.15697240692808298
212.76429620799826,342.9969141839577,0.30955167039010006
186.05369135246556,445.642591267356,0.4308423486938473
29.53517264855367,60.63945680796628,0.04044873200720289
145.72082449254822,272.2612357920023,0.3812989775427281
2.2779851759224803,3.5762705639037766,0.013561690279862463
36.538034811846,72.0583820698123,0.09835954476357692
10.550424596305378,19.31591567854277,0.014111918990020298
8.765165874603476,19.548844950963808,0.013000695201238782
6.571878513817139,8.734003953316327,0.010973052719397991
101.72785516475847,211.31786020834707,0.2972374668131943
31.81782206236928,40.34864761669666,0.05568243160237212
183.85912021664743,489.231912858434,0.22869588196680066
96.34774691486709,183.70477575304085,0.25018799341307424
106.09198589945102,169.95633677219826,0.10101488259009699
1.79074972447559,3.152809529110645,0.008289502606068835
37.80041468865645,89.11094075943689,0.07914947389475663
24.50777897028865,55.22034261280328,0.008819843002059234
238.6457288770043,467.4478397864581,0.758928697505329
218.81808262919103,501.640940606498,0.3850610464121685
5.360258627260566,7.543600474247481,0.007778581219878157
45.57488708665341,72.82590934444094,0.07222479022030047
15.120453945619117,14.623992614297851,0.020610747938205897
60.22082834697301,65.96418652213926,0.05644594429353534
94.71667307728652,223.99147858034888,0.2317892743405599
10.501169052114209,19.319866792838354,0.020328838782064765
4.162393902930849,6.287044894536457,0.007948228189843993
189.85985032348108,333.5860168768899,0.5527734417429633
161.73166039087315,378.55078244864893,0.25599556043401883
160.2910302435165,380.05949725345846,0.22689715556440604
42.704900841902464,100.66821009599572,0.0794910226768875
26.020244494193598,60.956969587701565,0.062493540103304344
106.44679728020431,219.41431074934331,0.18310905542239975
9.999476622011182,16.57091028499141,0.032177574196372793
7.97549801072578,6.511007765054223,0.017306726192032173
41.99858360936655,39.867133278956075,0.14197876115833183
26.732543918268078,60.95862860319696,0.08482714725237837
111.90427751832607,294.0409895406533,0.30249976752500884
42.70439243930564,83.93829961666387,0.08056880850862977
264.5280019029439,745.0977237695453,0.5321644794347025
10.532555109579976,36.109893109833216,0.035384353421486464
70.01019626731635,147.24010736106382,0.1668387868373903
12.23750810020851,15.304037063018402,0.025856668008399874
119.93314023023846,156.90187931747835,0.1614516027574196
12.503053252307033,11.001421996897628,0.05048454074856064
59.37328486382761,149.34687228883388,0.16031032778079202
28.7193373326134,56.1078100203043,0.08490278957762196
59.161541552307995,60.623050224655366,0.07686416729741403
3.460113314830006,5.855051463939938,0.008307404837587642
74.80115068160954,111.35459107478658,0.22590251780864115
21.988817420435115,53.248329705986045,0.053618565616404976
16.236518582814593,21.64507300745112,0.030286823525600796
133.92460729737215,336.8284226589215,0.38207170844602895
60.46684844640855,97.6778281293217,0.18477040315171006
596.5489359365725,1267.4986463679204,0.6740666129343447
65.42881892362277,151.82897760916296,0.12560204642987305
5.504527744934353,12.29253581821665,0.008898242285119814
76.16317462659502,116.64770219857003,0.052369029805858704
131.97030104016716,241.32672539473975,0.49271175373198434
59.51509776870827,80.11200357076369,0.11907878332977587
63.202407639234536,111.12654822373277,0.11421332160855757
9.721777737961098,13.152766413378306,0.049705706467659136
66.23389327848504,144.23030095242206,0.12662041708681798
81.88956222594732,200.1887039044369,0.16788533253890683
88.994937079691,188.92444530003993,0.20948406981799736
111.12358066927601,122.19784585563168,0.18473496999217145
54.42376681620189,69.94512300870676,0.07716935909619387
26.172531491757816,36.18918766137541,0.09173712821311501
5.915906567873336,12.13386719022228,0.014283425716903858
4.24787377541575,3.46295476191171,0.012499814233138062
8.949670895079898,20.587318499051964,0.010404763511703876
9.688913256757148,9.158190119598329,0.014296574665028684
11.700251958161566,17.998885523997888,0.02891059210196621
59.715867910760736,91.09553956033345,0.16289302231413344
24.452730278301498,23.73130427259599,0.04053418728522248
2.5296769431463444,2.4564465537107827,0.006431991959596853
4.751857563834487,7.170109958462385,0.011214519791791527
11.167718819882905,26.299874645795427,0.023392090541232122
57.187749853669025,85.2188368540423,0.060902599791567584
75.96500562524685,314.6698643334708,0.11770161819507953
182.92941791234605,188.61798401099253,0.35723977318216615
15.580019131254945,23.599164673525088,0.034159920783035876
64.58365660784698,100.79180148506144,0.1268230019877958
4.111368289760409,4.287051221637353,0.013029751663427104
114.46316823555465,235.18616170284236,0.3257809338043106
76.63139095435172,159.36428789722055,0.1722214203357734
5.231154398133926,4.233193213523327,0.008148514372237995
4.109187747607535,6.550809626659332,0.023268000882209542
21.42360401293966,19.48394187548279,0.04438524786775747
27.49048837114492,24.348503725399613,0.05423951818356552
2.6854313307090254,3.456706217284284,0.009229667175561704
16.435255492615486,24.890704175380158,0.030415219441400347
1.2003172619095952,3.3373433414761102,0.038865050699610944
613.3467831054866,800.1552507097538,0.7274924599029203
69.33770889630122,138.95851680305992,0.09945033197769734
34.470781152640846,66.93520491471781,0.04792719948320977
11.121125084795766,15.250586543775412,0.08774012718731954
131.6098397009543,225.20677584700888,0.318263155409449
620.0139721032983,1650.035407713561,0.8197700322063425
2.8129176370809077,12.853968920040728,0.014275883404940562
77.97385879315738,169.4633717913388,0.14395249789530556
12.186888470348961,21.78278548061806,0.03856395457820307
122.4594777164224,298.66768019201754,0.2520076071224613
3.2777345195707053,7.8562518590357735,0.012188996715484082
70.17240996087892,194.37517881301466,0.16708496443843882
1.670464259177881,1.5762443896580944,0.005522039834731173
26.506021698491676,37.351796741192686,0.07658075134300288
50.762150391185514,58.36790176819617,0.0794633405224356
83.82422219487341,85.10120912248018,0.10495325318288481
63.45443436990845,95.41368323115717,0.09234322342932019
66.560463257438,110.24398615599029,0.13234241679537903
60.34803460362945,98.75205267979732,0.07704137117281572
5.710546074020804,8.728785277259407,0.013467580111835848
97.84178088302998,147.1828379944105,0.21474518517709845
54.58403468829163,50.077442225030055,0.09911299949615217
14.1524763966274,11.554092242910261,0.0364100943110453
24.876354587484293,31.773329000525706,0.030306889494404708
19.44135197516436,58.23407354449814,0.01703570683989259
1.8092634180355371,3.6738222523953095,0.004977275555309621
94.46100068193888,162.1605354431593,0.25334260966894245
42.79452964109078,41.11801506625791,0.05692188355349216
7.2606555702535776,13.176700320957318,0.010665718860979369
8.10776615306138,14.454475110480393,0.01113457035129147
203.33414059508064,464.66200472535826,0.4771313613657828
17.059658587024604,25.83121742146132,0.02085319617495875
31.993736102026105,35.0861471372584,0.04829044605519005
87.17994219014909,98.5831556994527,0.15001943104697718
159.54940229383772,245.9272960260376,0.22913969208251125
29.533303662727064,35.445831425796534,0.045688809384172475
5.63332901862124,8.262668892158155,0.008346925478729766
45.32879975435988,120.39365703649685,0.06806523195198826
12.554131337052928,25.154465037032132,0.032374647653309004
106.8507422354873,206.1418573826145,0.1894018713319055
115.38069245896737,129.29889015278107,0.1873945363648652
249.21712912301567,475.33450565583394,0.4847199104487671
412.8518776539947,603.4291453620576,0.6484303294908117
23.17578039403622,26.231441096014382,0.0408226941044949
3.4632027309823377,3.7710017513120193,0.014764358817143209
14.0703084758327,19.28667768463579,0.03285828591343275
0.40715772240175035,1.3842987874271677,0.002302046789189703
1.9394745039166768,5.984788562649953,0.017750489801982204
10.44922367763418,14.518213753232477,0.02212190207596625
0.48274754116972224,0.7718915203852325,0.0015450844819865442
6.401736566901495,9.134695854623471,0.017725836455107585
17.65893347212385,14.18151929997837,0.02030134964378329
99.86466155225,154.26867915416724,0.17857632968525886
21.869519417880078,33.066566167459435,0.028507821104855672
14.456693597485877,23.205949603450566,0.027647249228909924
0.8182224138932959,2.701237975168601,0.0028850699917220817
291.2738379573775,549.0837399752801,0.36097103299746947
16.44438499119297,18.177223265035792,0.020149312413576464
2.286780893536987,3.5567867560385933,0.006083167872594242
14.101062702584459,17.957996299503893,0.04110190437930571
58.268530017210274,134.19665985769464,0.12418609713619783
82.91878968262449,90.23812553131035,0.10003346951917559
103.46435930084698,110.80311306468498,0.14780988110957852
121.15655068430998,198.3589945548838,0.2664584516766858
117.28787141473146,142.72191467463946,0.1622804205170528
10.80834232166092,10.28014357920501,0.028982859134889963
18.506409831590325,30.610839612951793,0.05050274231331415
7.168119595845296,10.884061359520388,0.012723975411260855
3.125689438140805,6.085445512747206,0.004210989793938048
38.39779131709746,115.35547898312304,0.0936140399180877
9.488227977718864,15.550679326420177,0.011887964305600478
23.078874053242163,57.828091274174426,0.039447256053079256
16.24284687607248,34.94165187661113,0.020440459139030764
68.80670429669723,94.79560309857413,0.2193179741418382
21.0976521762415,22.31611753250805,0.04194762452422123
33.912873893962185,52.58397379445495,0.08433598039866415
84.66092653002396,115.25897585440232,0.13318007467523788
7.982855037868816,10.895661465782446,0.017795172081935137
21.90473790967768,33.59767169336398,0.029701683147143814
94.1496042348749,165.26801561523405,0.1658945754153865
21.494554538146716,27.443887144398218,0.0505427405351167
5.972459521817584,12.165575422379035,0.013669424242146346
119.25194568622544,155.58584291337797,0.2914864694896392
17.761907940366328,15.074157420521786,0.031631586417620254
30.60663939593412,67.98465488636673,0.06504918281459456
133.01011437674055,238.40766331742822,0.32832251271377005
6.7745735050729,9.249443112423176,0.01067473394884612
139.50654799056122,235.12547064895912,0.3627830899832033
32.53673049131834,58.3514944140727,0.041642589919504765
4.73758691470775,7.621530773455452,0.014157025084066601
95.12877151663419,158.89959599482785,0.211268824245591
43.75715988887212,89.86544023677152,0.07074119971710925
4.731277168513979,10.606179277842433,0.0054969464153472565
4.069904886540609,6.114274020653129,0.01350307546203769
144.0802377065222,319.0303266599338,0.20362869970073158
6.794674136792025,8.458300344616504,0.012860566393864275
6.064925761496357,10.971146198775873,0.005895236329901192
31.011763833110972,63.097854311887964,0.09045515671658105
3.466789161914237,6.02688730945892,0.007563107722391452
65.04095115749014,76.1876350291776,0.09914524568549124
17.649188400810672,23.56821020672478,0.046251402725568366
48.503586290956456,73.67910115882324,0.09337479004900641
35.47000430240283,156.5903049721064,0.08922098817523652
7.249320975881958,12.620983558792103,0.005486958708923496
54.460075866668,126.19024857761399,0.10422601206053529
19.600422500743115,22.53375301440918,0.036962116668181694
184.02351165830967,318.82402390574964,0.2581815096018073
3.0914928615760475,4.9990725709420465,0.020663330157760815
54.37995457982262,101.54082366770486,0.15364344291250154
152.37814358590498,290.6248729030555,0.2533834467890769
2.8534027868169236,2.714897079061299,0.00732204898413959
104.10755260589843,240.1817571104776,0.2012231519990363
405.11211449104366,824.7180846242801,0.6463832277505244
56.34095640556235,46.7736698263691,0.09256375992980953
158.74652963850636,261.26300712531344,0.2971718076926243
74.91476275942291,150.7001668317902,0.09325975006072942
42.31555695004519,40.058423671197495,0.0530132400824045
54.241992925472076,75.66322963149501,0.11984425017886298
12.502481124998479,18.688949144893293,0.02027737556812362
0.6727107556447369,1.0094594043164373,0.004930159464865042
460.9000909763974,700.8712806976738,0.6516307091933274
44.51463709475115,107.03656197638489,0.12944122248276205
21.473811684294382,31.049245137757836,0.04189615432823269
14.670450398957334,16.676593831165068,0.04831886641310516
14.30199156765957,27.47855474915714,0.014317243325303163
58.46948885410365,87.30815217424907,0.07710727529780308
33.513343788172975,29.628604904392642,0.043512044648613024
26.669593571105548,23.032278962962675,0.04797696399531007
17.69678849766786,30.362434550580097,0.020730057879888915
166.5330488908123,364.4545059770229,0.2240305511980319
15.3615681856142,21.772996037862782,0.03054333211949703
63.23697979138535,151.73918234531183,0.1520868332107824
110.5740993077191,232.80367879561533,0.24882045526205746
99.91438099283538,179.56450222965552,0.300109399834562
7.4905324289301385,10.621165577188624,0.01398663160491512
39.9207227534063,38.04439025357799,0.10040043005529552
6.87979199920054,8.638363525135546,0.01610745193933497
67.60768650168335,169.86317108738487,0.14409518744553942
1.1591864425353684,2.243986356046761,0.005335128680567019
74.67709310771325,79.24338304325181,0.12524741293632724
13.025183385027571,21.18889827247004,0.03464199309045615
7.987836803419514,12.653903902440721,0.01570168712249123
29.96266022415112,45.44853887333377,0.06357180405349547
37.85747554640326,47.38755760296761,0.05428658755392018
39.64184406813254,76.12691994826072,0.0444794988866919
6.714639117755865,12.91046089478696,0.00819203267825918
13.895779803348479,26.077854925850975,0.02279056119875048
21.314200062790817,39.601097557990485,0.01895444608215739
13.000686073116011,31.1873444329992,0.02214111220894294
60.31058370696258,279.9120371049108,0.13081271126510383
6.928727597769901,6.101382027506947,0.021471444509698505
7.016922995176645,7.19969019640985,0.012377082320241935
34.90039708573379,88.57873456644084,0.06170208409001364
47.053474191219244,83.39361243568504,0.10777439343855535
445.5163213605641,556.9189310993188,0.5634150042174861
88.99799311427759,154.33047932589324,0.1966797767008007
24.033468369236264,37.443049411811685,0.06676355140762966
29.34890144720438,52.71921178771514,0.04067667322562276
14.388293553989481,14.85247712088693,0.041030715127953574
6.359371231386687,9.506116331303865,0.02279002219745409
191.92136130875934,343.2112713977663,0.460402123889348
173.33147946889295,431.41767002435734,0.38021497858295966
29.713201748613837,58.54544207110977,0.05710705361996333
2.689503438688683,2.6173736760958866,0.006270251426181769
28.866025793950335,47.50538808687261,0.07910275674336065
108.10953545858135,258.87325002060584,0.24605811155576085
40.46861174381914,61.320240742044014,0.05086699984827936
31.65713609040429,32.554863885381884,0.040562102027294704
14.010156449424965,29.131889265799412,0.023074302914836763
551.7949291076346,545.6563823236057,0.6029593074533247
46.20505791193426,69.62956547106592,0.060742966210399825
6.409984412658873,5.471370651343549,0.009610666074422514
133.69110607336913,280.0297940625063,0.3419754669821331
57.123475897874805,68.49433755106416,0.05738659694420706
2.4461850635632905,3.6891180045137073,0.006280252461785185
34.968192715689895,36.79964032801647,0.09316789068729991
113.84081020201234,225.97775100886673,0.29049690437837344
44.33276688270924,102.08660313640027,0.097595649362276
37.351792925694596,91.70294403529101,0.08280596300763204
12.297614365416116,11.950399264662742,0.031014265061946017
23.955581052051787,22.78362510504697,0.03523143826257002
129.00088441479033,238.820519255642,0.1818572666517716
442.3469388217028,737.9094907745935,0.5778408210817545
10.527144831197813,9.009848086206501,0.02772149197348906
7.5755496948884415,16.773785828184046,0.02438425906772716
30.763511128653107,56.616233268736416,0.06125961364121744
17.845214232262013,27.769990553672255,0.04115743291040737
15.108663877515971,26.412795780654683,0.016791985124058377
91.4175524833359,170.78267866599677,0.15949431706523323
9.934929891592079,11.283941942840194,0.03297631739414432
49.32252692140721,62.41537703839424,0.0878496490811637
139.63946421221422,213.22778827409854,0.376358033690459
110.40226449735131,195.71608553178874,0.3074570782398524
60.55040858392044,130.94326064234093,0.179863661574758
1.444996403913804,4.203644127069404,0.002033137147695084
260.02569216778085,353.2274275588917,0.46589963946516777
33.46878924459336,61.5603199350635,0.04464727575314863
5.668237824759218,7.888026955671197,0.022321973419634312
76.07048649066901,150.10903452015128,0.20823922475668186
23.73953467474414,28.01960503256346,0.07370714085110756
194.78730766300484,394.2022334437445,0.6619247973034588
10.450495505761417,17.367799400749135,0.022332201942375698
0.29756987658883854,0.40136212664015086,0.0031206742556295795
46.81339150261912,64.3674598318393,0.10919903695780653
90.36860143761643,178.75334167044514,0.09312257190728912
126.87380171703082,280.6028497762157,0.258519161695115
316.5126634325289,395.2632190012972,0.36650954082101794
58.60673183598589,89.79861654179986,0.16426284953886486
3.2485796679635563,7.9638894563930105,0.00820583928483973
35.80075665530213,59.139476403591864,0.11559611422011375
6.93615822622697,8.615637507841805,0.018706605969920437
4.841894467327579,10.627189198251566,0.00862590634709178
13.950064087584694,19.086111978138238,0.025397989532255895
17.89283226563916,19.375751943586092,0.04479976387010753
334.524897859193,512.7128047878115,0.7821972651355376
6.766091674774094,12.15124733690343,0.020685108812310005
13.671214285573516,13.597320596263476,0.02649456123235887
134.9255521677362,274.469694893842,0.3951426314486277
7.487292898500822,6.611184982362599,0.020959176716007378
71.22455972248393,59.79474995300616,0.09255141823533977
14.070430172465326,18.7952664154559,0.030120164319391962
17.384264707361847,21.544856697334648,0.02114889633261734
442.7891094308565,807.0039747175509,0.6935208699131249
152.70649315955154,308.39781003613695,0.1898175407043212
145.3688298892355,281.4347881987156,0.27628689114912197
4.582244955958199,10.779481574796925,0.006017784337280961
21.624302342413095,21.795514655868537,0.04598061763241558
13.38273904750229,10.013917375304358,0.015975005319114725
9.386561984635042,17.823003951505225,0.01483705528955488
48.15146166160292,71.63780077473072,0.09241422537244744
3.8090841136423985,3.9761820201162394,0.00895006941767245
1.7399656185437906,4.213861163326475,0.004842185363979351
48.63320179377337,126.13514585403308,0.05984241227254435
10.853368050204866,16.560518158295793,0.027058288719108738
10.827858116100856,14.810114851844528,0.027088400731043676
35.66388410904144,73.7406103897575,0.06986336404732849
13.398386593246233,15.137843018506768,0.02918674443938595
13.553773180961882,16.61801614506327,0.033611266203101765
0.8492841957113181,2.4605975249168517,0.002026500933127718
3.955710499211594,4.591418703411708,0.010026530498577687
0.6548047229256426,1.1731193644716393,0.0036817853918074015
39.71567555591458,58.55279371847544,0.10359222038237674
403.4993308826518,582.7425021726813,0.7043832335922071
86.0116879507678,126.0841579046009,0.18324789331079275
124.35292988708017,137.01732367982058,0.1881796173957812
24.396900734198393,13.570829603820556,0.024955413530253913
2.6481035800422137,6.117003446287996,0.009313108667274302
16.39446475501947,14.611281858078383,0.034638181410919046
22.03715926467934,32.86834853181818,0.0621757514618124
54.87053214448752,37.69558922365362,0.07509046951608762
5.908025210060871,7.617841671788391,0.010797045531037913
90.58373994561184,178.58696937840995,0.3229543720581884
78.12767979099549,205.94115823950298,0.19055232044534434
547.5813506117702,769.1566491793176,0.6121657290882228
62.548787156753306,110.30924051097394,0.08059542858469781
40.197171013151234,64.05603770126469,0.1393783522158768
56.15492858867866,66.02621670382375,0.0854442116267462
15.25071197496125,26.693444293754037,0.01581208662670077
15.434370270496244,24.919804838918875,0.031234447513754936
12.258563442484576,12.590451184572064,0.02826381328541581
3.4366207137208904,3.6568103946209587,0.009129634766039675
54.11375194909286,73.29836833750646,0.14283640396372801
2.2207139364433095,2.528525481034514,0.003778750739996017
6.774358716559331,8.620736785973843,0.013974061147141203
28.769181166324994,43.45888743758299,0.05645752706071134
7.757072372808499,9.03726563839566,0.01899067871530337
6.068686124036011,11.06973372412333,0.009537793699006342
25.10955223378855,37.08144276770577,0.02149031720443783
66.29130367223573,156.13303556039233,0.1528995436473341
115.30192651951648,131.921738947549,0.1597923615205645
0.8026642015190742,1.2475549646210011,0.004394455208515219
15.369271556900706,15.08527656683243,0.03181371309975563
159.32440581674382,274.70141644599903,0.2828200243151914
146.96789956757686,182.93890410246212,0.42479332760735516
101.6180761062468,132.0045869394869,0.31043684812948846
1.0383266292394935,1.2837425369815418,0.0023852977636470373
12.792364290630173,17.48059288982685,0.02966012421938787
164.60616661539754,346.78729078727014,0.3848294881667683
3.28699725686645,3.49548802886541,0.006742964195983627
17.821772163592875,22.462282298260334,0.04111960521750018
27.291985695764733,23.054210310175684,0.057338703568664676
587.2542371070241,828.5246933605952,0.7282214561262018
49.92500996781449,151.80803728173458,0.11651375530911341
135.98012435119873,292.824514646172,0.2002776233091663
2.259153740841123,3.3001037376331146,0.003527830568876016
183.0423317077885,399.69434429622964,0.251442706287057
98.37207206772433,115.83676078463961,0.16198660962041064
50.78671820684387,41.773153540584566,0.07114447345823853
39.37536845253616,71.35395879649857,0.08828007299259866
0.9460231468724313,2.905742272237613,0.004881644769213957
25.537414202770414,46.14776104901304,0.08069363030901228
48.98676234114263,113.68097654525367,0.09255095506571542
4.463931253676172,4.302763966543734,0.011684311425389738
102.48774871583899,148.22084803031615,0.26604872102576665
6.67668714115457,8.41580494302651,0.022025841167416446
29.77010243552778,43.9063034530365,0.08373395570154599
89.40812679808985,158.15299869452807,0.082852468259157
50.72353789604572,82.20955665012653,0.13764571680378493
101.41351140546693,228.37316112676223,0.17849270636565928
156.39056851173763,275.7241593726367,0.24817066987531924
10.265435629141503,24.746452610580626,0.014164712256575536
3.7319585322534996,5.369304272728229,0.0126600022532899
53.86734590100276,36.57539618098863,0.07266501651664742
8.618293934020354,8.008831543377823,0.010491125600685752
37.000753625869926,46.919067142887975,0.0463244520813732
26.481571968884495,51.54757577836432,0.026377799823813393
24.257136988384197,36.03343514034308,0.03960975446469668
131.51746270301086,224.96600641753128,0.39753846807607324
33.15613565705491,59.39221517114728,0.055880637290423106
16.53604827734859,13.136896113186985,0.03713332433870352
2.7518079406574216,4.309603093911773,0.011374878272680309
107.0531814986276,155.2821583947334,0.19409451689168522
8.349610124389894,18.271720526465,0.008861443088352036
2.133529636008446,3.4467190802407766,0.01236148947397695
174.98544074526717,323.56050913150045,0.4612054807666581
42.913950216692236,97.32983435329827,0.09707845559334122
41.963125137140494,117.90953767108218,0.05159768182896033
49.968926953117375,101.95455070688567,0.07849859332970245
85.18375598931716,156.21349504392143,0.14528254758282805
345.4090905662192,699.5432001539647,0.7202195242155359
125.15148054228399,175.8026529929748,0.20380560077176396
183.6476911482582,326.89387856691735,0.30845341251168346
11.673946323375501,13.441966158486974,0.021951335002043066
1.6432919194379667,3.9635068496621093,0.004772150599302898
10.726440285712355,14.097987570258928,0.019912990095790506
31.45998610187618,34.80105232796315,0.06393450506766003
5.364288753596185,7.601658238878494,0.03309027550686262
108.25672584615106,158.18883117553278,0.26340686424742726
116.10938145657815,246.67365604600982,0.19319059705318714
9.109940200099278,6.994960965951903,0.03099397652576138
92.42960192038927,149.55212011848613,0.1396458641821401
52.86911451499337,174.70096751161844,0.10301992159366648
1.2099497606016503,2.8575873195883146,0.0033199853099945657
5.09643762468678,8.418345211336925,0.012775542833052744
1.0266265708695022,4.198462926832101,0.0022595347427008367
19.14294811339511,36.275701484814974,0.033727555063020595
95.83001021817422,162.75667434696098,0.2661474403201881
11.323703956196454,23.700411722893158,0.011333065219110082
361.90894555120514,525.0674045385111,0.5215727357275186
3.0684905460001817,2.9908042909219765,0.018000072842368466
50.34552995178405,68.68012937256816,0.0947996033759245
2.908435368547709,2.7299283974396817,0.008819655732988084
86.40542202657154,127.97846239258065,0.11139835927036056
11.998773244371522,13.753063599953478,0.03340004322709452
127.37979661613988,217.29236423836048,0.24175834776635405
113.8291969051072,248.88105958788654,0.2680854246502687
51.291575762521994,42.494183865437414,0.09273972876856573
48.653315658481574,67.47470457504352,0.11347973288604676
61.86786896512842,68.20793774728668,0.07387828435772074
2.862733847710542,2.952949797334089,0.00817082273091617
155.0819862489763,329.30987110449934,0.23321274364795425
0.3964905476923437,1.3401366033356905,0.0017685336515205262
0.8940755185009034,1.4894127172682128,0.003042716702107765
13.628065783953907,10.781169944860448,0.02845348502372248
159.90971593071475,233.06986353379168,0.19795722135099544
1.0917098631898021,1.672789491395834,0.003877449244412604
89.21004289518908,180.16555163221057,0.15059032380513168
32.10047127038918,80.3734102694995,0.08779929357457285
57.682072409254836,73.60315973213883,0.08911871199522751
157.95738397806647,209.7150389237027,0.3904421400725065
251.5864392116848,493.22801689566944,0.5547446109932203
27.80597172493572,36.20615239073531,0.06959606934310207
35.351793309339676,40.93943522487465,0.06498722716449817
55.30656975208106,117.23523683883387,0.08193163472344164
1.9525748099612517,2.701106765770232,0.0034196569199704506
1.2826151572737667,1.8843196136715654,0.003748888881926345
5.910503983189384,4.857043150471549,0.013249691217477958
32.131926732787875,39.53942612203872,0.07115841512913278
3.823758032163807,6.691520284723803,0.013375088403055718
102.51538719348143,128.29531385718153,0.10667362468783669
76.28465741485834,136.76228156260527,0.12423343492654207
106.71481945738776,209.01995527586243,0.20030676448303908
4.952903971035145,4.446522614337038,0.013541428644386427
24.056647175779545,49.46190021918935,0.02401450865363215
185.09583276996716,395.323878027639,0.39691284698732243
97.58474668460968,210.84881676673638,0.17166198453738493
12.580283957025726,22.99092833053853,0.06660571323722576
203.22032627440365,368.0383543168935,0.2152879492791644
39.05602159756576,79.49324450513362,0.08112252704117455
72.47043235484416,103.90881186254161,0.10622632015734171
8.184832584246061,9.82084040977189,0.0336440297345955
60.61156642881969,89.07226960329348,0.21053908337230773
72.38431803503775,146.4885566091153,0.16823102230210024
126.41234124569728,255.56946390595724,0.13817589579949735
279.5941395999284,455.9332013029543,0.4437304793444337
5.197905511326809,7.365001971082443,0.010441170159018121
7.951196884456175,28.450138752982127,0.009712945390918715
4.762924436594869,10.600529768824543,0.016485705407183932
7.381555081222747,6.3968189639491335,0.012500277835014284
14.931472571131188,20.164608185729122,0.03356874364518193
13.548224906063025,24.676496626229046,0.017632391563178595
34.17004265454006,44.63682910651064,0.08494501632987975
128.9521541873719,264.93813385941286,0.22827204931230238
12.44158521275124,15.362754352746745,0.03709227622442505
1.4775204431867408,6.699291882833067,0.009370877558302336
18.396933906919106,33.10314415938039,0.056106617305457504
214.7486179024946,257.25302336884505,0.2552222684559055
6.977570960990933,7.551363045607503,0.02024839688424015
6.001535889819607,8.015781581619931,0.01691071179043255
102.94611751847832,283.6573069200284,0.1289485797293407
10.664371175318667,15.542902486760802,0.038986268180574844
6.876509444886839,11.427038243489038,0.01754057164084659
6.810564680268532,8.533557770486786,0.01901127359196092
37.88141896651562,51.37118060606226,0.10073538987094775
20.19920128516715,26.199514531748477,0.029457249361235945
6.691947226520449,14.86894004044333,0.019145669727726328
8.077712976754462,8.81201961270496,0.01739214017009387
75.60760508791691,87.0224692800873,0.12076197821979609
2.0017367412750713,1.5789205545553542,0.003671268028553636
64.59272382738811,134.25276859794775,0.13535810503480064
0.4487294352674992,0.9691647098967541,0.0019081738124549356
20.999103361482902,35.09777721828634,0.027862891826345104
39.67839110037017,52.952288565882775,0.07017302792964095
5.199640181979226,7.284209349594592,0.016905021745178803
820.031027790499,1054.0206437290983,0.7623312495128366
24.69091631652821,40.135548664472466,0.0734986972258148
2.463036458296588,4.123336234975909,0.006502712432899056
74.17173622145147,64.40355675072169,0.15437672064924982
66.87760550216316,233.5104862865057,0.12532727442143177
33.59785667787318,40.21205101386412,0.06967789789213528
14.02807026977425,16.649056632387442,0.029856566411943296
38.14287309850978,48.29501016683976,0.07101867934956166
79.49237091596493,140.20542270442633,0.19266534418212808
8.914642214133258,8.006707377666283,0.011682549015974809
137.87319871732154,337.1371088582303,0.34497171966284207
73.32697530388273,184.73330766981672,0.12615808243133067
48.725739175326865,102.60144988963542,0.051547036662512556
229.90618618771464,445.8722276680764,0.42309922822898843
10.651643556225608,21.397705694902516,0.0198807242279758
59.12238571668522,85.83655870843528,0.06572802341227445
155.01831638946118,239.81398708205347,0.1550541642577893
2.4878159988681503,5.270594302078565,0.003553187014724682
112.25497464550779,242.60272914265687,0.20535099662959141
48.12077212893251,67.763842865636,0.06864217562505566
0.7373018473212295,1.6667525862584749,0.004515730322387107
295.3099691496601,556.9548726311461,0.6699097031808037
28.331632515267543,56.821466289750546,0.06417063178487899
79.30838472131357,228.5100612119673,0.19242896996913567
83.93461209561113,197.05105034831655,0.18347040404549578
3.481455050191773,3.0533869264508415,0.012711456601030397
12.024626771936573,10.987432645447129,0.0282534541096921
3.3837898704411478,12.013054028212938,0.005869262305773443
7.513256264343503,6.509890140814322,0.02655835435302833
26.935592299822783,39.40880489777818,0.05243515378918187
36.26730810974556,69.78810796374864,0.053442465411028824
149.60040715393856,232.7393344912336,0.32465392720710573
6.953248061135762,13.89813765735309,0.06361841451957824
3.7287839814187294,4.341837603251053,0.01969097493530021
1.2758467228465635,3.3736891188661144,0.003463229218920979
148.31764145461375,220.5059085385786,0.2991253302520169
0.8015530192645277,0.9590692285941993,0.004368015481747466
21.36260061089114,42.89563702930436,0.03296520636109277
20.91529971559375,14.023846706223315,0.010681142873476053
142.32699513951925,264.963473196132,0.5369579835994548
38.04329360488746,109.33603416434457,0.09302827980462366
124.618985840304,263.50743415546754,0.3947556219336883
97.26718251695092,143.8591464147254,0.19466775425927785
17.25732091182444,17.355571461635503,0.0316541938317918
35.38361470956528,79.23060411279816,0.05633070413518168
9.891659738972079,8.098591561532547,0.023700071827085768
5.354420925031613,8.702911862700311,0.01286315065120659
36.728180563273085,71.47923196012135,0.09392438414902314
111.516469220433,83.76767963071978,0.181725855874956
5.219129234536349,6.477914528394723,0.020643119548134685
12.137536838662092,10.775806554159736,0.03850938072807177
3.865685426112931,7.424172195235617,0.005595897127308372
200.8131774526649,376.4688233113851,0.31367903489677157
68.20363339943387,80.50647640143052,0.1273859101608292
4.618228096264854,11.806878712011976,0.01237385775513193
23.234176209088762,42.79208498435672,0.03586063198010451
86.20210562911222,227.6480286400554,0.2398254688953451
1.3353858788758992,1.3351943460376252,0.004700021658535502
21.658792448916774,32.165031775668446,0.057889631362729885
321.16646070134567,558.6204358914783,0.24838003100692563
227.174946364359,257.85425552951267,0.21322891263805843
29.08946669376747,43.757612301912054,0.073276595509975
28.727291790902527,68.80643204406147,0.08204529600053319
2.999593841945808,5.22613676939216,0.008681532423693936
37.99035607030938,64.60254046192486,0.09347602247577298
779.9086125819481,1357.6027367315241,0.8330121493690021
5.360039531198976,8.74495052553664,0.010803674979767655
37.32911915317944,85.2172617330177,0.0665929896978972
182.0924495732881,317.71625882633026,0.4930908195946002
92.21553213514757,246.6617838549191,0.3643521129579521
74.14768578647877,86.43708187792859,0.10704136955665455
19.160479039331484,20.31984946947067,0.034069661078162373
108.59133134085089,117.4152604182676,0.16742427985603933
0.42440590807167367,0.8512527499845539,0.003641889774726979
34.39595119672234,70.12878416377822,0.10388963448337088
20.136842457792888,35.21845547246705,0.01857484078884096
4.743110116079583,4.44651593771097,0.012820598835105492
2.809675099608493,4.6483602858521555,0.011482454096306074
123.38120662822342,197.21637662362718,0.17208237537941795
1.5711988730272903,1.3144015282356045,0.009327127345755642
0.9827586502479412,0.9165311958655386,0.0046756176328737456
4.929275411384878,9.140460521670724,0.015016927447559902
12.806033677046617,14.314900034145577,0.03179137361389528
32.40691669876138,66.10142520266145,0.04886797419548378
49.955280886930495,47.86445345852447,0.0925330784543463
1.1186164660326257,1.0914816379265915,0.002472815059341728
34.49278155707274,71.42028038632425,0.013444997032443567
9.127763152717053,21.5852936724748,0.012043011986954557
3.117073996100886,7.358798949645378,0.006116237720193994
0.8206837485790407,2.0914735111001095,0.0019635116705269766
8.939052861229216,12.372601687903481,0.016982826065433995
179.23549202935666,363.95698857833656,0.32493293336652473
28.436165868886533,47.58401011061368,0.08313178583015837
4.17434244737494,8.530484582150528,0.00956817358684835
6.239986805905079,12.70580642226306,0.013963895243428002
144.11032834715476,267.0624609859282,0.20137442683407247
22.546269541585044,18.93742627108428,0.02198447648362481
16.30516433843748,30.28097234563452,0.018079628291083873
4.205789352796918,3.2865955932508912,0.012540137153502192
120.46558485065161,200.7527067680869,0.24874305073584974
26.386198433188707,58.95972326721035,0.053505940937982804
40.688441959275664,62.281214263348225,0.09667180528604907
67.63932159969687,142.94648183517035,0.14347632969140695
1.7836402058898546,3.1543448159625704,0.0037916979584445005
6.021579960078897,10.579315360491748,0.04082171920694838
14.934258454902789,13.92330585866431,0.043353078503202205
3.731958378154927,5.884815443673948,0.004688598914523929
89.70381730420574,188.91888932346612,0.13148239607710388
13.496881846604522,19.323961968869728,0.04023642659015824
8.04329007420616,10.358129387791834,0.005375070959391388
5.965588384241084,11.393425664263088,0.014299812416623018
361.4061630027611,644.172504880354,0.4502678002300415
1.5325092288192974,1.2031210951718645,0.002078476084581572
20.94118214976183,25.774233355234294,0.07386267772410651
11.069068967796834,7.2093692557711035,0.030440439364628657
20.00722572730974,43.22691406621093,0.03527476842434494
14.588567587143842,24.41497855940853,0.012413981963893867
76.63594648738591,178.64745027697478,0.18361181244701144
15.727140612645133,20.349772776260753,0.034054893163510735
2.959701152365683,3.1612724036968634,0.00843547651696065
74.40895404501599,159.28165450001742,0.10371431129477927
12.954958033992257,18.11561424441408,0.015418530072433384
82.74613590714011,169.77392467677524,0.14535163248956817
14.967365838442058,14.37059483450582,0.03851533598791567
15.244471064560601,23.77508526062798,0.020150693196778945
6.286616302950813,10.375386049157688,0.021919552699541052
129.95337981440866,247.57462074265607,0.1900453281532289
53.6185584886613,125.65621056106804,0.12030243701838306
37.22462570150164,34.25666979755602,0.047958092210992426
5.189645640495764,5.632622482471424,0.014567378596227355
0.6920553915983213,1.2540889687975156,0.0029395453150845353
51.442106777952525,42.9349419931831,0.05135933858708938
19.06243772309433,29.72250910188728,0.04055631196590618
1.3991048059416673,2.1468700070940665,0.0033708617663323615
26.869517017692953,75.85782662149309,0.0517099229142835
47.3803253418244,35.17291563246321,0.0313110669216947
49.33008589324988,80.35347305823296,0.0889673136335629
98.29630080248437,221.53744744022518,0.32969769310192837
178.70844177094554,286.83805403552515,0.2254718619068645
98.48456309957812,164.48948476937085,0.18342231957322805
144.5844681249684,293.7184666112014,0.18566749901110696
5.331320313711825,7.153765085482998,0.006224327119586651
33.42294779341533,69.27382475242901,0.0771621029074802
115.45330910941269,234.26211072606344,0.2547716955970173
64.89056231319452,52.50993788098037,0.09751453435517753
0.8313940934373432,2.08172642854627,0.00403320399692906
15.394341897766155,18.91246751760058,0.010617236341054296
39.04214787774412,88.49615232360935,0.08205149960049563
160.92247819179119,211.4142651784515,0.37164901217338464
4.799546709291305,8.173594149884998,0.009608785340769636
7.78232527641997,11.326496005468966,0.023638115503232197
1.4993192909010786,2.471850235394913,0.003016649895241249
106.3449559617364,218.12015538712592,0.16124694174485024
8.35458073988366,12.336868411614002,0.009972431881332268
13.116203826068737,26.220312808404035,0.017993890093555794
3.65308431303127,4.294476149241064,0.006384561931931203
175.73933034624673,276.664136230761,0.317634019819332
38.66405016826678,61.118419067492354,0.08748529627091088
2.8271014282683122,3.6203723613772727,0.008235447746861276
14.438294045389727,19.963191822208223,0.031465680224440205
3.9673659498674057,7.531094622312097,0.008919527900525158
2.4218263497491157,3.011911823755758,0.005822767097855924
1.700570577242742,4.772157443234334,0.003493155122442908
3.203518773888576,4.515883596630563,0.004793094505928402
45.93066603216801,60.24191930224586,0.12038719282291108
44.75760272384682,88.26129016510454,0.08543189136769892
149.3124726912189,332.1035034019171,0.27610327230880805
68.53093036207618,133.7126032500281,0.11228871768500545
53.7831346925251,133.54462521288718,0.11062069983871174
30.688373920322817,42.80296260478776,0.08672251159038762
133.99665248875866,181.42388247509265,0.347111116584742
41.96794308562897,53.954968772147176,0.06238992057973921
4.261463470091499,8.716362551335596,0.005657805717286525
14.200359823201698,15.718830455337626,0.0465228668459423
162.91909643885933,298.08719490487044,0.3460428168889398
33.042996880088644,49.17253258787262,0.11714391448872906
40.091898204934225,75.14767337095711,0.06542665316054523
9.30424087938395,11.614433437679368,0.026511383850345238
2.0502857446738014,4.008389911005067,0.011645618565632744
28.304348243693795,53.450194426983046,0.047150074129840014
20.444696551323673,35.20194447197024,0.018597688397867407
24.24809037855802,38.90694996377382,0.06669773769101346
53.040027293643675,98.14483530148847,0.06582820432985792
104.39062800939644,129.1031736973199,0.15953806714622001
5.828200785230836,8.85634065094739,0.016137511836284115
75.54321160117216,98.41967242603452,0.12862634285474409
3.9927086665893468,9.085060187666667,0.012611943866884526
14.785949263098276,11.768902572602363,0.01951386354315298
97.59789893721481,246.74146611718737,0.22322656391272505
37.202902255187205,46.11054460285775,0.05340345482677361
10.478282377371418,23.40657565585037,0.0189396737319079
8.111619614010786,18.00377659292887,0.018423728579152348
39.72773442938562,100.20481498006374,0.06087850436228098
18.736309091179038,23.485531121864835,0.03501528587335265
14.493131689406038,13.132718494422297,0.030922378299612748
1.1130646722213944,3.5146681815160834,0.004231669277393688
5.187171438633218,6.151907606923616,0.012518042268202422
43.4688872272981,33.97497961764898,0.0985159258190822
92.32940078913862,173.2372022220886,0.20803725266121273
105.50499669186524,195.5450783232418,0.10571719321219063
3.0703498593407277,5.841407250734727,0.01937176524921339
31.408485589115553,103.812266668915,0.042813244680396524
13.695771823978268,29.575642107790415,0.025642358327978204
13.664093751030311,23.659217546756725,0.027915249308740953
4.2650015679957844,3.525871035673152,0.011934983566318799
1.541920924258155,7.202370178536418,0.004136794629098905
18.508339155356065,29.228319514070208,0.04799755208354833
6.843888546662699,8.328785292134757,0.01124929232209587
28.671900577087698,22.953891613612427,0.07584627627485935
1.587760432086006,2.155483699824131,0.004766076181543334
68.02622403877133,58.02849663626811,0.12315643392289101
53.36129465151786,133.06370902332569,0.11247268269966698
23.48355148106172,51.95560128423675,0.048818289674290104
4.122984952235991,3.509869731760522,0.008558893055394095
14.069991428996644,19.82260270398008,0.042167358169911635
13.53419926644204,19.178988731491994,0.019878992574098357
95.38703470555008,186.07033916870506,0.23580643084997982
48.00221079101753,92.37094650301626,0.08881862893686798
14.381225203040284,19.25721000006729,0.027368766562943986
24.809934052766227,19.816501456086442,0.05695083345869436
19.00942391573077,25.81844722981304,0.046346774492125875
6.078049177590461,12.263944610705995,0.014021341797310191
51.642093090383376,74.85434981996366,0.08719471788674349
30.25615185354737,34.995531913372545,0.07453786056201786
21.96572094256128,20.91257134707254,0.037984746966491185
116.4794496731563,211.3660537427901,0.19189337532927797
23.565106911042655,23.639975088042473,0.030632160767700523
107.47109368714007,209.72419414232547,0.16042843097469017
46.06497468923883,58.718233991740036,0.06925695501960542
522.9875869441285,790.704875278994,0.6971520346781429
132.65790446804817,248.07715653545836,0.20063741532827933
92.84321096641595,292.9575136657991,0.26835548974540635
37.714651864187964,97.66548657857417,0.0697129582274573
0.5378436730583636,2.331242021279358,0.0038787148352771527
184.59599702917535,397.098028252765,0.27538969926919565
33.31275942829126,60.75147901909584,0.10891698014640111
29.70187672487971,51.25739711081437,0.08326998523177159
103.1705014907484,91.7573455963535,0.13880149818890652
14.803852429655597,38.617320237469386,0.017421313704358638
2.074978225890051,5.665026820698301,0.0045424214954396915
142.14116311277215,349.4883883331106,0.3007735813266461
50.035651694307326,96.88006969144533,0.11578875539158463
17.98247877312866,16.36264825250743,0.030034069968869
325.7298374871141,697.5770046728564,0.5848944314898417
177.986856665588,296.4747731187339,0.32238081094536575
21.132906521560017,23.10493290319932,0.039785613891992824
17.670004808392367,24.967949690599287,0.019854870348538927
15.746487181539438,23.573333470819062,0.028892971671177988
2.209349504372399,5.570776390072536,0.009274836455090404
71.36061161761144,175.18584428748824,0.18307602519830826
52.0856925514523,86.23717463337373,0.13754173059302027
11.369788667811493,14.082044804723155,0.015605642997469544
43.810497408009205,62.63349139689429,0.14342594919856286
71.98465064642582,116.89515965289851,0.26099534099371474
116.4704929378754,354.5662037491346,0.3304412852447806
33.334453163974544,30.774602362157257,0.04472835975846003
16.31224328963338,23.661403625945162,0.038412303268945326
0.9575538663984632,1.1901569468245095,0.003912150198345717
7.129036776403352,7.253054557744425,0.012168106602532694
96.90209443988451,140.86049120326877,0.25158208032320606
53.80749218677139,66.51032016992365,0.11305014948383818
1.8518544367140786,2.8427372268889504,0.007448502824165561
4.547599946561489,5.011104271957529,0.011065137979839804
12.471944828281204,20.727888443162314,0.012815749406531619
27.777388820063184,31.90004429238851,0.062319945501327176
14.785043168064897,23.675625898953022,0.015345752542465107
122.74093893631157,247.2267469521298,0.1850614895961201
179.06449243577507,438.85233010339715,0.22064687160719126
23.49088518691841,52.16763959330715,0.11318575960215488
30.876833965359427,45.857024600653915,0.06769302878913394
94.17705707184274,168.32300765128608,0.26029703683675076
63.74745836516238,103.604148651836,0.20037612013764702
59.12922000404353,148.1492898225375,0.14842401444975964
10.821384023996522,24.963039871895553,0.015174654773735563
9.365463776453911,16.05671372511472,0.029091973121543217
185.4322003811307,384.8139114746536,0.4290268475254866
189.99167305359197,302.0686042676626,0.23993461898713137
51.52467164129838,158.4569829963048,0.09080649619506335
2.7983480964818135,6.824495134217101,0.00675035551978889
421.6007016505367,460.41316126095967,0.52954399578201
321.1339391734275,576.3942638479484,0.3227349860075255
10.871508325900288,9.403076356083785,0.020435240969983046
51.28592851138974,96.06949822981984,0.18170707345010315
2.5863491423732854,2.203215741806751,0.0024927865443383477
45.39029907845282,62.40194006439169,0.10691500696226214
406.5036714491625,613.7416186168832,0.6198087607655339
121.73309726693051,221.66279823997777,0.1514027434010074
89.06491830393504,125.47964290536459,0.1866534430019074
49.667835635523005,62.241770213981574,0.23404665612899747
243.69515172142815,382.8739344994942,0.3015597031786528
0.5396846126632001,1.607445029202138,0.007939725194863622
85.94755588774535,107.70339819497656,0.127331876846631
124.28707224502963,166.2522099102413,0.07817091407729841
2.1635692454838598,2.67768160018513,0.0029439147328642543
154.5220542945462,364.3527239323996,0.32454118296273676
10.085287788454055,13.337353421584796,0.011573593659077468
5.5279405471580265,5.407767941128978,0.011636279307546082
109.62005168832583,252.8508890820468,0.31509265964323013
51.17453951946481,131.40342640660475,0.08146789122350351
45.13946549156039,85.22069425309,0.08731351418666629
71.41005707060617,81.27272323130819,0.12524105652824585
12.623348706351003,10.625895795815394,0.02866728681533716
13.979884849327098,11.522432770728912,0.03132589864599317
2.73398833821121,5.048451125419874,0.008058510926961126
8.503536224363128,17.817828518632513,0.02665368833371034
3.3553501097049994,2.7411715398870298,0.008840137112484292
18.04667513265066,22.27702323688915,0.03455174201695438
7.642892267982748,8.599675786837066,0.027751817877525918
82.56251257210673,180.1021134942389,0.1822417803319655
48.69152433337791,203.5637025816436,0.09814630172665802
236.15058142953836,501.8102939734697,0.38966146376638594
63.251504906664586,126.08440106609277,0.23138689986175878
24.068371165717156,25.95752073617344,0.05270110908006607
12.567740931053313,26.870534990689933,0.016868828011391286
92.55599210056457,115.99704916752336,0.12807204944337974
150.32119929248,392.50568358365086,0.27625612241528724
39.32556367787105,29.951335249843545,0.061887141580740636
6.240069307373978,5.884143905600043,0.016721503439272725
24.819048854218742,36.918888484495156,0.03467408293679067
154.35826300679784,269.15260471959454,0.2721054723980258
33.99088968690577,36.859498519280955,0.045110767289411255
114.63496311375651,221.46479919334695,0.16058683745065844
14.535488132639339,11.25475556853018,0.02642178314240153
133.67533202220224,240.3413315563811,0.2776429494793296
112.66724972327188,299.6359856392189,0.128155714027172
114.35834242901956,170.5927003267407,0.2350299251295419
6.9733377175840205,15.529975444540165,0.01331216265442587
59.71321816652914,78.75491213211386,0.1223891511380948
1.9242882758009283,3.0922620919627453,0.0035218362508611083
31.87997476636809,47.35926938271502,0.04255319226645464
57.70232772016348,147.43963600398803,0.12118724092401494
33.05827053929347,55.20193615246908,0.03561257572235483
4.21786549599748,8.731742105801457,0.010730660732929338
23.32820466330671,35.956218484935576,0.05000319647675959
227.908321552055,389.34304447253254,0.24778539663841315
27.578879223869432,35.853928877075695,0.05527914026842233
3.160691519868114,3.0113171336180113,0.009874180303493296
104.45677592358612,173.2933801755896,0.25394907116825305
29.915870645569385,33.25573586810463,0.04337680511389698
10.29786594391255,21.917315742009997,0.011014467003096568
15.29221012088889,10.797851502869426,0.03300749158946111
171.83865276476024,361.2489210299655,0.2795070972172235
18.839453326146884,17.817596877327592,0.03367576775926431
12.367655932332635,36.1126762727622,0.063415079592011
95.35334519015393,142.86608865398273,0.2694494544071005
67.35463506059087,114.67376818266077,0.11627146170278613
2.685796282281801,3.559371816825713,0.005196584466968633
47.80566392043176,60.192538307594525,0.09518813519936174
6.099678705342614,13.492533451406832,0.013422556390043158
61.15903164522327,134.72526618463692,0.1341673287659253
20.479664026777424,19.44041794684937,0.02304845207407491
11.146934229034306,23.141505046452657,0.03643926420182838
117.77582035929949,171.59656471794528,0.3009398938392548
11.107507800261283,14.0129631803297,0.031175609608117834
9.089084159953979,15.159332685005477,0.019331015864302477
1.9719902325046517,2.1759203679437387,0.002614541045029069
69.13473842006825,165.02341669297604,0.1628754578712105
96.22853279410472,207.06373263966432,0.1981132350450641
1.364535571088636,2.324047696757722,0.0020874068392228297
0.5433686349885029,0.41794697563175703,0.001891639358176087
27.937774531900086,27.095812405907147,0.032879055454769525
1.400537442179002,4.001154779877088,0.003352800467862378
9.544251376099988,12.418942300780364,0.021763692405020792
6.547243680926909,10.382732080269815,0.018702847093309004
52.20256562530442,111.7572254198431,0.19657530358221106
130.0085127347095,299.9426945122053,0.2684501255852588
175.68835934620742,454.06835284870107,0.4572255399357559
129.90592481259705,220.79729293436958,0.353326427759819
59.22204675767833,119.15527659674224,0.11761625376049266
12.291353398336945,16.73255327114511,0.06332970647852927
121.70191210455418,289.3201757068286,0.2680011072206941
113.5120682197304,238.8442547598867,0.24737424585803672
9.203331164381014,11.290959791028497,0.02087414446085155
48.27830144191864,75.65881374750639,0.15572167389799207
0.26241905536428134,0.5703177638681064,0.003931743355030866
115.15979877730949,242.24549333597898,0.2917597459531374
0.752976236603452,2.1802704199873997,0.004062878628543399
61.70423343828522,119.51698970971425,0.13930166014449336
35.186034726720024,42.09467237494031,0.07574330631360397
19.561392800849735,16.50567642582621,0.03123273362656987
518.4699745213027,822.9288427486632,0.7508082892245259
7.249055689408456,13.079961304540324,0.023556107687816314
8.157816342237943,11.613580791403685,0.019675796019532104
87.34791402643226,231.96952177849002,0.2615924559719308
306.6102788391227,711.6233845790601,0.4859522815547869
3.0370074355494623,2.5096045546491896,0.007237595810536593
399.31737938673456,494.77453970096207,0.5331658430764917
1.8856113327533355,3.7970067899192474,0.004875317538263459
31.16837462585154,43.61437128681454,0.03930749122421871
5.375325265842021,14.191291510137889,0.011974172628525548
3.381736553338274,4.002810870226034,0.00870025748797952
154.49529968854168,171.09938106204532,0.1692388127424623
109.03177135157394,285.33006798125126,0.16909414385639038
34.13048274090327,62.55406189929798,0.09961365626846978
30.911171081516695,52.74401811552736,0.08496632246255358
47.87837481893012,116.3127734323294,0.12542880696496164
3.3764923018508175,4.760523865707367,0.010733763655996976
11.138634027930841,15.121753113904862,0.041884596280484555
15.672505381028445,27.024170396736174,0.07616045914500212
191.8697685752927,361.6704030623731,0.30285658990003744
8.787815753201672,13.79634579110367,0.026358191327302594
253.02252629984568,332.6363683637418,0.26501258005479095
10.492949336666493,12.002364244124971,0.012008720508748464
10.585831621184314,22.995420892725722,0.031013109837408865
186.44586978897414,320.79472641976724,0.3318760656295689
1.7931591070441548,2.007572319598614,0.009377817033258956
4.006779423071628,4.724423132988824,0.009073308182447724
22.703130085690457,44.595870981779804,0.031291562700680016
98.15239193758639,195.88814805410445,0.2390065602374003
10.344860850238714,18.19013011023474,0.02732460169972828
14.52941770874499,25.157114197113646,0.038189287848958364
21.68714701726358,28.210864535568412,0.03877977531793463
19.74542810370786,33.035691822292286,0.06481316392233469
4.246951701485328,4.895743386407792,0.012762140470817277
7.326306023303101,12.99073542422747,0.013330946842768969
12.17280994336666,17.623231418433924,0.025013166648874083
69.64191920196228,124.91321824932676,0.19025092659474108
10.311583348558838,12.633038451297702,0.028814635191608186
95.28834528976024,190.12767835592354,0.32107671923870923
0.5863587061142019,0.43405070194482415,0.003572180357399509
5.686513783106351,4.252486066164352,0.012462751186959607
72.32564393316336,105.3724767858875,0.20867506911582812
12.09542013079685,34.49404679004853,0.013820481669283048
5.326716869369987,6.973826606546959,0.009262911276753803
15.157312856709158,21.187354079776686,0.016114596248669434
5.2422103761595915,10.550614856496313,0.015957711533726517
72.91140491413856,151.6184789395305,0.1914002514258876
169.2147933190285,294.97377564989665,0.5231873075731506
9.347954497954825,17.24142858800416,0.019087018685720946
311.72173201030716,600.7853366370938,0.5063049016391694
49.55712057140141,133.33708941986754,0.07771319680113943
245.91101489276372,429.393895547804,0.39606909621574443
8.90430564927613,14.890177696761398,0.004007073379898202
32.85201392741102,71.49191613795564,0.06408306294136326
39.49308267328717,84.33577868375737,0.09334902064574084
86.15347364510141,184.46858385589167,0.16923320261598573
14.75901487787917,24.176787639381043,0.03699522389309267
5.758020523102295,9.441912918657296,0.012663539374978527
55.639643116726276,117.97361090901909,0.08794027000587841
134.74117486997224,311.44504171315646,0.28430061552808983
148.0571114778113,301.1753322771592,0.3343060173324495
141.12995675669504,218.78835697003362,0.3435918504812197
98.04993454007786,210.06272339462092,0.20827675193249398
84.76369741659755,187.13413587361578,0.10815236958307492
13.046249864026711,14.281858937669915,0.03428072098122049
18.910441825918042,17.389844164096292,0.045618860331206504
144.6447222799917,236.24906523710519,0.32050987121014207
3.119870181011909,4.2091551417911335,0.005177911229665776
147.0672904871797,357.8535476450368,0.3568889476870828
6.607399503220092,11.745039640834442,0.0209039364928362
75.2790765896314,254.52319517790926,0.09188291678599302
59.97672418475999,122.03895690753305,0.07000403667940855
43.21947536492336,50.161514343813046,0.05193613606078339
44.22890405529131,53.27944622454371,0.11097713525486146
197.3183556028514,361.9339516541335,0.298430679539959
37.882435970356966,60.3173024918332,0.07848828589687959
41.648484963131835,72.32175622910242,0.10130941240368678
7.980877938915926,17.024211901486527,0.01720397257094286
298.1795554654819,761.9830785269203,0.47004807758988815
175.49641858058925,328.52301905712585,0.3386346692379236
0.7412978383993547,1.1771637394261338,0.004647338794288373
32.12761302066552,70.01355781528513,0.08361055196942031
0.545079722849594,1.074199049094968,0.0032179058241413416
2.872629685070256,3.8336230763019428,0.00428536393841369
22.333631681970736,19.303189909491515,0.033116739534186625
19.207277904926087,24.999939660586204,0.05136368149275661
4.44392330987427,4.72935425157363,0.010749037219530178
76.04142393028859,92.62543096784563,0.11775988246839618
9.366716115623598,14.674471024254636,0.03684276757022946
3.8301544066443696,7.686859986849543,0.005853104379543698
2.559609562032559,2.171975034883171,0.007782676101488061
81.34482377866168,178.82648236146747,0.14418595022516925
10.216956162231865,13.713429373864537,0.020877245819806264
21.55208513193199,16.434867637952777,0.054078703902982715
10.27713257215501,16.218235544504083,0.02817444032957877
30.82471337710011,64.24692354064572,0.050971780360861314
2.950777774861205,2.591611805912852,0.007290553800770413
8.960633355851977,24.288992933030748,0.04408928412930735
0.752822836466099,1.6290665775077917,0.004111666817191813
46.349533532586996,84.51863158416143,0.05662858078646712
8.116516612793601,12.749798945353897,0.014347816537733508
18.90345935359123,31.270757696220887,0.047945305255133144
2.558088904278108,3.691162501339699,0.006393433960594516
175.92481895550895,419.99523666943173,0.5141885590926121
72.2542444462228,138.43110499996465,0.15264419357357487
10.102782013246708,7.496316672256998,0.021222599363697192
44.010105515601175,51.193838490186856,0.06276583399640102
3.0650536857672814,7.957099499039804,0.0036230653362541378
15.154430046325693,32.701932666280854,0.04534077828839283
89.63311955338527,204.4897178837653,0.24231191317040415
52.10644034936973,46.651506831157334,0.09361494946303761
55.24610707549545,118.76560079776844,0.06730799193800835
9.130295163446,8.046531915217738,0.018384165592850905
604.177685558266,1286.0387882419254,0.715788386613072
65.56357078607186,56.15309261862708,0.1113399134032302
79.54510931365925,185.58639691420765,0.16173744288931569
100.81136682179924,150.15057952793512,0.22493410423934976
67.17429215869738,59.546168573752695,0.14408083939080935
185.10721933512642,361.5584593513743,0.32092156338369277
36.69515664108342,40.0472151928057,0.06330643263017016
4.555392229993881,9.519864680717609,0.010484850326625347
78.70563820898316,185.6132399789504,0.13699006217867213
135.3478523309532,247.7339842152972,0.3591507705527844
31.445700492134883,64.58614983492095,0.05186931911394888
13.316465379918284,27.781898127309837,0.012837023452393017
6.9163177903899005,6.406111775522732,0.009239329496765777
9.673304241075725,18.497473201458007,0.024773020581095935
13.166775301329732,13.578619005703196,0.0381252658262818
52.61923990434295,91.5814203445448,0.07215928535084369
484.5417080272206,1006.6032795570546,0.6663426042841623
1.9064801287439113,3.2955536229903113,0.008589547332257166
2.5387900326816744,3.378282587353484,0.008334267840067341
4.387905778790473,11.484704658741997,0.008092609464209432
27.90581340727841,47.362339270059714,0.04688510121654381
29.69457213266916,28.632718983696073,0.05533627510755716
59.25859637642535,146.7948275213161,0.1483802641482048
7.3801205365569755,5.716655865014342,0.018199057120364393
9.582043282548218,21.756068135652185,0.011312915262195057
139.24389303648022,249.21343466345036,0.557158446482834
3.0941437967468035,6.769125623310377,0.007627047908955576
0.6196050512646356,2.5501923919344334,0.002295199645070078
2.745788640482096,3.3021093429612396,0.00453187897022795
35.49940803605777,40.53622098868246,0.04834439593459933
57.23329680962657,105.12743475693605,0.07301727872593641
43.985159890339226,69.5668305128901,0.0944289133594416
22.134086844275032,66.19348144248896,0.012972615258148523
122.232633872587,290.12882253553573,0.3208583510664772
139.58282682273466,287.0446978732624,0.17888305387449518
10.907069499917982,17.532394392105644,0.023428625763626646
44.918144273343074,66.37135849940397,0.10784478515610339
70.25796090038385,123.10424604829112,0.1304139554887398
135.42529967354622,211.21456052973713,0.29463590457428124
29.760835174050733,35.56283059677097,0.06258381936867943
13.03926416254133,22.04042512504456,0.0357622746073121
25.101201678793185,29.836871579128637,0.07204754798946747
68.50316063334523,188.8835136553769,0.13159138261501613
60.51240145952519,119.69557263259028,0.08093409813343588
167.73017415460404,228.434749532969,0.1826156129142532
0.7741655810712108,1.2068255415647853,0.004101620285994519
26.132425273073636,43.778087930070456,0.03813523854331467
34.56584356204354,34.28658998376912,0.15068820077867978
451.3640219365116,777.8091101563776,0.6213565618351227
2.3342437990511957,10.355012616091544,0.005751649265038073
0.54486777257002,0.4836873583105962,0.00210474834858822
2.6411274960768885,4.0310543606462,0.02188601685757149
7.045625948539269,11.656368329819669,0.012537802332555895
98.7944151948856,121.05055473123801,0.13478681913092055
29.31924246271889,54.97699470085224,0.045166354727056685
2.6766761788064874,2.6214048220188237,0.011201165790360325
4.424378814413502,6.133527523926756,0.006264980681138764
63.843222209107296,91.12275986794066,0.09900324120310527
9.288639652121574,15.196283541655385,0.010302108689269871
71.17880756906683,121.70877498451401,0.2224821617790699
144.24530481963453,252.43138804601247,0.2557950286456005
9.208301109588728,6.983713104369067,0.011801021067156647
21.573225024352674,49.44400417047176,0.06380426547535656
13.641413496046283,11.766673911881234,0.03745337349889053
61.73609306046881,132.67367271995838,0.12241137869443776
0.6915317390164981,0.7695354561216273,0.002930631036284519
19.640612421907598,33.70876818108277,0.04319049242389335
1.6277899702159595,2.904464636596749,0.0038297123158380344
110.2393290079858,226.5057239070621,0.25453344874502304
110.45015143165892,178.55381499160177,0.22167832201175985
1.8585267784233104,3.3385819698718464,0.008102790069522357
0.7684908043027345,2.3115365714928022,0.003666630703064947
2.9330641855389152,6.021330474388547,0.004301332122481875
12.87784472280072,17.288681542699653,0.01830231648015487
48.1042840358503,123.40825351937453,0.12932935292394912
77.41549581627069,150.97927713864064,0.20743448031808115
81.38756205374028,158.20413411806916,0.19795085537657722
12.027154847139595,16.413405234827774,0.023390504535751457
106.6096296947213,192.96435077329164,0.24890739727337402
86.35801963269624,181.2293491534189,0.2933004545887963
3.285841750275265,2.7654281510071357,0.011800334696102597
5.664585251321691,7.119853918404311,0.010964553395117111
5.0067426364592045,3.8584444385412904,0.013937074010738909
1.4441731250200542,1.9816311179565622,0.0036951850514562786
189.87411229312767,383.3533572049823,0.35609181963895065
69.2527972462885,102.33266210936195,0.13163701998332336
4.930738991837502,7.307936829609422,0.010565865109049612
0.9584997756371194,0.8206811159501988,0.003079454423164886
19.18067490138987,30.555571624819013,0.04753599701224424
28.26386944080243,65.02098009687582,0.07243406232266494
58.237798928329944,120.8059482243425,0.08478399192896778
125.3306753116424,279.1482312691917,0.30016264165086043
11.058775700153342,9.538117608519965,0.0328981516384432
20.979621099265565,28.66304747769966,0.05074242320782681
70.667684438912,107.85880692635796,0.1705500375900499
5.631819091462274,8.525338865812387,0.017754399823804588
6.918891458396403,11.420406201200462,0.010056138267483155
88.63285912034776,243.26842531793974,0.13110539107973193
27.758120355997157,55.091617432522185,0.05856807804911614
32.82586692086835,61.323414351158846,0.05922444958178917
19.520328760266896,31.663417413094283,0.06003189318359949
22.18153210910764,21.650513814745384,0.03183081599143779
4.509441931265157,8.371088392366666,0.031209321467920936
44.700641428607526,96.01657399952573,0.10054922830657145
64.99236045717713,110.83645604258574,0.12871333465161325
103.37513837350392,165.50599396814258,0.21118670939717937
6.279563526782542,8.14128158825459,0.013587027652299589
34.89300607216627,67.70267461907922,0.10873326758265678
40.81047894379394,80.93739388268312,0.10636177928516322
53.920824223560224,40.439591806541635,0.07054644736333905
2.065654368300243,2.4900731466722124,0.007798440520894764
2.492166974896689,4.772255010748436,0.0032704892249023876
201.4799340645016,400.2830324878493,0.357091139756008
3.884147639426239,5.498163497990366,0.011036157136691824
85.44793524826218,130.20751486191782,0.1724741868674508
4.048622857551012,5.79027421094668,0.004161375257387993
134.41082600941374,231.92278189748998,0.2934990064617162
5.089515460927872,15.144323356822335,0.006627620713919157
167.1216658550652,316.87545597901624,0.45227837481785094
42.73769633936258,38.318824456027116,0.06996744035911921
150.45674822247773,280.7727996372876,0.367932652173005
11.955410382635653,17.997330296373676,0.027387007790653232
3.70556851383479,4.068895152071635,0.011304702342343619
88.03912664339225,110.85734486873856,0.17417714617111135
369.85444915938524,496.576960929146,0.29883311246906896
14.261807189726515,17.640826206403403,0.04167662245691304
71.17958005881763,145.44974000972337,0.17330288726493578
69.24547340987785,114.44443371107862,0.09382573680517063
5.503498021910274,4.836828681024591,0.008200347849672884
5.452190048250708,8.011585124401979,0.011423083892732186
1.0854898326468596,2.1535663282399184,0.003086020928497039
16.09697750305861,22.995801362568088,0.04418803912174805
34.94568376885305,51.778915922057465,0.07906132105465634
21.53333787626316,40.538889628915285,0.02625727818688106
163.1656574766933,367.927816016324,0.26206438933303855
10.561851944332135,7.397346363216649,0.015352978605543742
18.348995482533564,47.89243539765745,0.0875113980582921
145.9492430448218,217.281970412151,0.4131639844293467
283.8124601239318,452.1349381981679,0.33333830481705473
7.6808002241808815,18.258234670426052,0.025018539842800343
235.85039941968233,408.0494156780044,0.6301760259004013
13.852141737902906,20.263408970514885,0.026883045617572585
18.850519465466224,36.15332337677021,0.02712379539049683
9.866482908998725,16.858415162974435,0.035643181034854164
100.23816550990554,211.93462184585732,0.18616391815732022
4.308026216978227,3.7385158321519127,0.011648567809034725
24.58317357327895,50.33423856055885,0.07714266365667073
74.7647244164266,132.39309074490566,0.21711344924886655
54.696593193046645,59.962875501194866,0.08266927662783807
14.432520921734696,15.28540770843377,0.022255651131023783
114.87810570753688,195.8999110856738,0.2892812308724884
4.32127864057087,7.021417110287851,0.00860731834384351
180.4599522659901,375.5275994337037,0.3012343327545234
31.73474002433278,26.86930039281377,0.04016529376387666
0.8676551915144964,0.9377932545435748,0.004018341000655039
30.500449172752095,87.84694657712339,0.05934575676525305
5.878230263127276,12.570229911796439,0.00956084772589205
21.476685478581317,45.56093906489054,0.059225047220712305
43.006086551272034,57.279076475214914,0.08284628728111641
0.8042464960560745,0.753396600474664,0.010973497284916556
13.042071441657397,20.071672827761557,0.010245416439586081
60.01102119669934,127.79459432329307,0.07665777638539194
1.5756333979902604,1.5069619551122369,0.0050131829107106715
9.09546204044637,10.551608473684224,0.015745974185087643
111.61950432982522,250.76295229579372,0.1339705857139755
18.606212463798446,21.79386393778342,0.026294108236806325
9.517622036690483,24.862776472157208,0.014792315497471802
14.596451195505749,26.44768367930122,0.06678225258860795
20.601057483332607,16.017856496099284,0.046171313781856495
101.96362785115768,162.82660302984937,0.2281270106770674
204.4135823229997,462.13253195519724,0.35106967177897147
2.5903206787576636,3.990083961098493,0.00578148191417486
74.17923909540721,189.53724348816735,0.25141733336141264
645.2303908193397,1157.5130499500008,0.7768521769707121
167.10284724332533,301.3118478994701,0.3212796101692171
0.2781811275802356,1.0744194383200818,0.0020369457096959943
113.61372261991235,193.90560483292376,0.30250811789093585
13.763204948643592,24.78305699376668,0.025900505824726777
125.00597979069757,212.1525961198966,0.2420690793254996
61.94045894115787,98.5555530384135,0.16118907863439952
65.11243403882797,54.78293370838818,0.11567905204437975
78.03236052205867,90.28701128077009,0.1398585703395308
36.27614827935061,81.60528881837072,0.11775805676120076
21.504093478528137,21.087654893307064,0.04132196549424001
27.641610779012307,41.09309289691037,0.04494995660612246
1.0705354240543834,1.583401024244786,0.0027230470920940855
54.390849035643804,91.08403390416218,0.07778034865764094
4.546984270992205,9.354848933934937,0.01348935850166337
13.05677637252731,9.688195813684885,0.028528068662629944
34.53689581189348,53.618455078000046,0.07001665262862372
60.79407683140991,180.83951791779137,0.1530581759191865
127.17912556690733,240.9670096091354,0.39269194270575736
65.00455500751195,71.51122812541159,0.0990766935968437
4.964465471880536,8.080289595061396,0.008059356441977425
119.83591474156233,188.40621498919916,0.30184702166502614
63.448624171965896,143.66141737772804,0.15009247690724295
12.887669159708784,10.213233579725342,0.025581340857790544
16.448896447591117,35.343578682301796,0.05411056804696297
20.32015585198852,45.47103187794208,0.06917961745572328
48.63092942571185,46.75811778238839,0.07277626938590502
2.005379204431069,2.91347497976005,0.011145338974233365
12.04252688557663,14.252642112298018,0.034468082716608645
34.57580212935207,38.85304902079853,0.055140815780731156
209.92634429984952,278.6412217673945,0.3150547076271725
218.94915179860516,305.4762891672347,0.33571605217945
10.949392987490855,15.196130415202317,0.021211952370973793
32.54691412990562,48.472136926135356,0.02858219513321204
85.58502430526033,100.07624134988326,0.08128222214257112
8.189117510040544,17.771609649691662,0.018011619843186694
35.10398783210992,53.13550548174491,0.06511512589467884
60.71280918656374,145.55197238846299,0.11317660364109344
130.1522710576287,142.87842395419085,0.20663519834098368
10.799519980410263,11.590857614231115,0.02515771561653753
83.74788315652181,137.23110087057518,0.1225093770984367
49.78651015900844,70.43927324705159,0.07032644049199027
8.3766038803757,7.315851861301548,0.012093680547399661
143.42493655992067,247.19620557791438,0.22554972810749116
52.86944502541199,114.29174550153816,0.08782857540291727
14.73509452048817,18.757642882423454,0.019899041186603104
23.690747610648312,33.826677363051694,0.030702828420269293
7.115540579812144,7.229795980788506,0.017110828867266455
49.29854383462036,61.093700903985294,0.10470447078052317
69.19825937030203,141.56289353859484,0.09569004577088207
2.8378295163311624,4.4407664765730255,0.017409377610013516
12.627012848013738,25.905370185153803,0.015436331945362309
8.472955010279449,11.091145757580671,0.022318127664285654
85.78927610360513,97.50685271258007,0.1282719124428985
28.9245556019395,69.24569061201481,0.04720465883858997
51.844838684669796,83.34371988219266,0.06643235209202737
1.1007239850194794,1.8757446421847666,0.0053204646395564915
23.286039275068667,33.61979882836017,0.06274246860265284
20.759263412099312,18.15430051886089,0.05070981278621264
1.9515195561313015,3.284730091618515,0.003972565538769812
3.545545915261675,7.628398720728542,0.008514321744337142
31.606863256539135,32.26347436368112,0.046774170178575304
36.96607198593176,93.2181016161721,0.057067562347700156
32.00717522695845,58.10637746523244,0.08300649680508412
2.6270008849775275,2.4751755128730917,0.0026383231164672505
77.03843720462385,97.01270981221901,0.11287847664128711
152.39319181140203,320.6124184400862,0.3320444405051447
156.92334808515113,286.036043983128,0.5163656887551866
1.760699038762828,1.9941805843170917,0.006219724143236963
18.84518977202497,29.308105947934557,0.035946217786691916
4.417586546917667,9.174858938994669,0.01200323461598271
129.3383529571433,288.46482341455686,0.2136994433959549
6.122659903841091,9.486111794148803,0.013543746440163778
260.7223175856629,321.2747358703275,0.2309726725253295
162.48707145017883,296.90207773504414,0.21461359557662768
31.83831059469989,54.81437825102066,0.07394161446929347
72.00968633456114,106.61912002358129,0.175271162159255
11.744842667186033,15.53647168106422,0.03734245335546913
7.6099771079929495,14.944085490918736,0.01669277836051389
31.158748028025553,77.03415891067145,0.0666767907479384
65.1420276137117,121.38278387484453,0.21302565477791802
109.16236306211519,175.1015805373963,0.15896251974609668
157.39996457095495,351.98806408428726,0.32229751632884623
6.566674998023677,7.3906746540728845,0.012632521400597304
18.188958628795127,28.629499604938207,0.06837163230771248
65.89984544466205,172.10068032495295,0.11800397214725193
44.23253560262081,76.67722496893731,0.07256522446615625
20.814584434732446,43.51190897910934,0.027449769719506228
11.851867501926499,16.11294817002248,0.029791719831101664
23.641006523798918,46.278677971725195,0.077010393830114
108.06380237746224,117.43049151074175,0.15485668332493768
1.059119648966543,1.3516189471578186,0.0037668574827421923
11.4710415707226,10.77563555883906,0.02442461658477887
7.740127067719111,13.942789876467334,0.0121436237584316
136.12355301025372,207.9501608004108,0.35463672867612206
60.1232248200913,69.71566205953653,0.12053613769841369
0.7504682923334992,1.2270947049493783,0.005138542130178331
25.40814453449503,33.523342111617445,0.03188429796875858
40.06273219902572,78.02060470609803,0.03636071465067566
4.527258966394008,11.481822078902125,0.012490823513238922
4.028528975312704,7.220182960325453,0.007161128735961082
83.51567166637388,162.83384992302584,0.11372931651534648
32.66939283190892,44.59882782810964,0.04817355524354247
201.88249271519513,545.0828799910113,0.3240074111822405
46.50796392422721,48.09314846974836,0.13931887934736906
81.24784609839102,136.63628853617445,0.188893119805673
7.078242248624281,9.275919520520791,0.007710415860225317
6.381289906676034,7.060419208632762,0.014321658225803561
51.01964646495866,128.31208481929542,0.1388336594147477
13.707475131420221,24.485049446940042,0.03520851563669792
9.219307458012402,8.593072859111116,0.019493171438340683
4.943021248430712,4.588073725136,0.017964683970371466
87.05535440349469,171.20944885246368,0.20523156019704056
7.257754702669505,10.173176539319167,0.015192197992405348
70.81776430565702,140.86610630733432,0.10718089662099604
1.1216784841680871,1.2022032234659061,0.005912082780227505
57.89493620493898,134.11292556075188,0.12175942099142656
69.0159402586324,143.454937313198,0.05452642991349248
17.744994178259358,18.44464839383665,0.027537141694070736
566.4969038202486,1130.755367382951,0.6734855330504557
52.77345390684153,109.55958205404674,0.0963280262235913
543.6057057430993,1148.354288130068,0.6943786477248131
199.5960252240537,318.2837997645318,0.39261112371166834
7.091213444923736,14.149363909474339,0.010579942154568719
130.66235063047318,340.80019887503545,0.2367644608030455
22.68529074609506,44.77179364849198,0.05235716262567278
10.767151941878694,15.769607684721231,0.013890220405047731
107.36118566081285,236.53905465114326,0.1855806791079805
137.38538285560423,307.2537639772982,0.31033525030955167
11.260485069860264,14.10585990340796,0.0283295663141052
5.5289644674093745,6.792159192880601,0.011746497281174021
593.8778760946802,1222.8208564221866,0.7049757936903738
46.08564806999429,80.09794478944019,0.09218782806251387
26.009365551773783,39.24080391784494,0.06846605744263337
33.5727912271605,30.900023718245542,0.06464155615224745
81.40459965710822,94.81776711201367,0.13944502641506692
0.4391229141008831,0.9649552047141945,0.002433989993943633
28.40065288653755,59.362397389245935,0.044852583300248904
10.07391919759803,22.05004976676117,0.01712914041496679
93.52947601306387,86.26511039281414,0.12979186081255736
56.37216048673679,55.56632565296495,0.10023122261058699
17.857551074844917,20.670268069837427,0.030396953042459672
449.2721698390089,784.4361462188134,0.5568061995998513
4.3187677501098465,4.446877498590058,0.012377356405013477
94.93138964874525,153.91894661697552,0.21578151023833037
3.2560806436631657,4.169102653813615,0.008323243984938708
38.9250753754487,110.27453308058254,0.06183212210314995
344.98100980411647,655.141734976663,0.46835750345616617
48.858976013782716,118.01139803860039,0.0913711406485456
4.021774425703898,7.5410549875498845,0.00484471523141984
5.15951930670896,11.574462621747632,0.0066768557639858344
24.715000612825442,26.37194718828727,0.04534638084492557
58.86674537511441,120.48970523973738,0.1079324791232737
51.51842587568989,112.43271621872685,0.10511971373286627
36.25889487829883,71.2472200815065,0.09203411629500757
76.63010779718931,178.0219878987297,0.232435418962534
19.34624186205334,24.170714785362318,0.060174090374229446
22.09098018359964,45.8992667805847,0.047902667303943325
104.1569941998496,169.83254596505392,0.21776918651712723
27.132564742878156,32.147462519553414,0.04231744440941142
66.53303213583494,170.28853991405,0.14807699401596372
2.302820570574431,3.2864928693207904,0.0059101447959633594
9.744172116117326,11.206316403391547,0.0183870867304159
24.54903611449045,48.89717032785077,0.06724645315880375
2.9786323842385927,3.428026732567205,0.0067748602980425175
136.32419875372824,118.97738189299417,0.12222012464651258
19.685647430239158,23.318869926636943,0.019148455962021103
115.49642143911929,305.81337920791026,0.20696914787034984
10.711237115092882,17.225177176092178,0.0257167571559841
2.506796045182889,4.638040936598389,0.006152152129451152
17.435083891820693,33.70966071207042,0.05812475113554916
16.687140628137954,22.378700804546053,0.0276099891056792
92.25310539917514,77.52526158769912,0.15988892519732698
2.4345397488764142,3.349855401722597,0.005615549103979159
0.8045574561607114,0.7012326069655899,0.0017323158367602912
119.40499652159205,209.73864701408857,0.3033712485688703
2.369080867315157,7.119615552339939,0.0039152508629872115
22.444378378618016,23.283160861862516,0.05597838608392669
131.35171529097522,88.94386242478696,0.15800866474539463
12.97811059290107,12.670448290316257,0.0138288709429657
2.8544248905176386,4.673163384158626,0.007334731987442495
10.192701939169424,39.8339257977584,0.023545690431503792
15.450988289422412,12.36215493861579,0.046476981110585035
3.6645625122471217,6.858552142231576,0.004945956677658002
53.26054653056128,130.67561750041995,0.11201771258607927
86.45250543426943,114.0066707945183,0.16998065729197576
31.571558425352485,82.95238422409452,0.0422592041459435
36.58356613105597,131.35102479609398,0.0840706133025551
3.386457225564285,6.98936403353706,0.007830625653309603
8.295472874547402,7.562142031624478,0.02532052869541932
2.072815909861794,4.260970273440222,0.006361888539855214
46.71232758553008,36.876607202162795,0.06256651884181405
152.26146765344456,346.10489129323776,0.2660764625856457
234.1714187100801,430.54360022575906,0.2723984709048898
16.810744898318532,25.664907431963254,0.04072294407222608
1.6299538975899184,2.4350082818246883,0.009218628389207244
64.60325908160166,107.9833175305506,0.10964544478146639
0.5204312847666555,0.7424432065307311,0.0026680172754705174
157.25062121844917,331.5834820788736,0.4128526378943382
140.85511888261567,239.36631683489355,0.30520256931210243
37.30782859712505,42.90416174827672,0.10214715582656807
17.39036573166265,19.050603048429434,0.040993984529672255
49.52609208966803,104.26978015240891,0.13277737714939133
0.5424176656159314,0.9940517716450253,0.0022033463258034113
7.443758022348119,6.905950192648128,0.02777205260026888
7.447263872153011,11.554038528827654,0.010628098291758994
49.529015950875426,88.78180663957036,0.11177721889428868
247.55775121349308,448.0660418254279,0.3725293134523501
6.115509270775346,11.138232323562534,0.013697413012884291
126.37204905862846,194.50749001111774,0.2860484143842072
9.960125703274343,15.358433858303902,0.013665486047464913
3.08705733221979,3.051568755002634,0.0076464483807098535
0.9941874560481685,1.379522869704438,0.0034554261053867602
14.743874593979255,22.54405535235054,0.04966094657734204
1089.0864404775746,1666.1833729885193,0.8690893915058236
3.859580277409839,5.70322865872726,0.018150184683928195
1.8533762358713761,1.7255226590981199,0.010591296233708324
26.87364090534757,35.01914471849134,0.05388555756062713
55.94805100288724,106.33752440605352,0.1398192616170663
20.782265321689874,37.74377613341795,0.05353690256984628
81.91917022778938,204.57429628383744,0.19023813922440683
578.3962699036571,997.6248737806702,0.6991105100904285
3.4311519647958986,6.012559516780942,0.009714191755194404
1.3537910538825964,1.2020934445994678,0.0032419089234993277
9.724098712184045,28.341515561278438,0.006426451846458316
34.99001420072603,43.14074185037916,0.0664081327119773
401.34111549547083,719.9796249033982,0.5742929264259177
121.66069880859645,296.8327845504939,0.13412311028217194
10.061973077143902,19.37328866497405,0.021696424862413875
48.23985250291076,66.37592328918443,0.09897596185123456
23.059823381730663,19.88802812701956,0.04202726600737243
7.343671256691955,6.707199740892298,0.01683926233149433
5.7080680208972,6.03433206652018,0.008791339516723853
3.689846226117061,5.707185743785166,0.01078542455814844
112.14707814232715,161.77534435026982,0.10133389536605981
21.404310939828214,36.46566804316658,0.03978906491838189
23.659814155015415,38.042388123831735,0.02231353262592191
243.310637675963,451.90812299156136,0.39944984933171845
2.623637405258666,7.140410120214711,0.003839350453152245
8.081853454518322,19.025357454190004,0.00923789706901167
50.554405249449744,117.17138604876548,0.08447349708208018
131.00548892977957,244.9644219932816,0.29369867998246146
24.640517359796142,36.95820120347723,0.057159567246145244
11.255718626578432,14.395254245696286,0.023273368817674122
89.6841975477832,381.7362603093027,0.2997441422453618
4.429857063628756,8.920741760049177,0.014158781397982935
18.14615647675828,23.698397690574218,0.039019584985264734
23.03699450031975,30.79876684461603,0.04960887597198675
312.9745822874484,566.8327225642171,0.5056498943587736
43.90178143006193,133.56370342332522,0.12986420305663374
8.179942085182327,10.076854159427752,0.008870134159367164
1.6487259436605586,2.759037691415871,0.0069418238712327515
0.6906686327395729,2.9752935669232183,0.00356661926273014
197.59909325267844,376.89571625238875,0.3342938924612462
7.82784863770661,11.830545122168584,0.024307702025729745
4.175963830969886,6.3536362543483245,0.010472302996757008
17.757899096085684,22.190010516605497,0.043333036408540714
221.97732953018942,436.2137203221005,0.3384032430609741
40.85989514728904,64.62033410527279,0.07419073785288445
89.48975017244874,239.54501814537377,0.21469620828655075
38.48068640737178,62.57009224552154,0.06280223232745184
30.009271074827648,59.278585551181926,0.07501311167564327
34.74658427127791,56.93492452483443,0.06076460350282985
42.39301798507698,65.83388270980247,0.07960672299442076
1.014317791065899,2.5407330665600862,0.0035207860291066252
41.650441892833406,78.44460355306158,0.10955168282812743
72.57576496370454,166.73864519346867,0.09286615775470826
28.355585049774998,39.382894170303175,0.05951215200175467
6.179055111086102,5.6081885025666605,0.012717818276487654
5.611834625928518,7.064367270291065,0.010844733852280918
0.9473354432680532,1.745826402025154,0.0032364441523034517
11.015274810428194,12.725237500384488,0.028006087721316103
277.4538301467582,252.95704074703127,0.4954569724473238
164.47450822744992,224.62409334221564,0.4089152834241269
4.662979682149903,11.05348220057615,0.008516699796987826
53.30900090338894,64.29442806337863,0.07591705575685549
3.22068791396565,5.8192625993711635,0.003842527269036199
73.46097515303543,157.5389147263349,0.10792902687332517
7.8770412431707975,18.976086023424934,0.01404465783576037
4.059152827929253,4.885797763860116,0.009748660431330882
0.5138475026532462,1.5723751158353005,0.0022434014156439076
7.110321774679356,11.693960667513315,0.013861995006476727
181.456632569664,445.1019094623746,0.3291955550254668
74.46753697369682,150.03210015059562,0.12139980764484566
133.76029272203345,222.46138336083388,0.2674121339886504
82.84693500703322,254.88988460085068,0.2088805899719672
20.85227625188675,45.74589392108148,0.04819225526578683
15.961597395488015,30.98077117363698,0.03126914905583319
4.217546958121006,4.341889587741388,0.010896590116481851
31.870850304581335,41.011133210883365,0.04596171033533491
19.187507817223253,13.990283100466472,0.03751046284054903
11.268211395391251,46.258201607053884,0.02688281990846868
3.5112854861939486,2.5930509545557707,0.007242471655406446
1.2232656464993985,1.178444949952118,0.003804637130590959
1.9726982826599568,5.452343191581225,0.005249579129237283
30.66044736015479,39.94354799202255,0.07141903294424057
59.34851779266919,125.88005144464653,0.09474220248585433
10.670699032007049,8.821632951354239,0.010597860665144964
14.607023298302982,22.533897713602034,0.026059562877684905
50.10874545638913,136.45446609703131,0.07505145763132973
58.66632359777049,55.42100928420768,0.08329696752737901
0.5850792948719621,1.9802944004940584,0.00252035215633843
0.9216186916442711,2.4673283109379445,0.003212636024290912
26.448551344163075,43.95393054386935,0.06713710093951537
2.8850236430574365,3.4646230421557553,0.008318943635314508
9.846843367946503,8.040618068420615,0.014097733540490945
165.046414133465,362.09890311484247,0.23518112987767217
15.324415931118596,37.61285849646567,0.016185373466186984
11.329276292528906,15.611895854990827,0.02053643479442075
8.879969170774187,15.0398085663681,0.025983129870914674
53.24244724861848,113.7782876181072,0.254859760841621
129.19186171727895,237.96704670240166,0.4573425228264097
16.896887715589152,27.46511889073818,0.034721337294637715
53.09045103540322,81.50951819944292,0.19861502379744123
122.27197210145954,186.23682845392054,0.21071175520558727
138.51957245934454,241.7824889875826,0.3256973201185967
6.7388192571880206,7.378055506516362,0.009684508791901263
0.3479145143512358,0.6271599062145793,0.0016204187711972256
38.67122227494125,70.47881762449025,0.05370507414048398
39.33414939799331,108.69671727697745,0.08437007459157699
101.26462473507274,210.62554921133668,0.19444037782689816
12.96590294038326,10.200258297559905,0.021640211873851966
4.853115973583193,13.066276717417272,0.01170746519583577
0.7543030512104798,2.2393582007800106,0.002703477200512138
97.8002969205378,130.20700208525503,0.2005932585767158
11.75875292143857,10.224370684004608,0.03062992297291265
34.94252422650127,43.127015939979735,0.09147206094897535
9.988852378147769,15.352678888725585,0.02740512825455735
28.446245247402185,34.01564086380971,0.06056892326396153
171.48442030573156,391.7532687349103,0.45751273600909503
5.7789667731280465,9.852145651324383,0.016504468116381437
2.127467748363295,1.6256683919676538,0.005759630641643552
17.602942102026216,28.136453657800327,0.03227273429665287
31.582504317706572,51.75809372091449,0.05111215104112914
114.38440600043853,127.8273677759843,0.17056669529653917
23.237597651525927,24.721153704522695,0.06138088129931938
4.872810698881437,5.975544264095018,0.010580391555064695
78.07480067941349,178.88685661286513,0.11442293370337547
49.24128659529108,104.11285032571332,0.10699687247289817
1.3973421351368451,2.925552801120051,0.004461801508109291
28.2455356036441,46.116976486880155,0.0978464902305522
0.911995544049368,1.0568714423080634,0.0035510788054885197
47.51745763668493,39.60759296246143,0.06016126464054322
27.331950566259543,23.954355910504546,0.04780981886992241
48.842409704752306,32.629590708377506,0.09912105870641422
3.354914007395355,6.698643447270957,0.009009293105050619
12.024224570579218,13.771667874535789,0.038973625436718555
219.4881609067133,485.53787526247964,0.6405491829645908
26.024148508056353,34.01536928381027,0.06195894293189713
52.71754084580422,102.484487228057,0.10227702719057924
63.79191039407846,204.20773502135694,0.16311950755848356
60.95671645511395,103.00973016653722,0.07055574659877538
22.33214652557174,43.85126972081939,0.038354885192461836
98.87888639346977,214.13958748533105,0.2685328232261887
33.64801943576874,91.66749923546601,0.08667416886872913
28.417057967090052,24.774891747789155,0.07030827829453809
152.6268806400396,291.9051406342434,0.3230095834718871
43.075504260900985,62.69927210469413,0.05403841018873462
64.49508217296028,131.60671805443243,0.16672983263257163
16.491247598840314,26.21072732534889,0.03184032420370497
67.4273053613662,81.9803655711593,0.11903117856724503
60.51707925660688,94.48677322793317,0.17279861701604024
2.4207475223193575,2.1847652907917126,0.014069659122836496
27.824833956606657,54.120520442512884,0.07366462534720508
1.5611207303708956,1.721031313838638,0.003884915339029499
4.159417417255813,3.70535579376655,0.012122311898747396
95.60350483661223,137.23027182301945,0.23410813931204222
84.5805589853683,101.51611518787148,0.21830974684790677
54.26961356276224,49.483284934713765,0.06992496711077159
3.570107546941209,4.014655029135625,0.012683655212467499
1.5048852343152146,2.249174863313123,0.0035631559385190135
27.03918908028848,55.73456457904031,0.03770044599657998
153.39210320577544,272.3283237796299,0.2648695808724873
18.264172280000423,27.547900517410554,0.017799028767043246
25.402440754730502,69.69176614570017,0.08635549479256194
72.47254408671218,154.58664039540852,0.2465976256464077
18.13574977673677,36.94918298714165,0.040439029415933636
1.147588124404431,3.723359549665762,0.004056443497529289
7.832741931651996,21.01304243089029,0.010326957580120928
10.386772632004934,9.709338245891372,0.030143978921006044
119.51024637784357,284.61819369073635,0.32624353581408094
12.351042511419639,19.33569379967447,0.043631117715330486
17.477741715807284,18.396679011470923,0.029733338851539944
105.14446040184363,291.9903883674751,0.2759845293358446
2.9574843985605566,2.1151768908223025,0.00506773218496214
2.6157701696674467,5.078949782829374,0.004296749614725995
14.200206806579253,24.877780168674466,0.01604133045409634
7.934712672164176,12.156943386497904,0.02703398065175632
80.0131308424258,87.20922254012963,0.16745820252523114
28.91686499316676,46.27201032608897,0.0368524212114869
3.6781096529952584,4.080080586667284,0.010081307848050261
15.23996689276543,14.844203980882934,0.014894783393641087
0.7193650797624288,1.763119067438883,0.0032475805805403275
35.82219144763093,34.763017816275216,0.0766562176809713
485.4763038715819,833.0794370390378,0.6958921321782104
4.159281218075777,10.827592822717968,0.00744484531374362
57.6449162856662,90.20255289653325,0.10444850397776896
134.55844881846554,221.36529773511015,0.30886304398539044
20.171009277690544,23.64985599919877,0.023283128208839134
61.86151033200653,136.522546969625,0.12291467284037735
1.2032783164469634,2.0230467748734537,0.01580259075470492
9.323172118301933,12.499209726323766,0.02285084981234748
8.416508864841704,8.307228316129747,0.015084160707595771
100.47040191575546,173.76883303486673,0.2784143987666705
111.140304754981,125.15769338270074,0.17662305431605704
39.82589366912046,33.972942914332585,0.0716784324436382
68.20527786804932,160.02865690505325,0.11111272527275186
2.0313624204168983,6.735998409215979,0.006730306774212445
37.52821184378245,30.605638458859136,0.07386525578144831
96.54274358505427,131.45493912288612,0.26220208164484377
184.5642400507529,328.5004279431052,0.2919937333424168
47.34087868065998,97.37002243584762,0.08770027096535916
20.921083673978973,28.45532376121079,0.025304153951122597
58.41108431811229,120.05345926525105,0.1313717096411266
49.68066442003861,43.418375162491884,0.07556614966879487
68.98324042209998,126.18373874721401,0.20036012707413278
159.05994520900802,279.18749151654197,0.2719118290980258
27.003174810914796,119.26722329283945,0.0679601485020688
125.225398692729,238.14965711494645,0.24030116496500853
352.16805077084655,820.0925222186816,0.5549798869561009
1.4090257402920747,3.8560658353824806,0.0028093290682460292
27.96896135679272,24.86209919464997,0.07830060219087785
30.479591601746765,67.97087274279798,0.04272937365479041
94.25670558607612,196.3060591961007,0.1640950258101308
112.94950063215053,175.3135975260929,0.30217473052298766
11.230805642914095,8.694185899102271,0.01714238449051406
10.043178077852938,25.38598880440999,0.04177626996195301
55.02576539729572,108.5015891869499,0.16831527709263835
26.63809368921809,20.81492143917739,0.06584804006998961
21.330992419816525,23.844761607464307,0.0538122383034111
2.6293984830373285,3.4235665677610494,0.008710581880249979
16.798593833045107,33.733859359659526,0.0195144340462042
498.8928242820909,855.7947069373702,0.6519056851474693
37.07931189497905,41.171875877819396,0.0690378875343499
3.0232508113039023,3.831375913088549,0.004074502277277484
21.742356607585734,52.45118517245225,0.03920959075593947
38.7924568476533,64.45854484060496,0.11539974688714821
163.50857658477315,272.1361821655802,0.2961187906606264
8.52290122842968,11.567571575480736,0.05791499452692137
13.319343394635231,13.73182863950176,0.02609532529485456
5.64295843349175,9.779416195972258,0.011602795353763223
53.093067939549435,41.513449524703695,0.07619296417349739
126.58403843700714,222.92635218282646,0.26666064320973304
17.219700131235424,23.27269783125264,0.011736824908992298
30.291901975493122,41.30020144300452,0.036692553254269095
34.89446743618241,68.95390610383068,0.09511856355380253
89.94163117299802,189.86529548736462,0.22165659851465888
140.4050245753173,266.36667354333156,0.20655599744442785
47.02592281344374,100.41760705504124,0.08928063230398552
58.854809401037606,75.03659904008137,0.10288827059910277
59.573513948818686,54.62269815587072,0.10847471147969273
44.521311625765726,132.494566869044,0.13286886571802858
26.447840813407137,22.237294228017205,0.05923507103217829
34.04492679120568,54.75607357698829,0.06455939505528649
218.78462815289637,434.6403419878773,0.4393327855527608
12.015069586689105,21.66693907248302,0.04428600252547506
26.182052918753097,65.47753340973713,0.05829744153437751
2.9769947224052307,3.914927162358324,0.008124754614775664
0.9801009091617332,1.785187396323999,0.0035758960304455413
6.187259393757538,9.198727982807908,0.023474927609632795
55.648252687367936,162.54941523727913,0.1748708817026653
3.1184619824831326,5.84083634458197,0.004192268153050529
5.469905695736418,4.341093018012462,0.016899121912703412
101.72726618724427,143.00029652553673,0.2315200543123182
110.71464358692788,288.0133573787229,0.2655714338128836
107.24827112349769,177.11651210429082,0.1830856645888269
62.40925342154403,87.59574955215649,0.13966309522495102
6.04021243932369,6.320823648961338,0.023172124038335202
2.344353734314049,3.1494723903058306,0.01506165954511044
3.049774820685447,4.4124364484604905,0.005733719139780683
84.43920579076719,203.0975366270466,0.09124572162461848
24.186930148002435,41.452523342270936,0.08043180404285218
1.5419522113886885,3.371246624272809,0.004068549866936107
1.8883389444056289,3.7501811777386056,0.006932404469488896
1.8288325448597889,2.786890214126935,0.003528632823224431
20.762739678512123,26.498370924576008,0.021078450598617817
1.3143543556158623,1.8962364151410085,0.0030003505632779292
13.331238755530062,10.619049774822244,0.024850998381295702
6.479870677160103,13.920162541288091,0.010002392175859534
2.8697852430109614,4.19057858379195,0.00882601542473247
38.93291799687563,82.67331216535652,0.06031344886089693
152.82546104341048,432.61270539209823,0.3542105533023532
331.3843677827385,619.6776326270085,0.789588198833249
13.1975511770904,23.14962039251104,0.03509426321692405
1.64955183839262,1.2602417589422765,0.0029787867129423998
70.3671607972749,120.77736730839293,0.12982030152144025
3.85976425288973,5.983706561772828,0.009582839046149219
22.155720735106662,34.752217335129615,0.033314082121123544
14.732118315018042,17.69406315940275,0.0299623607468535
24.19784301381568,56.68386939541677,0.03171132522422267
11.672599473261553,11.96373033955311,0.014082538324757497
4.8426832999112115,8.401990369017769,0.012621541553686675
17.19158058255345,17.519418753085247,0.03146529519690433
114.15126431208644,237.9341336549832,0.11354302386632986
45.39629984774559,79.17585121733688,0.08872573064409682
23.082033486823192,18.300510207934167,0.052870024729185575
13.1494787453025,13.332840735783702,0.027928848077385212
41.488198331834575,123.37572400389207,0.12679464492471204
9.093643245799024,12.93646754629188,0.023480826854885055
4.123377727651358,4.701045252820795,0.016503292784845157
116.42404468917466,205.47421015837523,0.19544010828540048
7.3487460341763375,12.186101550521444,0.01997134415805528
37.36089975211518,40.70321969031614,0.053113424391216205
6.642188645186719,11.889412143961225,0.006038847724246726
8.579676218677827,17.19617590174238,0.01737387403712483
40.15518908212835,52.67169420137402,0.08995012210099608
1.701586827004895,4.431561943185432,0.002397848764278294
90.48551123677,151.64013559406217,0.195809185295647
69.29002605533208,144.58716408039638,0.13605883916765152
85.42838406307783,111.65294079994905,0.08577539686518688
25.401038695111673,42.115032024906874,0.06079852540349779
21.828886333870894,25.557663675013394,0.048823193180282845
43.62411566291293,84.5205802220048,0.09156531997479908
0.7692589745493373,0.5912399181723551,0.0021984777561689234
53.72141560572309,139.37578997551088,0.11814725014241274
40.74269560522366,96.86058919679533,0.059531371483222795
16.876042265032506,17.928005719639646,0.025183616663073952
55.86418949356424,78.40991052463261,0.06481746512363074
42.33347840773731,84.6372677772674,0.1181522920802741
15.708784373955607,41.76265064093083,0.026300727728904284
9.626617192285956,10.994707575676962,0.015784552269473465
22.974958138940817,42.22115276184995,0.06297596823935783
145.21103036972852,274.22149521420306,0.5801367682764461
19.10911850016599,21.845485103380113,0.03952756193472264
27.69677089267532,36.6727012917099,0.05137906900290096
177.27452362038173,268.76365882182193,0.3436383991946256
20.984651986963502,28.456780696334544,0.02397910296018274
4.830092376099269,8.631406881399576,0.010552662215344826
89.33914134209117,95.0038317700638,0.14519408919188423
2.7526418773381995,3.214250241776594,0.003824680420219989
7.681919553751957,10.93109063458401,0.011759071316253937
6.658318929010366,9.832087184759997,0.02331444020675962
163.7985896186294,234.8505403989867,0.4316676508730892
19.842301212957253,17.813956204336073,0.023050432873993214
0.6332493391692476,1.03439843187429,0.0022065619855336786
1.0686837533598244,1.4996397933753394,0.0040492675025902945
5.877739327884703,10.300699404662891,0.02059279835454609
6.14768772028032,8.986158955776478,0.010435843115655893
9.37375318353655,30.984770463480334,0.031428011020296624
18.57334625658455,35.99220969764623,0.057233010726510415
148.92823275927594,410.48571913581185,0.42324699363831697
9.165082133611993,7.173078139716755,0.02340714237576269
26.25771597969266,33.98624926055514,0.05052019698169231
5.512192778994513,10.238469667689815,0.012099871221399845
147.26617900391554,244.31401141272968,0.31814095903241907
42.63232654730956,84.57018243129387,0.05428794638360629
32.53911721283982,52.91553718079466,0.10374020351133843
2.7386196277787778,2.175673351270736,0.0030441757400748396
19.83746100495738,27.430112765982173,0.05076115510756168
118.71918405591259,225.1526461824154,0.19156392787717136
0.9939959108075351,0.7451087575086789,0.002475959385455259
558.2103932605861,723.1552934931191,0.6719697522724272
10.035953579912595,19.4648788892636,0.01641861238304258
3.009410851730349,7.712254234293917,0.00422601246411262
13.51450792946346,13.967505672809,0.03937223322180866
17.54208458144418,23.703436817439623,0.030088990664775127
5.9265731476809185,6.888625945433691,0.009071863684248649
315.15487552567026,350.00700215595106,0.4413251722964938
14.338250178545115,13.583590099370255,0.03322505046080884
1.3839046858282904,1.386853472109531,0.003208953192154764
9.373220421877894,9.991964088267672,0.025847336683536906
17.650722222427046,21.031899459571434,0.030628734044060003
0.8636364145001637,2.280936964822643,0.0023490699202156537
29.05524417706487,64.21368531272071,0.07212077204270118
158.2474286812207,274.1121424338116,0.3485272566614107
26.040214443263622,22.997696025610455,0.022724389662038293
31.037832026983455,31.163279975109383,0.07337972715039345
458.9020792232752,1114.9444517429106,0.7191694146565584
93.41971649075487,210.00775786811823,0.1516306057349373
102.15964574388818,123.92824767691283,0.15409190557701655
124.2677658962712,204.12730678740823,0.27734347656885017
60.17984886780029,135.71010537059496,0.09245149296987429
28.022839810706305,46.54902510853027,0.048985876486590994
3.5378566662812414,4.090085753282883,0.024835243344590405
51.50048942844392,67.62046436132246,0.11790426858312499
7.096415758123646,13.130078442573724,0.017967083659550805
75.93309493737648,119.67575116086718,0.15932178454844037
34.17985250106704,48.10465428715655,0.04117053858034844
25.62756450197266,34.05735992174379,0.051809218013122806
10.22339758074107,8.527265524716887,0.013931400820567133
112.09244100524833,177.83625077260413,0.1987571979015109
3.208480389614492,6.10888774767919,0.01059756489314265
2.159648057540467,10.292920932691493,0.006012681957630103
45.953099684817516,50.57368884336303,0.08564039800971227
31.09045218230725,26.206622200286752,0.05073742678233794
21.665622387664815,36.72764378849445,0.050289264671760765
43.83095909525599,55.7975560518769,0.0507917639392295
62.282779049642095,69.10832093761115,0.10733407265476325
2.3773787220185527,6.164097226967425,0.007678644091875309
550.7501305287855,925.749057080358,0.6319449511314683
134.4880052421163,288.44443442638664,0.2570597310328735
25.889939886671353,56.81428294052235,0.048321693593772884
7.186560547172911,9.213650119695814,0.028306657695193967
7.852015893582475,15.76856816381009,0.014296018687039851
74.3676801076902,160.50934768619985,0.16454798917239366
41.710923840327155,58.106180474201004,0.06492710069976976
35.05503842853532,39.408610866806754,0.06335872744270873
74.747887470342,85.71878832828084,0.0922077569942421
14.382075992241496,40.5896828074199,0.01826372869380709
60.58482964622988,102.970030474428,0.11841892654102815
77.79354955337048,163.34366650900236,0.14653596912359787
201.18101838575632,470.79378574230566,0.5206882413578526
15.244459706326838,13.239561293867329,0.0333454391548384
11.014456741111385,22.4716510982186,0.006555664299255388
13.037546654479526,27.59450689978362,0.020197968522850742
6.239216256605497,12.569395505859148,0.015027536841904904
21.25933903666998,30.169167693529424,0.03629204644803417
87.77868816591918,194.63428896179644,0.22651793974887627
90.5149759658461,70.60776060881143,0.15158867557885686
66.71762877866726,186.6712348381789,0.13324666216533199
20.319141442704865,15.82875995064454,0.026326649719396772
7.06040698143668,6.810116924154012,0.022600202173509876
297.8444555555258,538.7298131956413,0.31101873126266605
5.795920302743997,12.645082357387555,0.00851471943696501
83.93756836056673,112.12253883390136,0.15056345263104146
33.49553542419685,68.48644834396868,0.0626253250128039
64.22845974823232,121.28685372659824,0.09510505023459664
226.82148925457741,522.13591306932,0.3581778689389304
61.26846052757264,85.41408050338116,0.14884484397661257
3.6414190859315183,6.379012559138013,0.012252268576123215
94.93834636050029,150.75105680113228,0.2827459015259444
159.60798638833478,271.1604393503568,0.306096900373706
2.611245395833317,4.257518288430903,0.007626094308593957
21.767221562863643,34.74080233054459,0.0515721843712344
14.811181642627254,25.31965087164894,0.018632279363146192
4.664747748037583,4.031378394540397,0.010760894695452597
25.04306931858156,36.72985483445559,0.034997019419068714
12.043507757635359,10.707347721811953,0.024576535453772537
36.18270596879819,56.89570920039713,0.07152769808306718
25.33272280968275,36.86408141154491,0.027330303524810255
34.57825230491019,59.93601811433936,0.09426694274924194
66.16028992269015,89.22319405454165,0.11162444063420032
4.583871126138932,8.723016550960105,0.011711021389436832
18.642346568114647,27.359787399934326,0.03321651941277121
13.011408174201199,11.434246021217565,0.025445553001971155
17.528504311039182,25.169395582803368,0.017252353536435897
3.001240618664359,5.2571516341525495,0.008471804423263559
12.288043662393335,13.80194544471589,0.008548385569540058
118.99591540424333,221.8699929620037,0.15817386412125284
8.431675356418614,16.94566270421236,0.014363049165252344
34.65658230294339,75.91445920827067,0.04914437449943797
461.9787838220649,969.701944883618,0.6871749233517102
2.4052419022974294,2.5995045454750607,0.005296028516739906
26.857337917251712,51.41256646964367,0.07941457969764616
138.06508008709176,306.75537976537686,0.19501641038224798
37.951905197997306,97.60880777792876,0.10627437593374452
64.03129259281938,143.03424082800183,0.1608751400606387
10.234070106817825,12.104989345139101,0.012067858982209141
14.605645556386241,24.777999573448756,0.03112155413966299
1.7840386179578633,5.365279229749401,0.005831337594821645
52.10745792388098,135.23820147001703,0.1818693470737674
48.401351354512464,79.35569499280531,0.08626231937808938
190.5746569787974,504.55902788065384,0.36129772099231133
19.664922711525342,25.921125693037904,0.05316643026037092
34.46234129977486,62.80010359007136,0.11903060185081256
27.232087505863657,48.328388735033684,0.04902845773919411
28.35444394114562,47.36586880889495,0.08374095648965707
138.15915801374038,301.7038286738824,0.2312312081664758
13.348517153378026,26.49879186905003,0.017857404234229705
6.700564907772556,11.171501933798583,0.008682686826789358
243.84148178546639,494.68513089667437,0.4674125304257132
75.34884619184702,165.20230442747254,0.22491767746652344
71.15113539651804,126.88988172305656,0.11392611325845027
6.4740899982037865,6.565810852420257,0.009187440937382982
200.9341225528992,435.5663612894569,0.33117201822187453
7.700915635012413,8.293541722183699,0.014705720655519443
8.340153211572197,10.40037258690926,0.028236506015070797
109.64175145705968,169.17254939090964,0.2631686117153087
1.297114138593934,4.529391388388809,0.005080804686473756
52.36326856457504,105.77157665916009,0.15036448646682932
28.7126963735898,26.758434641849423,0.05709652805006255
15.14895966855961,13.847584114801549,0.02241341059464362
247.90559515776772,460.44754054269663,0.3697526474593854
31.803700092933227,38.402502120115464,0.06602635980344776
11.403637055870243,17.54369710854818,0.029413916538873135
23.951461398576672,38.584185296441234,0.07506333017757169
6.918978849927553,6.550269357078102,0.023181538718529824
67.06294748163202,83.77661584368077,0.11174234625421922
26.895149072862345,80.04918099197494,0.05021018693135181
18.492028539523773,30.59506070268895,0.07487685120454889
16.427383697461348,25.939662030484243,0.014168387070436776
102.46363901535962,202.50496179666754,0.23644574085189665
37.656292967943735,88.82257255443177,0.07695662277846545
7.64853892838638,10.2763243264554,0.012738828729885738
17.36211019013657,21.02775911845929,0.04956786167732002
65.5203422545471,115.84936974094997,0.1681421103279047
39.10019166219274,54.790246267924054,0.09827435323619858
125.53591841787397,185.47940612912586,0.2679050686887947
2.2845939962848436,6.895829949149762,0.010293685982164541
33.626405408780286,79.78430960229362,0.058879474528048766
7.878979467526903,15.79321266711826,0.01709257590486884
39.315159419142745,96.06145822558129,0.08142278900670766
2.0908348893634896,2.985849678161636,0.006723454558613301
6.614291094282132,13.711301704167807,0.005255879610252544
5.459766929099593,11.769259011203767,0.00890239072698189
14.565053936830852,21.084589566156282,0.02970744612360181
50.95857076675924,71.10667283667843,0.09367914453479428
4.841572749941835,4.889653100657776,0.005606784309960552
20.4279117222605,27.331420726758257,0.01383821758698357
21.09275748023971,26.77662234197421,0.028209646872237454
98.59698994266266,167.62338076591206,0.2632605852943547
30.96801892801487,44.19572484529854,0.11884457707929358
103.56802582513978,238.26337183928894,0.25651949662709633
214.56694225419383,394.2018649541498,0.2836940230502797
208.77136505084366,402.5436828102448,0.34459065644848946
22.999474999252186,40.733971004104795,0.03492783305887226
127.85135257428058,361.47665270006,0.20963659648945243
30.600286609618962,24.439438639475306,0.05092285133006919
19.391558730613966,21.806863621639884,0.05000005235619388
99.40906248619105,201.52226510508783,0.24989808881042422
1.225461660748647,2.950519630280461,0.0025598861251861166
104.36798720410485,128.9354254907449,0.17404051782135352
171.74117391478617,393.9566877226026,0.18757149154805755
3.717141748368455,10.022894019239379,0.008586363312982685
7.18872545726721,15.804443083858226,0.011428929660651399
35.34065153806347,32.62255253466883,0.05742773713489586
56.645899156068104,72.28932512264817,0.11881660584325697
49.83068862855784,95.79298923026332,0.04917332943892163
2.9972905397504777,6.134266296618721,0.009891022077429847
408.8122574964358,737.5146450913783,0.5378137910399987
15.710210654610899,11.88809528747121,0.04615526272735949
425.11028358887404,911.8813277680027,0.8420607211526959
87.33851826490347,230.6186827272687,0.24593833486692873
1.5354513200290725,4.21975131703405,0.0034770923521072867
2.8961477093168893,5.422724366058668,0.00788921551852923
148.27134446106035,261.8307002598021,0.2182104076224915
91.96710053356523,190.9762577428947,0.20429217462646232
146.6273944584772,251.22381042629124,0.30609549370014283
0.9862907743337652,1.8716604123376341,0.004731908788547343
33.08410628457129,34.02162179111544,0.059155718450994786
122.02441349581375,244.8829249180755,0.3351793422391838
388.35699995625464,587.3264139371857,0.6269088280620958
9.686774067714252,13.27398425221559,0.020440903803522696
161.93030744480842,293.9351085601825,0.35574265821486056
77.2543356473129,125.10194508594678,0.23460160563862964
19.319130828997434,34.18616862144411,0.02251937747291273
115.26185738932843,152.58639542606468,0.19466749142824086
11.214115545243978,20.933137837556977,0.031221212703543975
11.293023815039144,11.384386755515234,0.024431271930628023
7.879264854298457,12.690090671794458,0.02390739151262145
29.49129717224307,58.6739078415888,0.07776479251264251
180.14837983973743,306.6902059931175,0.5397444352014394
65.53009408923457,146.8062752380872,0.14957910505813285
122.45556517327765,285.5782079472437,0.40332494716214595
59.832575478703546,83.17761676707534,0.09701946450463023
183.94012114748702,350.87240714816045,0.3862685581961888
301.9412928436922,932.6722028772747,0.5977585830455757
7.17628161246028,13.58031474867008,0.00719111962761192
97.5494159713752,257.27924040473624,0.18599826489937335
55.45567693815319,142.39426734116208,0.12388155505382312
126.3519940344698,270.25694587183415,0.18988586429860516
1.1966761886709587,2.0288823627584036,0.002952754204724425
269.23291754618214,496.9396984286742,0.38182454711676855
6.475335415893175,9.228699437710844,0.011211687743482178
42.35671751559,33.554301844746114,0.05470194378110756
25.759429737082257,59.10327828773177,0.0532635734073894
1.0055063671633904,4.631968108885392,0.004422623952158151
29.19650500384221,35.47843087559556,0.0833360832566627
6.112999209997694,9.017293567289876,0.01628364295112066
39.97695520978745,78.17953376291146,0.062260113055821666
64.72060546499603,112.45407465503851,0.15298523236911896
135.03075986934053,312.15080817421335,0.3977445291257185
47.363526658443625,77.75141395444312,0.12252922007645628
39.35535519216013,72.32215847405641,0.05877969550898041
153.39482302027787,281.59442415604957,0.22384199052398643
3.8310936200313352,5.653753547054885,0.00486415617350983
14.582307012651954,30.755843932518818,0.027416041873750973
26.541076827251946,43.41164626270844,0.06460042868010932
454.22815956315566,663.4593481398362,0.6945403745228969
49.84142292246763,136.68828600333703,0.095966423489096
18.15379657004747,32.89300803476495,0.06141577490700059
70.47198642003713,143.52100690281765,0.12826673461617083
9.083780480006782,10.260427027803024,0.020247503937140005
5.243070869130735,7.457091589350211,0.015137761188059252
128.92696629052296,205.45767211808467,0.3054831105045778
12.610900691650567,26.8012363952272,0.03600404763183387
59.676587367485894,80.90947263179207,0.10380127029602422
49.96837703193168,127.1428328968544,0.10882833877994702
76.962123331916,173.45062143282223,0.14805368371449493
2.137814989571764,2.6251904366779315,0.007702991292289591
11.971242643316229,10.831614236094447,0.01752078322847722
122.20087842403024,277.1118497866119,0.18868027653560743
1.0105539887065786,0.8800468204692492,0.0036419488130145466
35.13937775467012,56.731985420039976,0.08596818956967023
6.16318982717355,10.31795124565583,0.011247267399642389
19.37381435008214,30.728294049662868,0.0548112453649193
2.9242780948589924,4.255625568849323,0.0078114553419553435
179.43679164850028,374.40611890726206,0.3965549332754747
19.230489520033828,29.346217072438268,0.0830493011544016
21.72361278886996,38.376688894979196,0.06948427799621831
6.234515960796177,5.118342963286828,0.018886153151021018
40.853305159379495,55.11268680756795,0.03209499914985287
4.511210055414746,14.60471199813535,0.02357380442867298
66.40712193631411,95.10110398765893,0.15475553056494246
407.7709731810648,816.5257076412292,0.6827971295064669
328.70724416957523,633.4787827989842,0.4688931297302915
16.05496431627103,31.018038419896644,0.037076017541515585
28.794311357076438,33.71627368733387,0.04741102865507457
104.87752091367578,185.36404590110828,0.20235214418067163
17.631539502827067,24.568081543765263,0.02827092362874063
1.0452722671293802,1.5799634584077307,0.0028682045325631065
229.77077724433565,565.210000476576,0.5882822958895537
33.687144319464466,56.32847482303946,0.0789502396797785
13.833999878640979,27.462317009525286,0.020478368913993336
82.60598771069843,106.1733354517341,0.08695041633173754
12.584263216811056,16.059474417764356,0.03641460470655359
5.330475605998223,11.868304166083721,0.00863048467294028
0.3010660458423345,0.7214463358175884,0.002098807460293693
1.351519792689796,2.007265298281296,0.006176905541880077
9.122144776658825,12.983269924176485,0.005139843963994962
33.5284361719005,56.8788977570334,0.05003882924305989
15.163521498536877,11.21790048207194,0.03172612442053766
203.71361642825462,395.6805031795812,0.33562480671547906
3.4111764556353297,5.964879191757213,0.007981471443989035
36.01746160123211,50.10962618928544,0.09000561857222182
21.417494687084634,18.959647167314444,0.043622046262300644
111.87139448387093,141.95506889822542,0.19989092198157052
6.544739642527307,10.149091820278137,0.020520533988469897
14.11907488459697,26.75202966123452,0.011901806025598859
202.89639095482636,336.51509418447085,0.4941673737355471
0.7500353104462935,0.6228613188415739,0.004328281765484644
46.876689398770004,64.15621341831628,0.0941518482042135
27.41276154955579,38.536431948433915,0.04844485085671421
27.007236938513646,34.25440758508193,0.04670475519677503
12.785034903566046,12.835919008010558,0.03997461117647454
2.100034974159532,2.3994036919763664,0.004320303486840856
1.2861436265726722,3.0572747879465587,0.014316824946598347
47.8906223012029,68.2443831489774,0.06514623509132393
35.309522078529895,41.56415156715084,0.08007662123710921
18.048131255987816,33.34511024213231,0.023855372284888897
86.37046318334721,204.74733381359607,0.14515694752534447
57.90451181331688,43.44333351466719,0.06309578558543841
25.175779358813617,72.35419088240387,0.040291954241972315
95.46122049610966,172.34051125362353,0.1613882978341353
48.97026443103574,42.44129777867707,0.08726130149867
386.4844460068563,659.5261166967625,0.68336971729322
77.07400721674476,182.35657237234446,0.1437874237743269
96.01331513930464,235.17040341996503,0.17486340762223485
26.009931567098583,28.36499371388094,0.06391648167009917
48.76342664984779,62.75474450050594,0.07997726001439223
31.25975079565081,75.54170304705667,0.04655501351819076
8.5902274654477,18.13193291104873,0.01865729549926903
82.81957687941681,151.68275919390175,0.1190505164454195
100.95640611308366,171.90670575161874,0.27790998175434034
34.79194896268008,78.56905167797348,0.049632806130121214
127.42855326161093,306.01422547874904,0.3318744516084217
138.09376038425967,229.81558924504273,0.2898270597374241
74.21226159792351,118.02756724380806,0.1451450598690101
9.153054283531041,8.842720943549182,0.011992198333736957
110.03925533859002,227.36037001687959,0.29237349358261566
9.542685616519762,8.643786980929248,0.02149570590577026
14.220142803407954,14.694902189404846,0.03542538512484312
354.69426596912666,545.2821503954592,0.4363836145075544
4.200637866824929,5.196887607610304,0.0045636579065971225
5.44877187531458,14.845195817815844,0.01081643432410341
23.991300690286174,16.306443541841215,0.04740995996517134
188.90829725764368,424.584890062737,0.7083723635995572
60.43937631251127,116.6249357180906,0.09885016428406455
8.67236573798113,12.86076591927509,0.011685893165282067
12.58981426882245,11.853101053128542,0.015522433405659973
16.38493164350903,28.71819040511367,0.035717777690784436
134.43044312257115,266.23270093081504,0.2519851317820839
44.43170864402856,73.98243284998485,0.09658684411661252
1.0820485711667207,2.139431063077708,0.004191195281370193
50.769896112740604,63.0591042437685,0.10633559570369508
54.91972173449154,97.97738764106057,0.10400901615389166
44.86002770112576,47.58723330718929,0.07089421815269185
328.1847035442206,544.4868523174368,0.7106557840806572
21.943910909298204,19.71782940375004,0.047780390103163026
2.3565935418210797,3.312698057570327,0.007687788917816539
92.82141683370092,146.22094631478416,0.28622063689008814
75.19099632962384,177.18746003632367,0.2725438921514609
58.02312990551363,97.1899512132272,0.07666276231018714
28.89310781344779,54.17463041685732,0.04335516367342467
24.020644134381985,40.01969530054776,0.0667888386000249
28.17521957830946,36.4331272526614,0.05108151665140141
46.54675423268356,112.70082268185827,0.1327018272632333
16.10607338999661,31.06976130938445,0.03843821780394466
7.004203106533413,5.814733215145139,0.01854016818075753
78.15601102525994,124.82078309605048,0.21767352170913673
56.655937294958555,62.943171705165575,0.0697538421654636
0.58435852435555,1.4687263058218976,0.002123472067504847
168.526267410033,313.3466769521121,0.46154619403769714
16.13268548346657,22.76603417313108,0.03227342865597665
126.90010980806743,356.6478476460185,0.21138530158582503
16.87641081780482,34.578382507023164,0.03265968108272482
14.06755000742023,17.961743400018165,0.051346190054937395
84.93337610737129,153.2282168842859,0.14336752930865523
125.03385567279862,140.62884037153194,0.14667273426922753
53.20559415630636,120.93168275000059,0.11259261848227756
77.6213188380761,131.5576214926731,0.1177151519564373
29.038384987816162,70.41381861674785,0.0728479521711983
1.029579125001812,3.3757112913216916,0.0026063840313874055
15.426842109987549,22.680549309845688,0.00969393501974843
6.550921148208541,7.3031423305844685,0.013656898241167252
1.7636946341613315,2.234128660587282,0.006975136741643255
25.233776872989893,50.340614305699006,0.054138500126293
73.34373705395518,169.67594742890543,0.1208966905956714
16.043384203259624,19.487085371717917,0.03431108756992994
20.239559120210213,26.506063482208067,0.039655997974789074
16.125012394554105,52.16584347623996,0.0391749297425389
189.00475422221712,322.59963868927997,0.28744569348456295
41.19617202348137,115.30779974353037,0.0971464831366029
92.24848919601929,232.11330667224715,0.17610079594251304
3.347493105140188,7.833862912451472,0.005412564073343675
41.2951879245806,62.28122302006162,0.06541939021465412
29.687953520628028,50.060528765152426,0.030466094825372214
16.5657067856917,28.523049434602864,0.01807540085009067
153.86663928433376,273.8439811748372,0.42572198075968143
12.740397183037095,20.32980295351643,0.02188496352708408
12.493537737162077,20.86707407085096,0.013832045731867394
6.380629747951016,6.31631915681448,0.010070671057283124
0.6832482820869242,2.5603150490216606,0.003337664705037831
145.83856453997166,215.95266582547725,0.22308979868389922
43.658668233269076,47.15060703681115,0.08183893758963463
36.99292729219372,77.50741704197374,0.048007752513522635
47.06575832549904,101.88934099065985,0.07407122201823753
10.32571968370194,16.876070429311973,0.020416130858079046
19.1876061814759,41.917694367911864,0.03920377960550553
41.94396713962711,83.54976700394562,0.07781150855055559
193.01465554456274,227.72260110038928,0.5251069270628438
48.140445349986855,102.84562324728952,0.07172844188980534
1.0706719713845287,0.9879094485156291,0.0038594544532572113
6.637380706235379,15.787260625401979,0.00633783571974677
265.1324968951566,871.653009377986,0.40020314048282324
18.96771727110461,22.987713142820706,0.040378205708202074
10.56334430410025,24.338770714434784,0.016058163635602175
201.18053202891593,508.19434779966576,0.4918313373629986
50.43650962021807,58.44138359093486,0.0639275524488772
9.899084346359544,18.785964753590566,0.018747971467930256
43.60427418449328,44.24281811652165,0.05813721008238917
1.1301472478635988,1.575504806268665,0.002701289812445609
5.9367279838046665,8.503955449274999,0.018647151808626028
0.8424241325926126,0.855349864122794,0.005093584713344806
5.7444251950076834,11.30593095848277,0.011222688454160537
0.9606368626834525,2.916046056090087,0.003574444862098469
23.04146216612861,32.44894824702254,0.044936251934116475
6.247984294387194,6.551172825805876,0.010473801305220813
59.644617426935945,99.56069662809668,0.09142769926072922
30.161770642404495,63.0469932288943,0.050517580792215584
60.734503832002076,118.51952551773587,0.07405236183566304
14.132365812791353,28.2964386892062,0.03200723829340771
5.057647356595776,5.279472077715981,0.01034739555436592
105.0003139297609,111.09451395852237,0.18534364683782692
55.08937018529685,108.81998844627587,0.09306660912888445
30.196980232188338,52.07282977603149,0.034630754464473064
9.909349639332948,17.147584352309753,0.028422311414117822
81.59717198954867,144.47767526976523,0.2003007015228689
122.23395239198464,214.90220301805914,0.2433380813770761
17.619567688951292,18.198733205745384,0.026485153476743194
9.551836633238935,8.354465404178098,0.02719521189261272
1.871799662344323,3.074740957451024,0.016002251456846837
19.118237951551098,26.218555139338275,0.0384299087928783
94.10143567729686,202.27440688928925,0.19289455516928
1.0354760345032281,1.0283753691143287,0.004576788689893148
18.008904336765124,22.212204641300126,0.04339649077909518
9.773943801268322,12.7273694207076,0.02500674064792694
144.3895309563398,260.9598991707657,0.3870487018500713
5.7200199393572575,10.59938306195184,0.010040769917398424
21.58539235513432,52.4387123412837,0.06622021228905503
122.63085984486892,201.35117314676125,0.25479522255782416
2.199008711176948,3.3229182967101534,0.008168268688720169
185.06764851796643,368.23194501142484,0.3288614124516166
17.936578161425786,18.796933810629987,0.019377917035087525
64.60718942380969,86.45944544378008,0.1452548273548487
1.3981772192204571,1.0073344924159258,0.0033435607259136675
5.420523779854274,5.945178990780443,0.014281087608982026
3.9107503874110674,8.720313145834266,0.009953229105296167
25.267915277030554,38.927690074571984,0.0730857900192492
24.772674178019997,54.213165364002485,0.03935783744655505
49.54693548827023,99.75662261200753,0.126482438689941
31.504530160714232,28.332764173123955,0.03696467641319264
8.235921908656563,9.216933924142488,0.011688675499150097
203.7890706834482,475.81350817078385,0.724432856264554
44.38959956735817,60.86576317708506,0.07707832250081435
27.904851918120762,34.657581060720155,0.08696608142530393
1.2862549552773024,1.881133190653198,0.005538356106936353
42.63377477249484,47.71526949205509,0.0809983031472444
7.499068479372009,12.457976797959985,0.014778935469134913
82.33458452120722,169.98342512275326,0.17900279513903158
71.36999028872062,106.50750788270466,0.17873317244147777
42.55783690782962,88.4416937488014,0.13254430507678086
74.55399579921342,82.43324746740925,0.10571732011014753
49.55735810203744,117.65923665199024,0.15359463650703456
4.788494191756275,11.649083541755996,0.011045953195098891
17.58581767224383,21.55609720393182,0.06858928991141813
5.610003435291992,20.099979719673822,0.003859770940496488
64.47631260178395,185.71348191962144,0.1478772276863828
8.060761981014668,8.036985557391768,0.009186974908414497
58.87279813196213,92.63284760303502,0.12834938601316642
33.767046338853206,58.25640348514385,0.04919504405679418
44.291005694350325,61.659428175618594,0.22128997091607544
1.2595526487006397,1.5717431407959674,0.002679055296474207
0.9807748762443539,1.6307235130597717,0.0059181253540058565
3.2437481965602433,6.867948720242519,0.008104585784379576
1.5633394703334351,7.328685705732748,0.008077263766996972
17.502322278770862,23.750198036930357,0.04057079024949132
14.100457026453432,10.287738943425474,0.039502952992417927
0.9416360899312805,2.448179200785546,0.0028044329146794562
125.42959411040792,182.09265893980245,0.12001472282454138
66.14888331391221,42.71790202018232,0.061655773320446444
13.448479210220405,13.31937796237056,0.026665932724711936
113.57194362652277,180.8581352443536,0.3380395784292211
16.511059398731877,13.187135471255246,0.018613011575826222
258.52179432839426,488.27292860452343,0.4057074929973871
7.985872539732492,11.231188098043157,0.012718807499860492
101.95024012274865,214.61707040448368,0.15346090230833245
101.4273195354423,257.48434673131493,0.14196779305633872
8.913076770972273,12.346477853848617,0.021754795453150753
3.087756366992526,5.10117490220647,0.012820970172583877
39.436553929420825,90.83420695157245,0.040540827511471846
13.453919604356786,30.125907012252366,0.02316745813169701
49.753645142565375,100.25586135913343,0.07924169496885096
87.96214642749071,113.84502436124222,0.11193046299545013
80.67256704100022,169.83036237538707,0.22495290467798984
70.74531212802981,115.06244651752887,0.16349774787041035
20.123574923802583,24.815450183245957,0.03749927530983296
51.60034703068283,67.30338145623062,0.09366764011051458
16.603311040810446,13.984963078457277,0.03659992769566003
51.09439216343661,88.44359795746978,0.1596113531650817
71.243779717984,108.4976947302893,0.1364908871123241
717.213704639252,1397.833426516304,0.8176249411825586
13.900424465486191,10.550928849373962,0.030632992045100005
14.250791672938545,35.47832319043876,0.021279740909267764
30.010741196725736,63.81232956634889,0.07727578245021274
30.045645541622058,43.99513646557762,0.07909183896383289
22.884537665585036,36.09267607986989,0.05338106145548433
4.9258114693158985,8.352616320478765,0.008394877226117103
54.93274293215337,71.77118028618766,0.12264579224816953
19.809326049709917,18.928423737378555,0.04715215540986558
50.609103647435354,135.5693467218281,0.07093542527589973
4.889586537050239,7.675089486976889,0.01482677389741568
28.31414888444326,20.366760953017497,0.05345076372673389
156.06907084830905,285.1043177453419,0.2680118866568404
2.3850006249334808,3.7258443573521283,0.010321053161466842
24.41565826180372,71.8700633602591,0.1478794417482299
36.165682694759354,82.47244157029635,0.09830944389175844
2.9476079369369073,6.535935085726001,0.011089364858621232
4.762651778904775,8.412478770321963,0.021118901660559308
44.683954510048665,56.24078434506435,0.05884581359498332
110.25562967379958,201.79830957933308,0.3793502873879571
527.4885076586052,1164.5082080393186,0.7043858431860187
6.049097383441148,7.258040527989505,0.012651120541720823
18.804742501560103,40.61865964075912,0.029135031191665252
6.794251647316414,5.188743715626534,0.01399646349094222
14.237581191443008,20.60415559708919,0.008411968648836482
30.517395925305774,49.42337192596526,0.08431983348736366
16.80399976875619,11.799949748082147,0.03650417058382642
135.16001438340382,273.0936896528128,0.25464066196274343
32.712051494663505,76.58819223684006,0.0807516898888422
111.16541620426142,251.05125968846514,0.22261848703533596
3.5007291702747376,5.739428014361866,0.010593978196033102
169.70566763286567,390.1490318613614,0.41795561962066835
35.37947819555962,38.6402648097979,0.06709305070080275
46.54345601427513,102.5620223977261,0.1371761904150842
9.632932642734948,8.019073673934146,0.026096859158508463
76.42416220813622,160.95110970043774,0.09468967069305385
17.77273199884108,25.401486496322867,0.040493823060105474
90.9335283311166,235.72105480854628,0.11098733072871873
6.240081843591837,12.121085150834341,0.012338601124707322
1.2945091228446493,4.4154071042926635,0.0033898277145401
241.67205731857598,936.6719288630585,0.7137688058548822
10.592960677819157,21.922880333830708,0.023041612895418638
73.2015694496975,107.6184746058274,0.18299338711984892
43.00383075513823,115.78410213211157,0.12023183489638029
30.664991503433974,49.65226872518611,0.07227876158600872
12.883893537031629,21.203076737660425,0.017751990388887934
94.02894076646332,204.2721596090013,0.3005992261408225
17.923294062316508,23.338557502970215,0.03673841911644859
14.1453352326101,12.71426378249552,0.025384045418577285
16.868107036578305,31.734245723786366,0.015831299355962173
42.6825789631623,46.62639921140225,0.06213176240178029
163.52806666549293,445.13738815185854,0.26316475433606124
2.3691678897897672,10.580278657188206,0.004693127096361435
4.356945315766156,10.07988604552263,0.006040307474181631
10.370091254936849,12.831906854679758,0.029333662558571616
27.874723152515,44.72025473420207,0.06587616022450098
83.97185732299512,190.9237829151088,0.18779647397193133
40.581245223081176,31.815151946563972,0.05398586533519692
25.741603840274482,46.10430926373161,0.06580136320094224
16.14058103383408,14.205828377267995,0.02767837321124328
14.890739175199592,11.895460016131798,0.01919281479128719
14.827967631538824,25.372114959259594,0.05930239031262573
306.6807336786683,829.0344970990809,0.5267089886649559
3.4579305643397533,5.679826803480836,0.005786157927182681
7.003416100767328,5.95951059130659,0.012240643012741671
264.6869329730321,528.6542031043474,0.48484254080144795
32.907756281819736,48.77387954142508,0.04208246701740754
92.59725788812636,205.9372423193732,0.06965119532473649
3.886162089718842,8.258646854542121,0.0039684715759435935
5.590679803748837,6.423058682150591,0.016560968256400382
9.90559717640069,11.980683237934597,0.024865601583791662
57.80169827200703,106.69562844124924,0.12606931702639054
62.47516338716628,81.84665834646522,0.13670312368936677
33.88813160756142,31.181876109664806,0.04623571912965384
19.021763623511312,17.49578813114833,0.03829307079890909
80.92327554216953,202.44912828809092,0.13887329295188014
62.135747096650064,88.43625475143,0.14531981570900276
42.1926780828123,85.53544189577825,0.09691156006273739
34.875103709598044,59.601740806042905,0.11443637851415697
27.16563376786958,34.12341250873969,0.11009590317296726
3.733590576901882,10.506176550391366,0.00695199691838401
32.65633282453224,76.78366804245776,0.07869875656462366
4.090552769483712,3.543866309431242,0.008680913180457418
47.64143264747775,61.97450058489686,0.10664174271979324
150.9115830508776,249.97096929694672,0.23546701584074387
24.08328882794199,19.08245323081569,0.042670296214992944
30.60978471548889,60.272371916009796,0.04408146286216012
30.052110375010553,29.993389398203306,0.09641710011658854
43.01267728247977,58.546065107914096,0.08967357036172
1.6802761331506577,1.4087739543870443,0.005674515397726974
25.273292633432153,33.49579802820993,0.01701467504720464
24.00920071500812,36.230123815094736,0.011128812452194598
3.2153562172878485,5.565192133760597,0.013959121135710776
6.86413994176201,8.651116147431628,0.012917760758073334
416.1034893465861,749.5185753490575,0.555649443430524
362.08733678503546,743.879875571586,0.4896723693968539
8.156464669804562,15.178435302593515,0.02934334887254366
188.16820297971353,287.2623804072224,0.6679927377825723
62.775782868159816,55.71667654874871,0.10657115940786252
46.41904438066414,57.650461389719915,0.10522263821927809
18.358626326727627,36.8317988444635,0.08168318318641542
155.65639049545754,444.7947830221965,0.26215744718316997
6.8609139051933665,11.417085484049178,0.008192416142367251
5.689678638213148,4.6256140864867845,0.012368301955538332
32.24677818828012,65.09488816261954,0.054930198418899255
37.23914608689873,27.66729632483911,0.0920562588382028
14.457352953559848,17.562609862269184,0.02122353658781329
25.53645990727425,36.77343869941972,0.03371697685702272
2.0672871687354957,3.409500415832766,0.0037723830493072534
26.962173126791214,87.2372778184969,0.06449316200923155
71.80030218738139,117.96526244745864,0.11942342174660774
14.334874533912851,20.786100786412398,0.01408383973704624
23.564397459989678,35.573840578589774,0.015489128596933976
56.93107414931379,119.68198740744721,0.14298075935273435
1.5492658430015782,3.44443163871605,0.0032739238807414357
35.91289707663724,85.5639042751859,0.11490751437568016
14.06408683295158,10.377092153245187,0.0334537365095684
10.650190373302415,14.65816731460922,0.018961758163633484
127.1781214858799,241.5602915361956,0.21340921292681977
739.5261498457725,1324.0053625443447,0.8515910411562909
0.3285643782263511,0.5995743502280116,0.002024895128015224
41.996983692289916,93.43606332783583,0.10134518038942147
219.94002282930873,556.9926322632753,0.39774281230114156
2.5666361837901794,6.122189996409812,0.0055317406255764295
4.600124807592161,7.687376325696245,0.016938132895020448
4.552000900280902,6.0063190603424506,0.010537991473808446
20.70445380461266,36.34029545530527,0.023369897961825106
208.3820829096673,357.3597916575504,0.3402260348951321
43.65504152227209,53.03746584840683,0.047148055801388776
4.254502693992202,7.137853589978794,0.012480925030954637
55.086326801548715,70.49621027626576,0.09566430168012614
190.82334823659153,323.4223434919066,0.25027132388291057
10.367928794167256,8.103899255740178,0.015016690711039945
1.1755941462865729,4.875089567177033,0.003639298705881254
6.907503182024011,12.551905468518164,0.0159752023911886
53.95876346693683,107.34780751925801,0.07663577163118249
27.51236191284836,85.90848188506463,0.05195027093320606
5.333965662108394,12.912795950999316,0.011374840317313454
65.90618075842163,172.51895246052618,0.06011868237580533
38.51040476878699,60.5015609890696,0.14810076645393594
34.58872386867791,82.71365523570695,0.07987625332722198
127.24272852015758,237.37196475681316,0.18573243306503168
21.0001650986518,39.51707112530403,0.04590939430599114
12.129537652019208,14.823735974327338,0.034984388480970866
7.7293919485485505,5.675824096576736,0.0092617620196976
1.1096778193651469,1.7659228921758499,0.004629330047733077
4.262322512924572,4.297997854823976,0.010008070780923735
24.885605950363775,67.57957733829994,0.07829886142667311
78.4612373745709,106.12429993633705,0.22665106373293958
16.47757579710146,18.310014218502722,0.0403939212253962
4.5561811889713075,6.408344920858993,0.008884627678403758
0.7408277221939213,2.960743351858629,0.003033608326488235
1.050920707594755,2.7359644908405065,0.00272510036285163
12.867946640351075,30.837220265296157,0.0337131605496063
111.68294574861862,275.8885362487397,0.28391812543365974
111.27450116299917,260.5245158340104,0.3220276091482724
6.121507462380768,9.216646398194547,0.0184053450184178
3.8206622467061795,4.210155419249447,0.012076040531292938
80.05072808307767,151.73568829734526,0.19551926010100656
350.3491720489907,475.0311208194918,0.467846701380703
246.96512769226877,417.26207236612953,0.34654582814402995
1.2278769022235478,1.182779244446262,0.002541078251706959
43.29675657240934,63.87281504184343,0.11243029898609568
27.046736248647758,72.24375814607333,0.04682015574680367
33.662042814847815,72.63955465955185,0.09333902154022782
28.781188633335997,37.156420098390186,0.062150428998155545
2.5490482089317674,5.045191201136108,0.007953616748585503
2.2601583483429684,9.060335949030948,0.003468041751915722
27.570617850290542,34.68428573903799,0.02135212867880144
15.334844231335794,48.375816124666784,0.04771258302763589
1.650098765554265,2.60512275902852,0.00936416634710093
236.88908989039984,432.0191717613958,0.43822050605305307
21.909655102800638,38.49057751054877,0.0412182574927447
170.68405763823765,385.43106587759695,0.26161787158547306
172.49232552137153,282.5956080095665,0.3027303322427274
69.45297687767581,129.0564264210877,0.2730465665818787
30.282542865550234,54.032312625105625,0.058833666337010794
16.111847989555972,15.270764655860951,0.030039262125845245
83.03644219424127,166.59324291299325,0.1524125477127216
74.62768398612826,152.43439930752095,0.22080494750653754
88.04448358131822,136.70145313068645,0.15168941175439335
46.89013274595672,104.93019706900701,0.0902382086781098
10.592690203602782,33.90942900299348,0.014601118832906015
38.63436989376103,44.51989899827099,0.05441250665029491
106.62536808824643,252.66571392985793,0.2419886007186753
18.084852064800558,16.829535147643423,0.031528432533947534
30.908989065354266,41.574130378811454,0.058896038462780576
83.27107038344326,120.24308377953157,0.22052549851055217
167.46686262442967,265.5557623853013,0.4073064713387809
155.08153750805994,336.6194052818751,0.31384638228055284
16.015814899989408,16.185919810934756,0.04065541266480107
18.40620853495117,34.184512026681794,0.047216195134460306
1.3158163402293876,2.6478575418062293,0.003888960162129842
3.746386679336931,6.766853425055474,0.00810024962597576
23.25415440917344,27.905556212541015,0.018607911539786276
19.86476176964335,21.119290908099074,0.03577598543552465
20.510545856575998,26.78776569465038,0.02712126578431581
7.4616970565646215,18.131414382263195,0.017574698255662984
26.31578212614583,30.340611561509057,0.07041786172921703
214.60034617418464,403.3783955588906,0.4112250144032872
64.37736955649328,113.04535442073653,0.17445363299063424
37.073006079419024,62.69602508030599,0.049875688227623144
109.47422312007399,261.5481990426306,0.37630769808508524
5.126420981738781,7.347390909555087,0.015566514274429259
15.766769448899145,20.884886881552053,0.019013380771254473
49.54593873749995,60.209061299422416,0.14964132948125014
0.7752067771253988,2.034973755574229,0.0031507016607452655
36.55509826354821,88.44049326984755,0.17697693885866117
25.44427899376457,49.40282249862612,0.045598843675733976
0.6646591256566591,1.47923298274694,0.002262536469316996
47.24462781639842,46.44040236399435,0.08123661052903676
4.08485350728355,3.552646906648793,0.003538807195466242
13.605012808994578,12.89280213964381,0.032835022332878494
71.65707565122683,107.7523048171067,0.1288581989312448
32.502985880892794,132.46521711441983,0.06719056452549398
2.900681171190628,6.468420355471845,0.004145667097586622
20.27216982020961,32.76465202714134,0.04304043375187198
64.9870647931828,114.45994458579504,0.2006840849135
2.183767048293021,1.5886497177198282,0.016150176726341715
136.21025845849857,253.72820545450153,0.38767485321858125
1.6325996044112598,1.4913713139609752,0.003065556146900047
73.98388179937571,137.77564897304492,0.2196836490835013
15.158334821907435,22.60387150790741,0.04181141261000437
2.874724498810146,4.908842905903318,0.006672363624127436
67.31116301881845,82.20702899105947,0.11789942263701689
2.101655030892753,2.895734203245681,0.008836282268911437
195.02492362285022,358.8379345125091,0.6315213708517478
45.59914690092142,40.72492735357261,0.06358869247362396
36.632838866192635,95.95078511385188,0.055131658820414486
37.319956344356655,28.384539633202724,0.09950051770509898
4.435731446012096,4.773312732910228,0.011981519356616503
25.78763074434029,37.17206258514772,0.06246685587199714
4.368401562526559,6.682939035549154,0.009503711136235533
4.7258502247876555,9.40904412536318,0.013189678749889367
31.091093780493814,89.82847845165345,0.09752091915614651
9.978428605422412,16.918833451015583,0.01961957423899097
651.1909846150096,1228.643228722564,0.6671823693734382
348.1120640969688,535.8777458008683,0.4494969924833413
3.8987689939508976,7.769365076789733,0.010651094342558117
20.2381047194271,27.085972878817337,0.02486943840170819
37.55418855244874,94.97283251640968,0.10761510884193705
34.047273170159286,62.285623334573245,0.08110150896877931
14.111602492386185,18.60802584645487,0.05687071336981608
9.049672979006036,12.605469750783652,0.022753630155350084
1.741757859204037,2.815438785864464,0.005746064477657944
167.01883170363396,388.75573185106634,0.209127584668153
44.422543252526076,98.31974360496687,0.09929586094954948
0.471977012468687,2.090697373352955,0.002885662049252335
144.30776321634812,362.74595641053554,0.31346419427629496
18.201425830359398,33.789816548352306,0.02021216761606714
40.88252535375012,158.98197761460662,0.06042669275936985
1.3023069248687513,0.9565054236024791,0.002915424796439134
7.3994980849816425,9.221679274081474,0.012820354427780848
33.55360877670643,34.95537149747921,0.07377604683798322
19.750625878953002,45.05540897416603,0.02178570010586868
129.96407843246647,244.2480925101647,0.22298108211641443
6.368081014886155,9.031819280632353,0.013028095748101471
55.66721239190346,98.83494842215292,0.16039044304047692
123.65364348942481,320.697221146113,0.29787971826254256
5.779258253255435,11.790349496462156,0.0060827267571896245
218.33971936097524,599.8050774498004,0.3989736833049996
2.384983060273156,8.957547576913786,0.003834090123956669
0.6560187396231054,1.0603138460782329,0.0032539512822953513
22.67331775907307,44.8175659174951,0.05879354900049113
7.887635241837994,14.180720413951702,0.027652796193909
19.426645385196235,16.707632450536014,0.03832446220248684
46.218188454437794,65.27573502068704,0.09322455057441344
122.56289715218253,253.22696302619562,0.21305631008431375
16.47636124153288,42.38018986354552,0.013186697820539087
139.2699523814893,333.5994762375099,0.2586241021740047
45.13809636151166,60.85993154023796,0.06818938590579622
36.069629002894054,50.58010314081237,0.08422638339369147
535.1690064782141,920.6578409804,0.5752836882211573
28.422561525693567,34.7654668810895,0.06338827463515993
104.76005794224943,237.05264326408343,0.2474262376027465
61.39188195399728,153.70965259846577,0.06586488888609855
39.29103185783327,71.944861166434,0.05495953006274148
10.309490325756466,18.487235504041646,0.02943521809742873
3.3418863081371164,3.6957775101564847,0.008486535482803884
115.80021133984444,187.29691911568165,0.1792691802260378
53.4804396118588,290.26189079030695,0.17823891554518603
6.094844611622103,11.99715265946361,0.0328472560159057
2.2774196345915025,5.162237585160834,0.010236328669416907
107.13302256194147,178.54197631969743,0.2539977569160226
2.6912540897989436,5.328474294367704,0.007658478540430301
24.603121841350784,27.386317234492697,0.04026998551103353
49.11692364419922,83.79752507127199,0.05794096529043553
10.043477387264005,14.032724865949433,0.018291871986454922
28.333267332738647,46.74652013716958,0.06749289921683622
198.95187571224258,246.879350385706,0.2742294960392869
44.064794603523474,64.6283266415524,0.09178092179314791
2.3193890321614465,4.146500805990253,0.004141812455076904
6.201329168398256,12.57484169110192,0.01440662729556165
1.3146240375284963,3.0288858288810294,0.0032329895679472456
6.017517248042513,9.84038982561248,0.008185406083185881
71.42503496968921,162.11575365234089,0.13071282842175377
101.20248340525607,151.03735799937658,0.2630188350173708
74.49148455215051,130.2360770348058,0.19885455537636693
1.4784768125323484,4.532827101388944,0.004162769575246395
199.20088712494157,390.6270757515141,0.37765331387029133
2.491820673234021,6.667417357105001,0.004028898678828468
86.63805444131451,172.0939660960074,0.09596561618061662
14.357758684752339,12.940486808789846,0.019547707467173527
0.8514688419584194,2.1068125972960443,0.002073619675344953
8.335343201334352,8.5812350560068,0.021209712720298743
31.47483196706528,41.49098240984924,0.029303441777746644
79.09659056142785,196.11608971480925,0.16800071799658112
24.854155653192286,34.60616224882815,0.03669028880475054
101.92536692179881,218.5647554368815,0.22220868845587938
144.09044191597127,283.28888681467566,0.29646137423617913
45.092820527829886,75.12274038486883,0.08002766346266053
104.42774030034418,220.20468729606833,0.1918517691390281
4.29473523630092,9.769662806192008,0.010659249172331629
11.228687392455774,15.063199799861586,0.02482227552220372
19.68667301622351,35.66729301495485,0.06556577907435014
31.079019087822157,31.554565874438133,0.05625762555887993
3.586883139490348,3.19125112528059,0.014759048988329299
30.64517186857258,51.61381988185815,0.07239248607650457
8.369121306345738,8.485442426245953,0.020705729840021763
90.76644741408434,183.89036934307777,0.12762651950239384
197.88340841931128,344.48487546797685,0.2639293646947161
43.000023893714214,99.96720988988092,0.08090758382134053
4.209277065944324,6.888797716132096,0.01258291883522513
88.87780973066286,82.13027913390546,0.14141091322790253
37.53815225846066,53.23013887522977,0.08098637828709668
61.89118034833827,107.42149974492285,0.09027536982313719
93.66787865441752,93.32129308903517,0.10662381776710772
174.50399373585432,393.6294588038282,0.3840321650941111
105.26560389427978,165.96499781043337,0.2887186399707297
18.882791850082807,78.22720526382324,0.040194796613509415
32.7814491718942,49.528260984589004,0.07492210144910727
22.08656759118393,28.80686466041785,0.047065474175913655
9.54192713176861,7.660048541337193,0.024495277867443054
29.549487347378033,54.70931917059346,0.06079483312295566
14.68099819556468,10.475052900426766,0.035229217074138716
10.556008828896342,18.127163816337674,0.023544481221311055
91.98430390585636,136.8131470106282,0.22001919699654857
15.077409582591622,18.45679548237453,0.02513641368131654
50.7346411300158,132.48408917472378,0.1160976353132972
3.143116324242373,5.34351098643535,0.004885729682988408
62.54942152788006,57.35184840112256,0.11742135541750924
15.870174852387208,23.5918764318426,0.035125842762626834
69.88072185600721,70.9162065720762,0.06600209025030117
7.048998101293248,10.003078360055245,0.054456234640191926
6.3533955343117245,9.030605732107409,0.010427720049071958
7.299689725948931,13.302486763517585,0.027643784056976702
11.238275754097945,9.950569480799244,0.036905255463950515
17.427980773081725,28.033740303793852,0.05248501505800277
87.45087910518788,111.22914213166366,0.16426636612899345
13.908843110384273,17.444011919164637,0.03347096189192453
113.41305199025773,94.77681213000078,0.14025432120885356
30.006445068246553,48.22495560563022,0.05705145141079552
19.475601123403347,27.81408706255501,0.0496278551380868
0.3908167380817484,0.2990201624531832,0.002007301582937944
8.48734315789025,9.404254112729975,0.0113078941631743
0.5461496513956189,0.8730797465374424,0.0030785079445440062
2.5556795659099407,3.01766976235887,0.010924308575159828
10.576564119436943,42.59942859431427,0.03780049291265669
0.5882950327440998,1.4842081275116894,0.0022702279763385873
192.16910276422237,424.56747065607203,0.3831182815239475
1.7068597102815255,3.2611336888389526,0.0035046239672492665
110.19708832699692,220.37214467033147,0.3721127086228761
29.031952180498198,65.9403845088834,0.022136967500835044
75.41004513153412,121.2571490929883,0.20369314032264296
6.883735163666214,11.706484874188506,0.011463946332316965
7.569013980923899,14.937180759264322,0.014333945227550332
11.151947250811821,16.002980097791685,0.015441601588313468
4.040614374626621,9.558403302867793,0.004069648443631345
219.58591313132806,330.78687379793695,0.36658155292926586
18.13765173072096,15.701815258057016,0.02810887806339167
16.095178340333714,26.098703436715645,0.03851057278440295
314.81942653883266,622.9540845048186,0.27238694727813084
156.51799951689287,265.8523747639249,0.3636753342931211
588.5611420303189,719.1944008064635,0.6884966589966538
78.39519192490373,178.4536757692427,0.1886394104250258
55.10652173142763,76.93637043946161,0.1015460518031037
1.3705456209218274,1.960610496822794,0.0034233262460378272
23.08870017282332,38.859856463088356,0.06958415757698452
29.88186778550872,46.20260239244884,0.08733970123038107
22.835062099030125,17.87564948913269,0.021046485728479235
14.508316799981458,21.720865064735356,0.02057427840480716
28.799954073466978,35.67744155450909,0.0539029445736327
105.8521818833901,215.87953150294774,0.22425772415986803
203.03908345421257,525.5880031268002,0.46223599522018505
52.1450268697235,90.38038484320876,0.1176369080189441
2.7004743869975876,4.841786700525253,0.0043604012558322944
98.69873260515283,152.26550013079765,0.20882697880796808
4.298838280592519,8.478672768464047,0.008379581454770016
21.554862655686126,36.633564497612085,0.03757959724579676
5.7586897435622095,6.410376812767566,0.009316551837070282
55.91180883628951,47.98362502589524,0.09769168065881763
2.505542821525198,4.50993212256533,0.004874212956786441
1.0438419125483909,3.144902764061373,0.002527350642128735
26.884189742585658,40.23552281523746,0.041119790416774764
11.686635412313457,11.463485386356222,0.03640577045787533
136.87270910872985,245.77114912484475,0.23338467862239956
0.9157232019415568,1.154580350320489,0.0076262542012134095
12.287986341417804,23.122504891779155,0.028755614889967515
118.1653662814876,210.37561707116504,0.1575229549800196
0.6025492615334319,2.130489837131524,0.0037524086813954696
25.161127712940967,41.103292997340645,0.024352862822572676
62.66868124238356,93.56671980190738,0.18957622416767378
120.91788576984317,210.32330646226126,0.21964181883438416
5.350784322082717,13.535543516200795,0.029781776490911026
314.6923352455397,468.9232886098872,0.44956215150580503
3.036907825995926,6.835791908426723,0.0077234757072248295
1.4311834064657882,6.381589855778928,0.0026868012997112467
23.45543272932942,28.240455079288534,0.04514982265514404
16.47175395934156,33.31086159968768,0.026133517507419816
12.230077470289727,19.159790252852936,0.02776083440100608
1.7320305873184285,3.053344499245599,0.004552451167796588
101.13300820864161,167.45187980517858,0.2473695339101969
111.41319094963269,206.8758540270016,0.2724141261208092
242.41108760140588,522.6066732906638,0.5365239881188493
57.82332054049728,90.70953834234685,0.11547060835991571
201.24927825024974,364.80038223821754,0.19496333179481762
152.45830723081173,279.05155338908384,0.26438618027497013
38.56941885399283,54.14189067600481,0.09658885539023025
42.21629764832653,44.42885372345591,0.08820410193053731
58.397728169756824,61.512874563950625,0.10330077737482188
10.52726737577136,24.20578535249037,0.009924905021472339
139.05811943991372,366.44432839614916,0.34450360388239
0.6260235957708554,0.49041306350098784,0.005749312526462804
121.34287643338538,203.04623815208396,0.19664214608006278
170.32548039154977,324.7048341278709,0.34329952412427595
9.077132311046126,14.240091281458223,0.01982649399731019
23.015046692187468,30.914948754700145,0.04598404361436704
3.3537029008134076,3.189413068920532,0.017730681034014158
17.70616432361407,20.4251343755593,0.035392647891811395
451.84599456058083,700.7796074591577,0.6068212264966901
71.87232400558322,79.81488518106924,0.12350745703688375
8.02659354021878,17.901136538395257,0.017616482802028027
0.581626215703407,1.6492076926304227,0.003029160133476524
14.399988658673719,28.241675490731385,0.014911419547089803
88.98183041067266,201.54540891929818,0.2763132938671788
226.44785785334366,504.6573398429329,0.5630076957454876
5.023329050176507,6.661991452155466,0.019576880189195348
83.19984617373692,97.11493844889183,0.1530488725152294
30.835367541332463,46.81445619469065,0.08334046745079057
64.67344942467292,61.3581595440094,0.08156859371027322
27.76933063272641,87.68559476839185,0.05951915763592598
590.9615617942025,1192.3731873184101,0.7073438413834467
37.71401372088123,45.98835302257586,0.03242184282001352
269.6667659159454,611.888782735788,0.4901689706757373
39.899482955131944,64.79497022649805,0.08981558748938133
11.759724275249809,16.595391263712056,0.047728474810261545
129.2816422553571,181.56686366667293,0.19290505048431028
22.457116137497742,41.173555971323125,0.02826626177991983
5.626882342927416,12.891070236590188,0.01371734482388471
234.71974706312352,583.4706230204009,0.6848418563750502
8.038599756255353,10.183845040401867,0.015629205008955045
5.291440394680728,11.410574976767043,0.013581069157259366
12.992720420852306,26.703581362187457,0.025836433336795896
23.465975109103372,21.65694352904571,0.04797020370410334
12.704006922596198,15.078874459915305,0.01900463504652361
2.3011733001874197,3.8447874801960626,0.009697577672955105
3.638470733985962,3.448369042376152,0.011160330786892443
70.31712435646978,207.83709174980126,0.2241805526831546
63.3192878684271,118.18375466419342,0.10096114240036501
3.331415475512708,5.504547669609362,0.008822576944130474
9.142802756062434,14.534513469400562,0.01796861618299982
42.870261420062015,101.33317852582742,0.0452227345112432
131.45664419158112,243.33667910245055,0.2012538141045847
0.4831632084441993,1.3183632265822962,0.0029122501067929763
20.74968128869953,17.228383816646957,0.04170647540869086
7.597357581471749,7.747217617246432,0.01190062400429669
46.26260799128512,118.04276408050279,0.12842472781183764
27.1300495764671,43.85819086821628,0.05332177060894878
20.441572289856538,22.778394979030615,0.06136056665554517
3.8508601793012884,7.35612763461715,0.010843942174851635
111.60402839417402,186.16552767943642,0.1776604619061852
95.2820512408235,150.18800433514912,0.10710452746467855
20.614315407514713,32.174859271688696,0.03284383724914969
21.938077522087234,29.87991183335386,0.02218251413271978
17.86496817815082,24.653350249226964,0.04105832536576767
34.19184073633344,39.841326758720236,0.06081828165984706
121.49643911847454,268.6662646452263,0.16151131830685786
11.858974959100156,19.58218395701921,0.0219766468300925
31.534123604230007,51.73173177821491,0.06919614392378029
157.23724867544135,264.6852461523599,0.36025853159175836
4.321656214093116,4.921666005211811,0.014679986808037126
187.12813812948463,395.00508613009157,0.35632968936884835
58.3781996638611,119.1056456930364,0.10193098158137752
10.081129370010249,9.542255594109136,0.024478850271736567
15.889337968586124,29.792327970016,0.023521389344010896
28.036925758610728,42.45597034296569,0.05130369675578134
31.808065766759167,86.44467648833736,0.11236837260906184
499.51441066797776,920.9803711863424,0.7455603322760801
12.719673591144774,14.334469839409472,0.01187090442794149
117.48045096413034,232.66061700580448,0.15614797602052424
78.80470963250939,108.44763018155805,0.15525500199041714
0.5398037039658289,1.4961114025496496,0.0034605893321214836
166.6097802176155,319.22525319442974,0.6082338606246099
297.2210356015461,309.1580256269661,0.5883945778939106
6.05586928599599,6.611477959547435,0.010783675357780407
83.0024039426553,120.39532678148399,0.14068212767687652
114.72391579914864,225.80131223788158,0.2852678145022412
17.135550456291313,21.81912151769104,0.04874466307761765
56.043000067056305,118.88840952910374,0.1000929800718527
53.15907158118605,113.24456644116428,0.15518580439615212
27.014565540164625,36.032370515613046,0.058706675350549256
129.02666511718925,147.82167765026577,0.1903159393074233
10.378356511564485,12.02024894454036,0.011982989674496083
132.21005894822827,270.0906212700956,0.168548288068769
12.171140866397852,14.840595719982973,0.04167797015329425
10.189967042469242,14.60939839472363,0.010381386091363461
18.94950413548048,16.85370283191805,0.03824843430818656
1.8013318879959366,3.684350230125388,0.00682013214356741
20.508872887283466,35.605619314251484,0.04355517488665675
41.37974030118052,49.83438465883725,0.09453656827841385
4.870051952335914,9.461530087763022,0.0101403189383557
7.956501867068057,10.749083653640538,0.01061413808011708
62.04742991314201,90.68650535899745,0.08696385586975741
25.163641684567594,71.6615197160469,0.05990236892675733
2.3983910509877857,4.9369599798219514,0.007426835164525023
2.6765955288309957,3.7264975708615293,0.0028319838431392704
6.238749240586757,24.77075460620987,0.016484754081701084
0.8124710938852552,2.101551995100158,0.0030021864180319238
45.43478339663064,67.99396135102025,0.09288232671743163
99.2964515291075,174.51957281757643,0.12570162035010404
0.5796987299019389,1.6123724425353771,0.002417285742006566
6.761206382002172,12.561706582780142,0.012917797952377897
22.367906463856908,18.930788329662438,0.0368177441420159
3.0459431394339873,4.809978589590806,0.01277528056059421
41.71478442150503,46.11720468938793,0.06500004012843648
7.872284791906136,11.650918679125692,0.014932365548570975
537.1701346997341,995.8804848507112,0.8425654508216447
59.49320809160112,96.31297372019874,0.11374019755829519
5.101939665297036,10.538014168380766,0.005996928592486342
9.152732442403527,20.29386541588377,0.0067366066574042855
0.5135345826105921,2.2626906540431153,0.002010251362146295
6.337739787525983,12.091453134353198,0.02136624700512334
195.7610699149153,344.326258551596,0.23612394909613285
160.24465286260397,289.16017646985233,0.24125307736303883
24.109846465601454,36.79440119048285,0.044010820366670776
70.56071633543488,122.14225631095121,0.23192705242996106
45.44767432554351,66.04778029052167,0.0959654912077816
228.89716058224565,351.8534690424325,0.7655286476686533
47.20646432195566,73.52736258717127,0.11394747830577419
216.8082452951893,350.89738411802955,0.3047454049013984
7.8628869354650925,10.106250904204165,0.011297289696813028
33.46865091960866,63.46545338318112,0.06752069370845445
115.51272208298606,143.421521827918,0.29226150781658466
52.04899325604294,103.61235672551953,0.07040208510125509
89.36575430305643,142.76711119818964,0.20956160646646127
4.1914097495583595,4.049328428919943,0.014484307081362753
3.133103548759901,3.9116794920264413,0.006592232829547254
75.06007287174978,132.26082863872253,0.12505128982332156
9.233575612609364,12.33823320505469,0.022442716592050823
152.77608250518935,278.6917056383946,0.35256118269875897
196.30471256509063,426.1036031889499,0.38354887975131663
1.5062344465231348,6.979001780041091,0.0036111891790177003
2.610117739105753,4.627413117192081,0.0059222893864587815
3.468124102662847,8.336281552619074,0.008849264661954718
77.02432976061633,107.97358417355093,0.13517312634815765
0.7663008444477295,0.6405060477631284,0.004140551099574673
27.584756282635297,31.564229268888244,0.04718160285393271
139.74979997003942,242.2042772198036,0.1653963961365537
2.9901320643875806,2.6678889289034506,0.007318335978920824
124.32688992710442,229.39317598019576,0.08488277614534763
22.77748389678864,43.269383986264685,0.032844903027643216
93.91174896782942,151.98490196831585,0.23275840981060372
48.10407869948608,77.0262556337143,0.14264531196874827
82.16360466164629,143.2239175074001,0.14667970321720303
88.67505667619295,186.58081375541315,0.14936433728901508
55.52187418443032,78.31217635846899,0.055241863497806735
16.21899867729905,13.111254204606364,0.04271097081424488
119.86928754360453,241.98737886005352,0.1966055776679461
54.60402332654319,128.74046832084449,0.12803833563358757
185.88594163679656,329.16133924850743,0.22014286031535388
7.93862405630155,11.532144353239458,0.021082803053442758
1.5871604054524096,1.3259031040174394,0.011611645856399906
16.98975689527566,33.43928063304237,0.03144344280307063
20.27066620899853,21.829617047001413,0.0313637826858255
13.793773939409919,25.935303899328815,0.019920445711002568
0.5392291760818592,1.4741456260839265,0.002171348541927964
93.43458089031479,226.98947244170355,0.11035023272577339
112.10358065794355,203.41651630742717,0.2727994256178676
4.276532914761088,8.41813375081354,0.00942886762627828
105.75284885024749,226.08977414266386,0.16245593010544448
9.202716224061097,14.570659906066123,0.010606999921375974
470.3311452316137,663.4706922880197,0.6385694794652267
61.76325411767168,104.08817877491676,0.16181805138088054
2.221188628050242,4.089619419851066,0.009410989834569138
23.844228937301104,44.650652845116205,0.05011821059507995
123.04601479700692,276.0588704671374,0.16005020335396625
357.8412572308526,921.8282147943861,0.3808935042959587
32.268854049042744,54.84542457904904,0.055941773592081134
194.69286207068006,291.54152410556026,0.3999094271787462
9.988659701695187,24.526760418597362,0.015713446049094
35.27829843463414,50.55894582654867,0.04979072378506598
26.40440331334478,59.72630412276294,0.05919672326754624
21.33304980087543,29.665209958118606,0.052552226070427234
6.034856224789485,8.833186294255048,0.009784513075451336
157.53472747625787,336.69913847827945,0.351263655894609
96.99317617326602,158.65860454442745,0.1374318380374027
125.7259357839478,237.8949139989558,0.23771792532180083
100.69002392046878,206.37661063632135,0.195280751909896
1.1701210985040182,2.936665579193086,0.0034210459790614874
2.759693722627558,3.2708300180226715,0.008128956314069253
134.93351243672927,297.7372200864304,0.23132362471039095
0.9365049820483236,1.1783928899017766,0.0024985827277293057
39.82242612296677,60.563178457046334,0.07508599072839307
58.80472954216044,100.78558164940068,0.15411498976610374
3.413653290353158,5.27789570327292,0.007973426968007019
17.97758493714061,33.79629748688569,0.01850947437378834
186.42513605715135,293.23718368436977,0.3484202412011686
2.9429868144836533,2.5995760777705166,0.00996938330824749
2.97335927504451,6.674112660162322,0.009414553566146455
33.96865002623607,54.04460518426352,0.09120818168998479
29.562767778334518,25.499326218686917,0.03487083227457619
19.870843712147284,29.837754804276997,0.06157334800560585
28.629412359354053,55.37397030534612,0.0172066924387716
0.46147137451576187,0.5466826381157601,0.002304429862696585
14.0696110010126,15.99804305462968,0.0274296786785689
169.37781645967732,302.37596270096344,0.26470165702211296
42.54721489563846,51.85310216118562,0.05116380057276806
2.12336220626109,1.495261237625357,0.0027029888036358045
55.0754331370422,114.10190504120348,0.08548078858770398
20.256520125206965,19.61595042148943,0.02241352226876326
7.425211551843004,9.062329686985349,0.015430837524523074
246.17591603212242,424.79815543647845,0.41301087356378463
54.78880659263261,66.19146160533644,0.11095959256664134
7.7492174855675895,23.7929661460936,0.04002429812376906
1.3570832076257677,1.7869987064802888,0.00917456417171939
10.010012494183652,11.59461763791286,0.03960406825083589
65.83257316740952,201.9373030741155,0.18531718674681327
134.19277706243383,189.94462791438667,0.3585958522967252
1.0278770956150407,1.4535982377527725,0.006251482453099324
108.95354999100319,236.37510884985576,0.26547309213078696
105.14616812631142,160.24436771769024,0.28734060776110526
17.062810168165136,27.68546935611125,0.027076157683820445
48.47630635000145,89.9052925750525,0.08339917962725545
51.675893915539056,88.19706348337263,0.06753584095081684
77.24173137995065,137.26449299057782,0.17993692366949993
74.333685399206,123.68242914323294,0.18161392605262908
5.373812875605661,13.165037223871153,0.009980940364929329
4.79432945080158,6.1692810093546075,0.017931117426621634
89.82705087772221,242.02647973069324,0.1426654797109715
16.424738769191446,30.70530653396442,0.04480542592046808
122.58969094191892,217.9977629589445,0.22744247937323542
159.11596418414484,264.6201738563353,0.39163286404764336
23.163194236851123,74.73058840226177,0.035214706334511646
12.680631625627935,16.136781912960906,0.03408371424943135
301.0743675320797,546.988113933745,0.40273233111717466
6.03650953005821,18.567025220718563,0.016024716288815067
3.759578477994589,5.01801828975404,0.018844809447043274
42.86691554621123,89.80184293593965,0.09630297618501742
39.60159794931976,67.52434260912437,0.09063001563063154
68.37556102122758,115.77979537198901,0.0726506638572338
30.72907113395352,134.3391170918644,0.09194992863497563
340.52216008639294,520.68192976057,0.49328074623282586
111.9204962356047,260.5452771527646,0.2320595149569751
497.68506402738313,732.3058535724643,0.6016676302489964
31.231020227265965,100.64070174717511,0.08052443414545894
3.0400685506938667,8.120286621787415,0.006434775328209005
80.2774454663033,120.63498079286033,0.27221806184401454
26.42128978033089,26.209963339889548,0.045410103094098944
387.4728920999613,755.6910495817561,0.41383805406167623
114.76948543986677,261.9860014217292,0.2732247782907071
121.51692026592745,156.76885186991782,0.3336925962683231
2.0460567127737823,3.2440628965885443,0.004889963252529023
1.080893523260631,0.8757383250968029,0.0022056500384952907
271.7879285700082,464.4923324650358,0.4081455320214962
21.745342428183736,23.137500582468792,0.04993533151826576
50.87491237884454,140.02991516571086,0.1363016417368079
312.8868861438637,617.870693456769,0.4634305642471332
28.230729349614293,28.92737006638503,0.05536650755622024
10.435566151030473,23.549333184596044,0.012798883540510573
142.2507468744496,304.7616873528605,0.28628881712193527
3.6963233842457526,19.348221594874857,0.004424466615061413
26.96324513698706,53.5049021871676,0.07734344969697764
22.376334614911094,25.33136337359836,0.033201310711773346
60.65634941151718,92.48632704822256,0.0795583742684635
47.65459274714959,66.4520280607959,0.10330901617130571
76.35713064305045,192.58446924228787,0.2576546315503861
66.79983550804204,58.222245785561206,0.1053330951458
20.234520854911285,17.451921466222824,0.05427332693901304
16.953757925933818,14.7273607530974,0.028933940056427455
23.50459269389965,57.51494818568722,0.04821817305681517
31.509537815028757,27.926832136182174,0.053432260100355074
6.485394067431156,7.923014286757781,0.014195888580310354
98.40103409300481,166.11852746414533,0.23935075396406283
48.18517636977403,104.68568651854181,0.10933368366106291
2.096738976058436,4.796803033053714,0.0030566132026614468
189.69625248368985,351.8720888567246,0.4020281672274869
40.125214054531824,71.10269730681259,0.06130844707523531
55.17889112672109,120.79818921966736,0.1553502295961941
45.36147692678014,88.71541160492819,0.1530100070541897
0.1569118285091524,0.141781925640163,0.0022052004871144486
3.692625108362502,7.944178943029164,0.008506959982877413
10.995946466482662,26.615984181142608,0.024001451269258536
10.271164578044171,26.599760634614988,0.011214179084030922
125.70098789258104,166.9916775547879,0.25908687073527326
0.9954770173944197,1.285368948806001,0.0027919863238942085
49.4772194026331,86.30989954553996,0.06166317869131368
40.14778565652018,42.71633747151741,0.08122513841518694
29.63691845440298,62.62186789745676,0.048943802158585806
44.630845755288384,106.39953720655456,0.13975817867478726
17.704289821257017,26.288357467239486,0.024650990057226534
59.29311882377755,65.71253868074108,0.10069875354641226
68.92938438256226,171.49591067240573,0.192379573866648
148.14224113889887,220.28562423770504,0.17400562874797945
2.6858034431873,4.047397263906548,0.012196773024471141
117.35846598002277,239.15138850646102,0.18824599247334659
7.522428363608043,9.408440592086366,0.013691079922219062
51.063934720902274,77.71200492269101,0.1505000865509477
123.5412769273547,288.87978329089356,0.3171275168169982
11.200789905002175,23.741879390750306,0.018622593857645905
123.69813637779923,188.18061921280176,0.2278573175649954
4.127236517646263,9.16047571439344,0.017456912878801682
1.5447459797858207,3.2997941445433763,0.003310134545861948
28.105721596927136,42.285888319270846,0.08520835739120024
4.988909028611502,9.250901315093962,0.005513807137744884
16.531160128491262,16.416905325304022,0.030509642733367058
8.189383992953461,13.855562079315463,0.01869417082132487
19.30930671539987,29.888390878064165,0.02073401929268067
17.838599315991086,15.408745876884996,0.044060875046656275
197.479260347102,319.48016441425926,0.25421070317487976
3.301976990023127,5.577466984997981,0.007734125360626948
10.72755993746917,9.936560529760726,0.021640935235399773
40.84496409448189,91.88858694184333,0.09180719969971696
49.75340876124721,45.31110866171776,0.09031943297276139
4.191250370029935,6.179081586584704,0.009366987463689228
4.790015990163389,9.797861720498615,0.011028035365955296
7.509597603248191,8.668942424040102,0.011864552901556025
1.9740597936693185,3.0642101069740035,0.006090273922735526
174.436354248109,346.9976854267974,0.43010660450765426
22.8251529506614,31.892177542386463,0.09066705996053448
8.846808302860492,21.69053317304252,0.013182806199891572
27.37241943762558,39.29588581918427,0.04470052891105072
114.77377402764475,163.13710406197345,0.24898774385809258
10.98863414314548,7.28437534296785,0.020927728615021967
68.82679305790471,157.15930346514986,0.12679209427898072
1.347900119043023,1.6968373908485854,0.004464653288847843
10.452605247085685,16.015228155164568,0.006448481489087379
31.74478080408561,39.38251809873205,0.06496039690791512
2.022786970896551,1.7955114759480648,0.006048938587317078
47.93169241025147,77.78234856063857,0.12403896854153743
54.49488954991427,106.17368943298393,0.0889077405450619
2.2989454766428645,3.7947944663528466,0.0038539778581072786
539.485507541161,1107.15574307505,0.6823970430631099
5.560374671110801,12.085561864762868,0.012392821264939896
168.73414224296778,345.5192785536686,0.27997106770133073
71.71107816259705,66.72881081212,0.16641669379151883
35.955044276687964,102.16386881572656,0.058205275039958385
25.423566942373956,45.26172197503284,0.026986159640580435
35.89876145282701,42.921895837171995,0.05221667892964783
15.749448232163228,27.818934712843088,0.031969350809643714
27.380977884269882,31.557705691260697,0.04800581009283181
82.66564769368733,173.4616637811095,0.21565209506714927
59.019584267360656,151.65055922202623,0.0859606580501807
98.93720949104856,206.00710195652837,0.37926581865775283
8.26783200442662,20.737474504672885,0.016246062345614598
0.6307733394197829,0.6381581064433582,0.0038010981411694443
619.0580536342437,1144.8626385911302,0.7325465584994177
141.23066709948762,335.05573360054524,0.2970141826981869
7.597544956976848,9.399621820756261,0.012075684422587189
81.3893084283131,174.7676445831587,0.10939453711314384
0.628883459713482,1.2131815332317568,0.0033446083953735948
7.854401266205872,13.860992039283703,0.016074064289970394
226.00608784646545,571.5884581982641,0.3312473477939306
120.44328642188883,188.1578860198479,0.3280275701200508
55.819011818808214,68.69054544036001,0.19012967912233272
13.138881911939961,13.037986216873696,0.04456378801120023
22.01559936385241,13.929626319682674,0.016406247784346645
63.12739266747755,162.01182987644836,0.17420868434099776
210.0513653967758,452.404969855929,0.5282915202088323
46.58207905474622,41.900174325601334,0.09595665326068042
21.49567700154666,17.340720885507878,0.03218874553857259
284.5217673676374,471.60841446738885,0.3427630691663872
127.86626074803222,251.9978310755904,0.3489140422449104
23.991905417015655,54.37692277640392,0.07657666826311861
127.00916377311027,129.6862884654926,0.19374757558532546
25.676399933599434,41.52140981668473,0.05414558328770219
93.91741494984407,197.6437969115786,0.09694392971726665
53.03079695853879,57.43561068527355,0.1040857346340725
1.9317911278498345,1.897412772364694,0.004763594923057304
134.00141315847463,195.16689308665374,0.23163831737192533
4.355587079369311,7.280531876427995,0.018078500312404596
5.036843095580356,10.392755663540882,0.015147935540992044
3.8556097623763286,8.467644801682036,0.007599169554653128
76.35738878269896,122.82331579953915,0.14519593262908037
7.561169994106925,16.420191228146763,0.019500897439024317
18.523278913997753,52.18111293317094,0.012215003525674556
60.675190843843815,160.17701828943143,0.16168831799919237
120.24566976459661,261.6232047556406,0.22483572975032778
70.96530655466304,129.3295587497228,0.2235222519874087
6.346879750342462,5.095563603890586,0.01866327753914722
30.543333390434075,45.64327567208878,0.06308770724029629
9.274774916420268,14.2318001241477,0.026903472887062622
52.46893881593846,50.308461288631854,0.1141803887514646
31.73681180839242,77.91917624511645,0.08003836427058081
90.69622381162493,78.563897148494,0.174315440392557
198.22980481479144,354.6734782956682,0.3189117231061851
66.30550095807195,67.68166795584627,0.13256016230715933
208.74433904616973,400.98715547651267,0.3301461543858619
78.21109997925629,99.1376551817558,0.14517922019787174
29.028682642066773,50.82475417563574,0.08039380426360887
14.050544550361085,31.01947017974082,0.05880192907679774
25.57794053137008,34.658388709448744,0.06156507907337015
5.980874941560255,5.695586471284043,0.016591388515494743
108.44627430879228,218.47907842316633,0.29207942019001243
79.72542665317133,100.5362992566624,0.09873543160803434
9.662346346441224,21.85246255461163,0.017666219601169795
2.8937301044078336,4.054552916051092,0.011915791288059098
157.40311371686641,312.1423042341352,0.44326642289768203
121.65758623092128,168.0537034479222,0.3628496325755058
544.2750094295168,668.1112323873028,0.6408425066490417
49.41938328614416,66.97603792529011,0.13922762077924467
242.2140046222157,561.4915420736154,0.3916724259751871
0.84394211361209,1.4726811959844064,0.0028734576154898373
22.925173104627795,21.118247660178348,0.04324881149429841
36.92473288958764,76.46622354873519,0.07609037968048214
2.4150961116384657,5.498406894787253,0.006047958575892931
3.5002382017493754,3.836371736472574,0.007974753163583169
2.649401056656797,4.719738025566966,0.007581261282737844
33.30263694265135,43.22561322552287,0.07952367608928547
5.4511992858211515,6.125544642221181,0.011645161597081623
13.245039734945173,16.503874917050545,0.025975614074301965
225.64933180031517,559.9602135939383,0.5124001182952934
3.0009970069292424,3.591834095705419,0.011167757871329453
21.788963147256567,16.555782618085612,0.06272417853640698
657.3758219994937,1258.6369576286397,0.8329840371743821
145.42406041367988,272.79757353073177,0.24976670318496008
84.44784389355785,112.59913906612826,0.11423730662613564
38.94754752378096,53.88102815460764,0.0624202651189004
36.60074956229137,82.73780028601553,0.09678925883388881
3.5962786715736694,5.116931505793414,0.004964067890569355
143.50045593253995,310.3995767979713,0.19514496929372677
3.8857283727232157,8.84816459008901,0.0124075888728118
18.021609242818457,29.414611242240262,0.06872891359597617
50.55311942291436,53.153847465269564,0.07137424457884457
72.55068415320949,136.5003787780356,0.1878561055653975
0.8868306721780753,0.874181038803121,0.006948333924030926
100.4607634781558,177.86404984125846,0.23430154729433045
95.34702714740284,160.62423389449603,0.23694993724798208
2.5424202209880886,2.7305036265401403,0.007228374780589804
63.872223944206695,74.57149320813576,0.14248765827029236
1.4360243721117467,4.538417683033699,0.003501601450084051
13.26933727959564,33.470576360022996,0.01608906192045065
58.56409220232872,69.28531747339889,0.11374189071983812
2.9847989618075337,3.5398685501842575,0.013857054076498137
22.466306970468903,19.21843605451028,0.05057691035944846
11.595055223509492,31.018350145451596,0.020480198181201986
8.900597169333693,8.458540853403438,0.02199906933407892
124.8427965199184,230.66636407540764,0.35979054142098216
135.3572949718308,271.4737731332444,0.21213301974868384
4.5645169198647055,4.414315271282513,0.012978826645441916
33.49519083572007,24.721183786439095,0.05640003573019178
33.99912481336356,29.802962532079366,0.06842359104519943
145.20771875645812,212.39302846539675,0.36877642830978485
11.71684325670494,22.406294509067447,0.019437447167521982
13.217178310551798,10.276671550012184,0.035670353910061084
32.42403355116084,45.333240983009176,0.022437748976082816
67.13900557739277,84.98238291707045,0.1059656344155673
60.59461098579846,97.65824249712036,0.07510954866723488
14.03647968458041,21.488381763851923,0.04425719529986363
41.87491289936845,35.97627329131434,0.07702895988350217
51.17975456894901,103.77556066934419,0.0495507433470415
127.11174102690762,274.2765685116145,0.24649973405691422
74.06169781356401,124.34859406055067,0.17344702279797328
25.761416426961297,39.761736705567344,0.04460872929118849
20.413530694674606,26.347490313852198,0.03224184696327056
57.20008989785074,138.98254247506654,0.0880738430551382
17.965125611368872,27.51436151013908,0.045314856701001764
4.337351005509235,4.756366247846815,0.012715023321553503
10.379990547465226,11.554322726213618,0.016410652703154227
23.656094743947055,20.035321330221045,0.06579380961312137
67.46238375454041,108.46645334377654,0.15078219267677032
186.24329699095725,344.74850665577134,0.30060684972667406
3.6409129870301506,7.863206408177118,0.009661109823724751
3.351782214274858,7.212958952293485,0.010348133599979912
20.4034050389214,41.22067857066188,0.019884770996999875
11.59330453393803,22.66196292078391,0.013809178404696917
77.39549344574331,102.79634691123786,0.0970633083864041
19.904221633229817,18.421246621238172,0.03508218580727647
18.7968990639143,33.16118817709084,0.014738529370191359
61.487249214095904,60.56290982446395,0.0852745014577491
52.839676863535054,106.03233252340662,0.13502859859167565
12.61311371378787,37.950884494925546,0.07117682643999522
8.442349010853842,12.52547249749089,0.023747638387106834
133.45367476877533,212.76004952863758,0.19488402007451486
56.96720903325423,72.00890949344387,0.0959966932224598
0.8160497504504777,1.171517770048179,0.0029807249613548036
3.8963947937565324,4.038791290828079,0.012504413093269676
18.68237581711628,14.573496615914099,0.03266510104865641
37.58618226225323,42.67036044624111,0.09114602823844209
18.481320334300598,29.021373758792326,0.04901335800680675
115.62772536378877,255.2012783692401,0.1714726255771281
369.39130294548625,519.4615867005425,0.4334079406717239
6.723615763538815,8.659714420565694,0.02194910776875996
52.27907043818521,132.0879465463923,0.08128309393216454
138.20940557423964,314.44042984822556,0.5505548042981044
8.944892167049826,9.272994922645445,0.024362138126384787
84.31180111459847,207.46975666463692,0.20206278762633492
81.78083259594686,189.6231451258953,0.20951319233777196
88.23567478006257,152.1241346904548,0.24863337182972287
40.2759261787717,39.72143789880511,0.08361292996377406
75.61347576018096,149.46310752514637,0.19422823451177865
113.33110937649982,255.50020614572074,0.3417138300355197
76.50786897966167,151.5778911171098,0.15204748144958175
4.721203904542688,10.125639411341284,0.015259969410816369
4.638183070466789,4.972794546650793,0.009547365074254131
97.27294734336614,208.21331454725785,0.23918204484161276
9.837252166732478,15.90542356725439,0.02141904696913497
29.929406925277412,47.738562492702634,0.07774442868636723
24.22569023038942,22.83442446767222,0.051372308190450744
329.52876932537174,635.1684096642108,0.42035646017902323
66.72571300313001,107.73206909298419,0.17311174973878657
11.429022285727184,15.088779751311847,0.025515873231921112
0.47665981492067117,0.4125547148687412,0.0025925918802866253
193.69389094596673,270.3383628819662,0.2852300773682024
99.61260362464432,214.84724307308625,0.1977138569672119
10.413869905108994,9.097388902553886,0.013730998228434132
15.443817157008558,31.054062330074867,0.028572359502456735
1.402840042742003,3.118520743960834,0.0035850070612130393
309.44623442266123,417.47187901982625,0.3438285910160912
22.737783012486926,57.040509985234735,0.06516367860763256
38.39491134548877,34.88687519788056,0.05470271735341167
5.056477090500673,8.611978547851233,0.013793527423745865
3.9788820330751693,4.330433100071262,0.008160714498280763
62.77735453099125,171.0508074515675,0.14313559494111935
30.296376789583313,21.732562832087744,0.053409202614047246
16.360889149733527,26.3410474218009,0.032354003334878784
422.98073745417594,560.6691873573234,0.561403608951294
29.07217924168898,59.7214452996367,0.044574149616461584
100.24874801001626,261.0638170477852,0.24769825210254057
77.1024042127736,87.82122817447107,0.1268869390963279
0.6941124899970005,1.8091205212330432,0.00449505086081438
52.97610090526942,109.89789255672255,0.2664426097636908
10.946874559816463,19.677324063489472,0.019708852643838707
14.29409255527111,26.07252978025501,0.028491145338244914
1.3288152847212558,1.8647779863534406,0.0038935391752649867
2.2035057269840843,4.402512021509859,0.0032256802218943153
0.7494192642979705,1.7909201497364724,0.003115269642521917
4.25454319784292,3.541410090221486,0.030044449835314263
50.251373405399704,89.04302324210859,0.07397112698496294
0.9278137681946972,1.5446563555232393,0.009658374898508794
5.132198721250493,6.744503238341958,0.013811668594924003
11.146099567961434,22.042888830218324,0.015339797839254363
10.189728966297329,17.48947723764587,0.041329759440205095
244.9032943285374,478.73542215525845,0.4280252294959217
63.24833344993351,106.26831167824756,0.12048222274404895
10.034406624887842,22.65590869942958,0.0193136671028314
8.102715889437299,9.437484103894777,0.00894472131894195
32.013058831917085,65.30849579390866,0.06547814425225562
8.318980183466051,15.41662062988255,0.014591465376589244
5.270846454057224,4.747321230617018,0.00723964589282725
4.557002239616993,5.020477763771101,0.01165999984263634
76.71041100098161,345.6815580458149,0.11862220769584565
106.3844716938812,133.11714224855717,0.1856165225726117
3.6148010689300194,6.085691221153131,0.00691721758608235
22.853332944759444,39.96767339248094,0.05882545784160146
0.6900072043813202,1.4011651315917213,0.0021886763306392283
16.23602198549208,20.588876928283927,0.03856615143143477
1.4188958377898697,3.467414791438022,0.0049997199797727565
17.80639246431706,30.212558099349966,0.02922432910525143
4.467248978581742,9.55757946002589,0.010159793285606665
132.74146745633166,237.83024385041745,0.2652189371715493
23.550662315303473,39.95559792092818,0.027462328670052917
122.15687320920435,226.95207276425361,0.36820503526638537
61.9014521281935,112.51170305797068,0.1981409313090347
2.672036176843077,4.6736874904366905,0.011733550839651897
2.313380334865802,2.8897503012294035,0.007140662193788399
7.158704370496648,5.569890620151357,0.013333195354325662
91.08790917560145,118.50102325105442,0.16362053702851226
19.779863464941517,17.909132854350748,0.027410238847893037
3.5769395823612373,7.128789605407905,0.009476465666854523
21.361150167224583,28.83736631533858,0.030141643315559262
20.346863274923006,25.384840186510292,0.03415336898573684
3.539972980466574,4.296564037748177,0.010922682108546645
37.497392199163585,106.23715950456443,0.06840115656066172
0.5444308206293609,1.454992226111136,0.003568943881606421
5.8405122902911595,14.523600330377946,0.00678526804435596
584.7540922859218,1055.2693903223033,0.7453163427828334
108.96665385743034,238.23703388576868,0.19244960057683178
68.69975207190423,174.32722465395113,0.14987304878297408
6.799887624439528,11.062114547918762,0.014059756886561015
5.0279384582606745,7.033179666508638,0.011662644917082816
2.518707314661894,4.8306818011700265,0.004252907011193424
2.542303061085984,2.864492556626711,0.005345626425870597
34.5558937576859,74.49842630000444,0.043863497981753964
217.03759418796938,445.6101008835693,0.5386785725381302
15.550816655739665,11.482408392867974,0.0297366625855743
18.208181850148275,21.374703202199914,0.04843987783700535
27.296881942365477,31.84831063520944,0.05970902112378862
2.6909895827298276,2.429231971834882,0.0025481326981830073
15.973430810171958,15.587301885612273,0.038502099502865324
21.3312427648347,34.62774652672563,0.06615023131557228
13.632684674267292,27.59810667572069,0.024451592143502857
72.96813695568444,143.54186405114672,0.11395053767727308
2.3392846282396857,4.163835815185387,0.0029052963020184254
18.145425523983647,22.134294061462462,0.019249936932465673
29.83127981991364,28.563116685871435,0.0640207720168747
8.829356184853152,17.3715586154416,0.01805133324973857
0.858133057033752,1.4635988342639628,0.003377300112056575
4.564330610543416,6.059514601222789,0.011739038947266493
16.024817018953748,19.808558818218604,0.04012613266781612
99.50360780874888,165.8201271804014,0.25821743694992677
15.144357040307781,19.04419731803467,0.021282656822732747
9.571272057918586,8.977157147857387,0.027890803382997705
141.46490681426792,209.62715011021075,0.2865774998373482
40.98824706856822,68.74799114462668,0.10517387543224888
2.10357937189054,2.4578024806948937,0.011275505175000892
3.831539103613161,6.581145845557005,0.016571402229742453
52.880587608798365,51.070580853158376,0.14916313435139503
135.2753401350361,218.9443223711309,0.27823071289688667
93.30228698396736,226.6468407968553,0.12912244716217336
49.473168509492936,123.68791193184168,0.05941630777166102
0.48999563576802085,0.6888289911244728,0.0025156134262039726
43.89994685606021,83.09492169940208,0.05849614645422825
19.72300106135169,27.28779168077767,0.06385697925290107
13.366043546379556,26.927596869941187,0.022664499449555012
16.017781021894702,12.806681077969941,0.03426623466277813
27.94132006774872,34.03697113361786,0.025400793330223447
26.193315415592938,34.052851736211494,0.0293025716483517
231.35161322238724,557.8482610050112,0.3334465780734967
52.06953762370442,94.40797242421392,0.1809261262703676
13.925724909445867,25.237021218177134,0.01960189199413147
43.64460845614038,105.64873661128718,0.0946115320012772
3.519052178340712,3.6692203638071197,0.012703695523545114
100.58953996630821,126.51786692242142,0.131305018871283
35.06485607915413,46.17710970022693,0.04537785678681431
9.402470483576694,16.6508123378888,0.010977448433612931
25.38810580323194,31.477470689708785,0.06079847322115812
1.53369460811633,2.052236987562087,0.007837607450740596
1.0697892573450007,2.0363103952625132,0.005017469361189047
30.91704260759505,45.551985710901434,0.07028529206891636
5.597389554351001,6.506037975042589,0.020192848133744248
4.52514417775785,4.589584201418745,0.01650659064463053
4.642460449597383,6.630972727825688,0.007068518752630526
3.1012438203424453,3.663573876501553,0.01297434829618309
27.193834913144258,58.881003077779575,0.053195864358429476
92.21653766740853,155.06396382770274,0.1702907210751328
31.431064623478093,48.24411520691124,0.04857060925638203
56.74482677080801,121.04662587403264,0.1477036312306201
63.69329998977716,64.96055460329163,0.1801891881134888
202.15525383156663,412.6638250394124,0.3150172428140117
6.695837825205599,14.039964733872543,0.013249975537512726
1.4180131087258967,4.285637432921962,0.0024689945017357102
48.173606507768945,58.946812867789156,0.08119012812667246
13.705005835058815,28.02530698571802,0.012631717749614468
68.37749658575011,140.41524301784787,0.12004616121528866
0.5327661415830001,2.132141300130954,0.002729307353652531
19.414163196441727,31.247168762614532,0.018624312242675505
18.12201197246588,32.281136432836114,0.029095841900400644
2.255022642221504,5.629563471968293,0.004609092596408351
2.1592422439086345,3.679632489011576,0.007458437820553227
24.817451814448624,29.265707928123323,0.06245035409390504
40.925085451685696,83.01839143665443,0.06332453005079808
200.9769649940789,498.8013828045668,0.3846741436840647
15.613373185224395,16.507846478973264,0.033592918584639586
4.01505537033776,8.610134075152002,0.009147649638113148
11.810421296335194,8.181423317125907,0.020470839640554128
0.6021218106491951,0.6077540447920804,0.003440220437788898
2.29167588901475,3.885092410705994,0.007377196356348921
71.55037016283602,178.99171376230802,0.13001722343152633
6.4005641291815865,5.587770766875656,0.011619322958025176
448.7397434883581,543.5068285669653,0.6475080607018684
281.9608889117495,452.15419295370253,0.29363845354347357
8.794924206817763,15.874850805058976,0.019345128143975234
1.2253242571024991,2.014965613588731,0.0038915026578286525
14.592401870380078,38.50638274526473,0.035622962544484944
72.57489434701645,136.52159424534085,0.17894851165211204
112.74949527980077,260.1260737727095,0.1848724675906888
58.418149985669594,67.82943969044265,0.13555887372717593
1.362286832378092,1.706532616814646,0.004775465624004735
472.2108301407646,860.2837364051792,0.5698386706480455
132.1098322012112,252.14566678551873,0.20317790522087256
46.68687196986472,105.6695218744845,0.1213685637240347
216.30091797156288,384.43401356830594,0.3671789603281229
72.47181312111708,102.67795040205246,0.16041350531685114
39.79586938162467,47.42115690768648,0.0938304094436303
379.74597145281876,885.7452497410322,0.49479406260112546
194.12954237854376,388.2807591120863,0.2923064539789315
101.163918521505,127.73479743530854,0.2575922322898568
0.6273116096275987,0.880538444033993,0.0021406129265919976
13.272842637875952,12.044855089130477,0.03126676169176175
9.19673931007744,22.310617162439492,0.027203990198133694
134.150072104258,267.7135139362188,0.2000541002536123
11.186860236400245,15.949280019646036,0.02784447721040596
209.89715183109647,391.62630456614687,0.3142971700057652
33.57690201069283,41.84968927403414,0.06846310898705293
2.6625031778063093,4.770421395495976,0.005338570343226959
58.654705981985344,101.11753927262308,0.1547134462251918
24.667679697826863,26.535181552408535,0.04260181949929269
1.776116854096202,4.536048377121038,0.0029539762327769645
175.8179069423201,286.3310924893022,0.48325531367666386
55.640935414663666,45.173296752725236,0.0786220033329189
89.25825673509863,181.82360656210457,0.13866675171674805
4.3088163551829135,5.579720691308324,0.011156534995647987
396.95070276075523,695.0557596639138,0.6434062857765444
1.0828017384620627,2.0659934012742767,0.003781214123619798
13.274586004923302,25.30756765615423,0.01834800739968938
12.644529252616062,14.651980572418921,0.022395158742356168
57.80800940220945,103.3249891157603,0.09040742211649815
2.808407090059117,6.112205083727255,0.00697164712590367
4.8963032439623575,11.371693385292367,0.005921889660988407
7.151651381733,14.034033958151314,0.025027223815500384
231.33368511138264,455.75210418297013,0.2942835912138766
65.73050883233371,156.64580064905937,0.13006272351163203
247.4336613507514,502.14152143900134,0.4410799052666491
159.562307341798,386.1592935499738,0.41418824298076157
9.628134449129488,42.555137328388135,0.028439348179767884
21.824771416569565,32.49341781082733,0.033306718060612764
33.47640840563075,36.62423845088739,0.06204940515979698
168.76579614771833,314.7152351938807,0.31172392411581124
248.5762592679389,404.70258889378056,0.3814355452524678
181.97046660439517,261.0292242692297,0.28358160550375033
36.20059922754019,139.46757251542206,0.10229358874885529
2.1027977638786544,2.638514641302813,0.003478393986703104
92.48828659215216,108.66938378293665,0.14163624927653432
54.297775457517545,89.51193247565851,0.15563548819264159
5.509090561366223,8.783108302808177,0.015526798519716365
43.7343678792827,74.3057046505153,0.063911804620424
210.7296675516585,162.35135729388986,0.3477988658941449
1.8536484485701927,3.0544206323688416,0.0035097056682508653
654.1085754896712,1399.52277625125,0.784276729046422
4.610948055834323,4.682171433186534,0.01648870859800626
34.08127011936033,46.99029968670349,0.09820677216967631
225.7593231995603,529.3507288312336,0.5341830785246872
69.60917309491177,101.93540650513864,0.12035667495999497
196.58932742346698,384.2487349515636,0.6434664226759602
5.127546744228386,3.8256018670127054,0.012377628371827053
4.123363547071977,4.854974322225113,0.011169932465308473
84.86313773132238,197.6058086211911,0.1536547815873741
139.19209081884188,256.49290878510897,0.3205783542097792
0.9929837801589112,4.535596150198526,0.0036275406727050105
191.50125039943688,443.853577004489,0.28079715729717714
15.234681193866116,33.15976331071089,0.011085414850297036
35.20316391054644,25.443240514000337,0.050097392023662424
61.15851174338946,124.74110453325687,0.12351107392962524
32.727198058042895,48.207947952893626,0.07556834997139247
4.541952727695122,11.066288165186174,0.009609827345361146
28.104573881324256,26.056040407789478,0.03595500225031809
34.22545255313168,81.21901092639689,0.07138899351082872
16.127430370333574,33.316796446845736,0.03497013342247453
0.48001638392302115,0.4404404752816923,0.0018723637544099405
22.01816152415566,67.61348499540567,0.03099364828777195
114.80121409255403,225.24092024886156,0.1534459262983636
53.05287032032633,77.02265560739859,0.06753466757554273
59.986105272590464,126.53057423492432,0.17112224230878006
8.963063035375544,21.797366455628467,0.043718650057058786
22.390366824505644,39.61585603165999,0.060204233281411154
162.43073697960457,288.57073526034964,0.23781560729469717
24.743369289280498,35.75867995373325,0.044729211323710646
25.481934984325157,35.34599172917956,0.060808218683320224
176.83496298678736,351.31443517403716,0.2969678195590924
424.55647217977224,869.6343075433075,0.7010491535694207
10.292196364381585,17.542106903240427,0.021641572763216883
7.077558275965113,7.668973418179902,0.011971626679314517
236.94066342815137,502.75881276893244,0.4011849562623947
472.9625869667845,875.2507760330924,0.5651898830073504
2.682106635415516,3.173429614124417,0.008867889087292122
38.356283795408245,69.55166427824282,0.11109220887389663
10.429930001730517,21.916212450800067,0.013595560838820898
20.77973330741448,18.412952440661122,0.038537896600056055
4.258566107372292,9.315890940141832,0.007950150555319424
198.5812628253891,414.3112606045018,0.38103190673818976
1.9981721504943113,3.7854513040183475,0.00359316401636982
10.239965777619588,13.735626746165014,0.029245078242768896
43.58078751632621,101.76291085347549,0.09861997086105928
9.75557751584276,32.24688384135957,0.03228663657215417
268.36039331524165,465.543530394213,0.377239802447642
62.151425072158354,95.28242274630313,0.19702830172475386
90.7787853403074,218.82608880300745,0.13404119756956298
176.73647308441588,385.4401894176691,0.3034243448386229
20.218543896750443,33.027492965956064,0.05718828407264062
133.35274975956418,320.47657663775396,0.49997706613272347
35.731483967246994,48.48702340008653,0.0740715373607901
92.81044943233428,201.66803417571225,0.3045200084754921
52.02887454141584,63.74761424428054,0.09862741058138652
1.2417472767180446,3.8941282032377558,0.0025279899415709024
4.473473580011205,4.711983261548392,0.027809323124889988
75.16973778480276,81.60412295021183,0.11666275464797544
4.805284638923392,9.030672968053704,0.011260757815931968
17.522822187082884,40.21375474910707,0.08375487608600778
4.6599409781322345,9.440084436335288,0.009018138549091765
46.2390177721438,99.8857162003567,0.11308174287596101
6.337092892538841,7.000170492877172,0.01732897480676423
20.893328041070493,40.848589462013706,0.04794267550552844
13.742130710840991,18.396315028958306,0.008228032786701747
2.6914059595592366,6.172996445812967,0.006641689619552556
35.290657720033586,55.61095964785499,0.06911155892848457
47.19951167026689,39.59727538751261,0.07107023296526874
57.14144617474062,61.394530527755414,0.1211914492519252
5.694851011453626,9.603969292416785,0.01538966383938607
5.207940814500565,8.971989329046995,0.029426520023981752
35.49980233346504,135.30744045852043,0.11067176923558486
65.04179920663974,111.1434606996717,0.18199519580204596
24.68781168981611,31.932241171304817,0.04418380196129005
23.576854471146383,33.95578473258651,0.035723779080370256
15.134071182406606,20.992118158618865,0.06836746656081792
6.836083290210231,7.7391291003659575,0.01838701783923426
41.184382659829254,65.05431008380951,0.1474794584646611
138.57053156184134,224.67175799137533,0.33832314343060466
161.56066277791913,506.70958295665855,0.28382649300126456
99.54822395906541,193.4944137795513,0.21130831217588456
55.216585063312785,145.68428393507747,0.14145999439570484
155.26187182160317,308.16151184925417,0.32503662518431625
3.9121280778559515,6.330630144487092,0.009427674770923234
123.79987677026847,214.7584330081962,0.3005529153657156
21.869989522810556,24.477181034170023,0.029892548487107998
26.086956650010485,32.616258161717596,0.04626848022632466
31.12522641738886,86.57608935715125,0.08013021818688502
12.286130539131921,10.952686469285073,0.023569195736695553
6.242320904478296,10.052141454396757,0.01013144392433231
7.560168464859156,18.336082515868213,0.01704371008038802
71.82898953229561,81.06831326596013,0.11465486752198573
32.727684422834,29.074288132329105,0.06098927575670441
20.945550490774938,31.564663315516565,0.03991156618544794
4.2955346042556375,9.239058761796175,0.007762833873115668
29.177869366244042,43.3352498214148,0.06515491707268253
2.4453822029279784,3.9504518380014666,0.006285154739463821
16.4644495119194,15.00525705914778,0.024282285569889397
30.412617776322183,46.92375405908208,0.11081663366645093
11.291238115640015,14.950686067677667,0.031027261932444813
240.7992272946945,411.24146221057373,0.4937160690490231
41.38757571765212,39.939998965217434,0.04857095989221675
28.877972779451113,68.6046976710996,0.021973600323509014
50.958868693650615,44.709290530771504,0.04793252104176616
22.4293487340322,46.62415114431886,0.0480982834194343
56.19812997660463,99.54064177997965,0.0965870869849202
57.805429060045164,83.05425716801768,0.11487802824137971
32.72194452520773,65.763295834931,0.061864425355475275
19.651593203307357,23.87213501691322,0.03113486821988504
12.192976030225536,19.077135686394445,0.019089624373121446
102.84619621440386,170.96884816248965,0.13783723177084028
109.3916192353528,248.30197582420024,0.30982857401908653
105.82448595809397,86.65432159476187,0.07609657887673596
112.70393467548807,201.75483515653258,0.39096173290206304
32.77853845326506,42.160375706931084,0.05107827068962052
94.5638959974015,157.71492965634567,0.2337322597519894
0.8635327596337256,1.9994154756407736,0.002681191222087443
6.187541045201166,10.627104983656682,0.00865596579570483
92.23024165077331,135.20044015433766,0.23862022850844872
61.87855576085191,104.10019791925343,0.13809399260129165
18.15283993536125,24.67215066178803,0.023968171475210093
29.948660017502387,58.504315896468896,0.06260088974837767
149.04736290452988,283.36154051510715,0.39446068044383586
105.94468636381917,213.7162611894104,0.16783035422409792
26.05301459361414,45.94425537617306,0.08522788645452373
4.602875351329561,9.595007222354825,0.010615966291412546
29.700286795945367,50.97078844528499,0.09227906601516152
75.03774966809449,214.65717978450724,0.12032698759146254
9.37825218749366,12.3081993773863,0.019971534896222026
6.088199796233565,7.82820146668436,0.012446408140565917
2.643601859353438,3.427682160998798,0.0038863528850220145
15.344589986766186,14.561253892028315,0.04020044585894956
37.6130906223341,89.01243966373411,0.08419160815353827
3.4323676512065755,3.3232385583275335,0.005724046638599021
15.16734725104253,18.136608817637054,0.04124687889110736
35.52635791313699,31.68386370633486,0.03594037019645672
1.953301331472223,3.3503668085652936,0.0077356691561987385
310.16656681163926,604.6508107132852,0.3914447893636721
5.112560068136434,5.040853569067356,0.011795105146844984
16.291414241189532,32.85056992367816,0.05297618699319202
44.355158628968766,36.28832175512008,0.06907705623221978
29.023367006722403,123.00954574702018,0.058540594167596924
37.31090560756728,67.72391384596645,0.2105145635055787
195.27471884789978,324.3468158774419,0.2173352457592389
127.95985690795867,269.63031669348504,0.2962219146363628
5.384552517438576,9.856564501252846,0.007306198146035552
10.946027794959852,15.938654615109579,0.024682161527006953
94.61439668175966,192.12254475241562,0.09202175556406429
11.663761004638348,9.112976925598716,0.02688626075059349
0.27141116857505915,0.8033967705215441,0.0025654060460467555
0.21791091422155473,0.5305945286468109,0.0020836653163920577
4.521226203920927,9.891249675865254,0.0135821590497721
1.9702284808086523,1.6592576542148316,0.0026963141700781616
70.98270588022275,116.4956101570967,0.2126767022978588
0.8620350085652246,0.9053179851260769,0.0024708820337527014
6.034489777905418,10.40862800359842,0.016003061513772506
11.000426489787602,23.34429545393516,0.011780088824625976
112.68681424199097,281.6616262663913,0.13627302655365814
64.78817452384797,157.31660044421594,0.19548664984375141
37.80235905808709,60.371972795744405,0.06103905921959502
95.85038455231691,168.38687426175534,0.22264230604256294
0.3752650098987363,0.5476394134984411,0.003393486191954718
100.5211765828915,184.1309719488473,0.24481766503760816
200.81782007747645,560.1911158363931,0.4472193770773374
13.571946295271182,15.804893462348401,0.027586963253540805
4.316608630303583,6.770938388988297,0.022730527553872365
0.4878761577614094,1.1706248526676115,0.0020319123648681026
5.9368457681467115,7.978261760736708,0.010363372323211216
0.2890837490259472,0.8240416622269091,0.0019427277739642044
51.55401876150302,115.6053038307342,0.1701130328087936
116.95639104607869,136.53072546451813,0.20580941829195137
29.46623096860843,31.229515827698222,0.07611214333353382
35.37455455180371,52.852590333700725,0.0787723482462359
55.23061167689269,157.94816824728173,0.11319614778845266
72.51920985528844,93.90793751724526,0.12984038267187684
48.21390059217711,98.853790339267,0.10639239706689756
22.680658118533472,37.523153645014624,0.05287307823123408
5.759097326869259,4.38223859211007,0.02241566589400202
303.74356708136526,510.2444559914409,0.4351572391985754
3.14991566656606,8.870073318388993,0.004761525670288793
65.71884426027786,55.91151732054026,0.08850013469137066
2.7048987317499398,4.047142002394959,0.007310433283691273
45.64458522219611,88.37067779430974,0.09819549098680078
48.85399750743266,87.92968158312661,0.10575650274569541
65.12225531608902,113.6684386690887,0.17624971505907996
8.554808527344266,15.609505999457832,0.028686958289770675
0.6347137525152131,3.252434731758549,0.0030930114648821424
161.01886598396774,137.83597062841253,0.2658780759067136
53.345543229780375,62.360713516482356,0.11894288822262691
35.78614364467933,89.07418621163781,0.10796067464741338
89.99100205858316,125.98011907837713,0.30469412067094526
48.26472101917768,47.42073151906314,0.054459315512247516
72.83298149617087,146.44272923287508,0.11042584008738886
37.12394576208598,51.94262149610878,0.07570755366674199
144.61302882085,263.77371354680423,0.2470299786097348
58.64004487397407,115.39297978333512,0.1562015821712535
12.73135978456094,19.49926513993896,0.016567037815460667
95.38070072926782,172.87374250077784,0.3205883255058681
7.382668807502803,7.438090142798799,0.015838551357118584
0.4074356714958208,0.5363258403049471,0.0038135437048219664
56.55303226327865,95.40969786397667,0.11039834716983273
82.8813254400752,119.47943559734081,0.1116539335178175
56.078426090164115,59.544052317283075,0.10168791462803563
64.13719048525688,128.07741118325902,0.12127650123785573
45.26382999950197,58.697881851562386,0.06589342039687217
3.6326925171374858,4.708822909812206,0.009230130667623522
19.633422987444234,60.04285044649596,0.024055829615507358
33.7962098250192,74.06291448864918,0.08145815827894658
16.674076787327945,18.241051650974644,0.02629396389287973
4.684541481841811,4.798477234120124,0.011237652698906447
6.625258895156869,15.172050072073455,0.020737450414646842
20.715461669023647,29.646764284392567,0.03807107337600397
28.58582516692636,43.562887920001266,0.103953560921049
15.444207766128763,24.167839219891807,0.04575354462300653
35.8075799969063,64.32218583854326,0.075366804659623
1.5517829152713876,1.6925005427364936,0.004587790553393495
79.49793266125157,127.8201638544334,0.15421989550844944
1.0163941558233576,0.7862081899043387,0.00479395108435539
23.164710675481377,33.94337584422666,0.07548338749099372
15.449147014991079,22.7177330804449,0.0433629290793014
203.6015165070293,472.66641193691265,0.47798023529124817
20.832517155335385,21.71266794711598,0.034458681003413226
12.555624485893313,14.543702278418737,0.019401793417085575
5.075122236255107,9.017800347039724,0.009578556188807643
231.28014115131526,562.3999248317419,0.40467361351764247
135.42064712582854,235.89690449492343,0.32523924369997076
67.9654688371763,82.30444873381512,0.1099671580345129
86.66307438096307,218.44865719648575,0.17566397043540757
5.652309764891985,5.6479180613912385,0.010753844854140137
47.323112646638336,77.85276833681598,0.12020393026842462
50.973652274855546,88.86470984552253,0.14802087403249273
522.7142675278442,913.1634056352682,0.5019281182150498
21.063967994886745,24.34796744787559,0.04059196243802206
31.70470414610049,54.91708617450221,0.06419673790323885
11.077353617572026,17.547096461567506,0.016255735228985095
7.842482874080493,9.967441458946006,0.01038958568849607
2.0463392410087633,5.292997887534415,0.004551160651352831
10.755444366239514,16.463465319523806,0.04422391389861178
89.3918126272736,179.32222980406695,0.2874996694728392
23.268945829771983,31.83832893969059,0.05028341767156524
4.562963785474094,4.148243350879811,0.00961936413261077
4.521434369829729,6.916105482657727,0.010493279499875852
160.54937386839447,287.1259138645254,0.33014996822248815
9.728597789554481,20.080438540199538,0.007764563862199485
0.8533092126097432,2.198965749359992,0.002437898599103581
30.53945052526483,37.66398837410998,0.03318678989809072
109.73692206360951,207.05705634188624,0.2103803465791933
35.130677520899795,38.601444046330165,0.0845687216243258
3.5029896600592023,4.00333971924206,0.008229094551813415
2.235878138463716,2.6029674160103577,0.009124443102747655
792.8412420993074,1408.5200302917574,0.7485218202225821
18.60736869928023,31.741037590431038,0.04683793371753549
44.11452172602425,51.40672435257988,0.07046202446474838
12.525620999243216,52.869810857878825,0.037289880225179185
51.99749840251787,93.2892559403273,0.12758335475172655
81.92152395291667,88.69696750855351,0.11276080864492918
13.658367310044756,26.3346511663693,0.04270086422947525
158.9485909226874,183.20939468755716,0.1884335596864164
71.19144313323048,105.44192567910258,0.21179434180287368
17.754274641054735,14.264235548846404,0.030731960762957616
63.76734494270008,86.68582211098249,0.09758400431449706
162.6526096587343,410.1016912131491,0.3860804267416701
59.32595596295523,80.90213718371783,0.1195243790549457
128.7552512695749,272.68428656651366,0.35264486148065677
75.21540273058493,185.81435435055158,0.24249101154575667
3.2768187808763387,5.253315701802983,0.024859456565985635
1.8755509667186214,4.321062014388313,0.0030346182475054603
22.760341411151206,56.48166855435643,0.10392718653309925
1.3359229645314625,3.1201255872859432,0.006978463772680808
3.7225647311520285,9.035482282385324,0.005296529129559658
157.04054649705824,384.71329127764176,0.23427817966337755
31.381996915819304,68.81195369929405,0.09000770204333172
152.71734676044426,238.34187902945132,0.3244214725062052
49.50669078990103,136.0724877084738,0.0886812766840175
8.167334481932997,20.12235068348095,0.0068586802333102945
5.039120569947002,4.631941673919084,0.00744999157604119
673.4212424672284,1035.8269650071131,0.8219342767068692
64.39606071574923,125.49997192095819,0.13139621603677082
25.18817237503945,38.11255857473026,0.05080552724265707
75.21052855605974,159.95457735880078,0.1829130349985619
97.3142167096041,238.32310511348123,0.15100538084168394
42.78197601527615,71.54497678385401,0.08968177821904451
6.0368628209805175,14.826745642389827,0.016443842153333017
63.22713782149963,88.38925879090553,0.20990154054099425
80.90488281003135,170.01985706662722,0.11888813938775919
74.84063758320215,95.1074917426607,0.08627696813551791
16.714172945129434,32.78415468918367,0.04927643008569791
97.01269841526484,135.8007846870649,0.20036121472759577
19.64808888258304,30.14810642814714,0.05648843131850713
0.7685939690817476,0.7342176511670928,0.0025733882874306277
0.51985261329843,2.210785209019896,0.002680443885755247
15.460363100802141,30.252150212311495,0.042271535538483083
0.6278366306852213,2.0479075801664184,0.0023270080860364095
208.17563691030196,326.7956035714032,0.3165366999980647
1.3196881994502163,1.5233025171125096,0.004401587540789517
55.42844755363995,89.11697600024539,0.1670159026575419
10.045185479975766,20.597974018610937,0.017609532945538013
46.23822510855377,98.776876158019,0.0987771390123456
9.228797532035074,7.331429126553432,0.020083116109226126
2.5990525736102863,3.16080280287488,0.006441263227501773
130.50628069452435,165.87315387075427,0.1774137212855824
132.41186471769743,244.9030605760468,0.2819610509816133
0.9583149002426212,2.2523762933277887,0.00349902335364324
34.168909177888445,55.66345122633764,0.0618808520954987
11.172681030659513,15.482483722839739,0.013679048269640098
126.46770421165603,173.52287327129946,0.30285157677841174
54.14612847723815,54.85246988038931,0.11836122912850326
25.182043562726495,33.93785758522322,0.022150250431213468
15.985989660210048,28.851742865094277,0.04624543853323745
48.60717859394618,90.24853311778534,0.1282791371427138
1.5072492643547881,2.7708504834259253,0.004140617130409813
5.011557989933079,11.128790245492965,0.007251857939861935
0.9249443600450494,3.490712668395007,0.0026844194308941033
7.572974418572427,10.866019501746342,0.020456778366826283
6.456580193570588,6.109678157658745,0.010022769599549999
0.742388057993021,1.2955036895755285,0.00482725438586092
126.8500904289457,295.42018571746524,0.17099802545143794
67.35103349105124,105.41723314455476,0.16933765463443445
109.85251167257304,105.81499782919538,0.1609753187389581
4.251375440341939,4.399159762387612,0.012419471366491398
3.5770382454158227,3.103611533829989,0.008737788244012201
26.822329367456724,26.31739011978273,0.065684647354546
269.6946536461905,509.53333437566846,0.4966282399361253
24.450180704474846,42.83989038470857,0.03425973745535458
87.99477022056124,197.0628114520302,0.14595391942505523
2.7729557369957814,2.864733266859513,0.010226990795764033
535.3336127370584,958.0563555207558,0.6614189643915568
120.47682008592732,209.46814377269942,0.2989750881827255
3.895525357719632,7.8743440781025775,0.005791461912864969
90.77534280742675,174.6542039392767,0.13170963735587712
2.0679582388837248,4.730521225411068,0.007124734326934873
53.231210804512564,59.24701058051271,0.12308466343291122
85.61376096154974,166.91385195167769,0.11822336290128155
54.22997294131837,97.51488784469417,0.05055117899446196
101.68149126883041,184.00328962424695,0.14140564551557278
2.281613657470746,1.9046036381356732,0.006153202920554239
4.788845560192479,6.158181574231333,0.010813641250749111
41.83877291110125,78.37495089964423,0.054521446572625296
81.04334218415718,131.34213220254037,0.19092178265202595
6.58985464160014,8.744579819705669,0.012017463609927809
22.842842606667546,31.99928570268964,0.04392831363480637
31.176495023687366,60.27531070998895,0.04966336216798185
559.7533628773766,1182.465834637942,0.6624840930019458
36.868657050505334,57.287501582487515,0.023779137302495857
120.11603952895871,181.58955770243622,0.2896541981603656
21.29007199744773,30.308317757167362,0.06175340778071814
5.593972591627553,8.577423643652729,0.02396177850249629
5.0813213038565905,5.266937510858236,0.010428488839554252
181.8996301983588,279.1536462122976,0.234710660556435
51.12385794244887,63.39874932459929,0.14621083688473124
8.139750777205345,11.510030620045656,0.011431016745568854
26.399829168890683,24.833417359429298,0.05558730348196297
20.988744252822986,17.115751541202616,0.04217837053237574
112.23031022209102,223.17249827043148,0.17434998894770978
2.381628072587351,2.0541571753787222,0.0033988695149309725
56.19875935488115,55.141002956333516,0.10160836925795441
11.98674092170659,10.70158103508246,0.012771186590822834
334.84661648775153,575.8333004168765,0.5556895002364464
4.332138746523679,7.475584553357917,0.009134597860990343
13.089005870337898,15.771165470425341,0.022129454772188917
98.34680037167568,276.91313191689244,0.2142927008643353
86.05349820529139,179.1307906678845,0.12785357741163064
18.760057604022773,15.978853438165386,0.04580081822863351
1.4229032071952572,2.3228957373045596,0.004845250765768128
2.6558092775843263,6.2793727148561445,0.0029836119057431595
8.26073244191844,13.95963603991372,0.013738685366542172
116.86107173832683,117.3514757491214,0.15027806240647712
1.6860019122686225,4.849683232333834,0.0038554302744200166
5.3855465347796105,6.917036359158793,0.021189750421548262
13.56938699204184,27.454243257583602,0.02185585926415758
12.686629155474833,15.170823979388128,0.027653610582619472
30.648962730431215,65.83069220038087,0.07726299130951823
47.79638247339596,81.95263373429317,0.09276107309921101
54.9170602797803,57.19350577324048,0.08651811276973087
166.0259682575758,278.32531169453273,0.5414746773417091
28.812127465685617,28.73300896926314,0.053679209879740224
8.048319111039005,7.535378224982138,0.01603700128373781
7.842215258519522,16.9658707897771,0.016485649529181412
26.52092389068865,33.399378264143266,0.04682179812818932
1.0938489216198313,2.3623002544897074,0.003727323546926468
2.221901958327995,2.0439371669459123,0.003917838117784512
49.67324539874439,102.4742975519512,0.16108687976427086
4.693172947061152,4.790215108924006,0.015811763501548615
1.2378020693809613,1.9878691537327433,0.006490535913522932
14.11369487396793,16.229662780263155,0.0329722232328254
12.032440860063993,18.858065909306234,0.017445753928006628
23.342434457140108,39.875298465985175,0.05958356866386957
144.3804341413394,314.838884648485,0.3066995221656927
14.89784557872571,11.862890037827663,0.022789779425717593
51.682761971306775,124.56052684276038,0.11938281724094034
13.056252128186593,10.94492524089687,0.025989679630505077
137.0491736786189,248.03998607903648,0.3279177133584595
2.181907857636018,3.241602427044797,0.005216199023704879
84.47631746681549,99.36613927310599,0.12975644738037945
6.899307783533462,20.946062882438238,0.048699568197257036
1.328595960661786,2.4458818501552217,0.004094887743941952
43.00745384536397,46.86086805294611,0.08885053514185358
35.72711222461945,69.23663878502511,0.06854435304264399
19.899576935039665,32.587192413046644,0.05115995486460844
156.28280899969457,279.82904152274256,0.436470582322523
88.19106577347627,225.27594496755927,0.3575143755832582
5.312707569022728,8.95262046492817,0.020868409566056536
11.8137778619781,9.126747235875577,0.013415462059214296
23.32569127732496,36.338946190666796,0.048951946060663644
20.357847606017216,18.621735235836894,0.030713568716132653
18.383959762096936,20.120316589292763,0.02988361490095938
61.89080295642248,97.34892828418658,0.11804101153693847
15.368646126097577,24.118279018430304,0.02754300996530212
36.03068882009784,36.03702254469727,0.06118529993467205
4.09946646373103,5.025858088825514,0.01091990367227686
96.45879733051022,209.92450026980882,0.32797260138018774
7.300748565144336,14.138170199394455,0.014767946451439577
33.66048286416814,33.407914176447825,0.0529999126082193
112.36496911081073,145.10671964788838,0.23572659346554117
5.440670248560077,6.770382708949211,0.01235867216898753
85.7687475623143,198.13998191241998,0.10557257996911433
47.99714237611837,74.08872749471317,0.12372624070939466
4.603147658992697,3.9213048566189466,0.01952505494473048
3.848535319681997,7.422491744436695,0.006026298697731181
12.172389756187226,17.64035856644217,0.0443778674438421
114.85962440112935,157.96879164034723,0.2995997871436577
390.1195519449216,476.99270230502276,0.5671193138366075
5.4285778158002005,8.611173368089073,0.012901134309595165
64.12618589057635,55.18519416184251,0.10815728324132134
49.35926415826715,53.59967462364891,0.08606712617721413
9.9409722985671,19.328200271774076,0.021924745569000318
68.55358106492285,81.72143628306823,0.11418155356614297
31.73414150592375,47.51523771003436,0.05341380284033921
10.221487189157505,43.134634036419705,0.017124081920614903
41.47398734920063,28.834491136605063,0.07994409960976008
18.37720568042085,57.89773082116693,0.026424522102156192
28.31491969852419,40.24277095192815,0.0464806805911505
7.4623567023515,12.516420734499635,0.010846876686571366
4.132871946650844,6.929479200661279,0.010763482290340375
8.354998281469669,7.276647619138882,0.012763592244823034
1.044633242309063,1.5024451251415698,0.008898582122656677
10.887637436551787,14.336012384988456,0.02868080139519883
52.63371771050574,63.026702247262115,0.08617851318100608
5.73553611309354,9.645079494100553,0.007871747772936446
13.675582210021329,21.608864965683505,0.024431650475598848
20.531872883072726,35.349229717360124,0.025931385184534073
64.8631071768208,86.23682779344317,0.20536157918460662
10.534622436353112,26.423433096327795,0.018840686665847244
8.88136307438917,20.65195079965262,0.021199715628835346
48.645538458258045,110.00106074763046,0.10001172841275995
242.45593145110962,288.0019351992197,0.3158688334840942
68.54754203488474,101.47476684498415,0.1606113368212395
18.241877901290835,55.1626106689595,0.08679356227781487
4.6391278465625545,9.865173199402832,0.015185357308916044
6.333674828740711,16.87083229775903,0.01728580960620127
77.96839504105783,208.47010555413559,0.210574080459517
57.424935733668335,146.77943112347864,0.09312648609630902
74.21678126121401,213.69655544615264,0.14276574146673923
264.85257575326835,455.01832385457357,0.2758253722985467
4.432530250848202,8.340915202793669,0.01012601277077049
281.62967685771713,566.3626077656158,0.685305843739983
27.557249628944597,28.385739223545382,0.06321845425064268
6.513878966018012,10.437897443561067,0.014727135619985092
35.904968755329925,46.64445023313733,0.09870394149146172
20.039879156088162,37.458856029652544,0.032793171586344795
37.9518457514301,87.41863335817348,0.1391067521870916
21.36788302449422,20.44908465489093,0.05730709655955402
28.11250677541123,53.13990133907184,0.06609914391358106
8.580397712460538,6.4820391579490675,0.022361092519262833
128.18880491550036,256.22041237553094,0.18073516251455668
17.599667144078314,15.25871257000924,0.041782346694132055
48.51225633555696,43.54618340676723,0.08343369684139049
57.411202458835945,58.00116443554901,0.15758574561800817
66.0323872358168,98.56765720133563,0.15351447123142897
201.00501290222593,323.7226931249784,0.32368868571826426
112.90944432589835,176.94474375498487,0.31414400396503617
147.06327239237567,282.32058519855497,0.20974302034444334
58.86628368073738,128.88855836322583,0.16293104833656086
140.3055955364845,223.84085301878878,0.3590202049204163
100.35009068419419,198.36434581241807,0.24833160618658767
317.56212320172625,617.5787253284817,0.7205086914269673
1.2575786012313297,2.7617349627691956,0.004267584958801206
1.9186712106492798,1.9540421685896512,0.004477614850901259
5.925072270783252,7.9767859560294525,0.009312206823183974
5.9261179139201925,11.248589269078192,0.021563025752572882
55.75343615429545,70.17615294277846,0.11051021281130105
0.9479743617610137,0.7688350438182775,0.003823775616997143
45.204436247427424,82.95756990803629,0.21044099401614202
87.30645687346656,133.3699335907199,0.26012975423306767
9.530981337396994,18.808049437580916,0.01619506501595103
277.77286572708863,405.71234644557023,0.4099869780935493
3.2602596220987214,5.895506207826649,0.01302617900696541
48.256055138435165,63.79305600377097,0.045899864212468104
10.54082076967254,25.702159005447065,0.04254247873376496
96.33773484276686,188.66811897390912,0.15630784951543017
8.420740714075299,12.425740812932691,0.027009513304583246
2.70601678451989,5.125314395334926,0.00582009448444186
19.493529710512565,30.208805992234222,0.06485676877472603
8.124455434470297,24.21507267240976,0.03276068551789011
19.944316065033,26.661013989315634,0.04842918913852351
5.105930670819575,10.528792867713046,0.016356667100635016
98.59279124509366,138.19411719500962,0.26311155766116406
9.755517197694756,12.360684742014444,0.022357708340386116
11.37751336691408,14.28631530552419,0.011500271158007279
44.57179350599786,56.27719161154261,0.09368612267916022
0.48604709657885775,1.3576542596747696,0.0020781617241276192
46.7679683068052,89.54451271387182,0.0690466596611987
39.273346059658486,45.86630322739901,0.051849075162401746
1.841288713217657,2.3341743253168445,0.005637108772070074
1.2669405724781948,1.425530148094808,0.0018404380021699392
27.383284709274136,70.81113911327981,0.03613894111769613
29.167598510454592,46.424599265577356,0.055435395901176264
14.747719280377755,21.030219990069487,0.01654528228603126
106.9483798392303,174.77325984378294,0.29152524035583716
53.03398188419758,118.89445929512598,0.07300745140945614
20.45611201781931,40.08190441881009,0.04163443359841165
45.35978899839245,95.65010934616147,0.0639004582964808
2.794307282011141,2.9567917319064456,0.005498340742166852
11.756439708593371,9.982817214607808,0.019032956564758088
0.4824565854503826,0.5453196120192287,0.00303632630994309
1.4001234339583393,3.8805699466313524,0.002343659296036219
1.5212054078393724,2.87258633550487,0.006798258205437458
41.83678116965183,77.90988283993597,0.07046798833658596
25.570901812723285,29.30717967489174,0.04746298756189429
21.68976488442062,25.115208977547088,0.05906849464560691
6.950051463247731,5.603609522795797,0.011195737723506074
24.768273901535615,17.66790553713569,0.04730992134823029
170.076904921834,324.6005352927991,0.27298857731778464
3.536481715026651,6.967729788811984,0.011613518782887522
78.80765553801207,258.02640313957096,0.18220395495529285
5.67832636740709,7.695914866697966,0.016321321320533214
26.204379737002725,47.10045153941975,0.0217250065670407
8.86887324828094,22.7617690338643,0.011445657608164609
52.96928310277716,113.48762891874986,0.060143621252591616
5.871780281628093,5.582472054748115,0.012511641524909647
19.342959889010967,20.29280929606381,0.035135952485578444
1.3221806185401725,1.761374987288089,0.0032122954516332447
253.72876413361348,514.9031750409355,0.39103694412803447
10.464702858432387,7.182723054119528,0.016237273692045744
81.0929870864768,183.72414860990082,0.16070082987247064
0.9699614599898617,1.7040487646289315,0.002663760616117196
38.419680793508654,44.02290239133851,0.07557856644467063
3.3299884312735366,16.727525392798633,0.012329145279072293
41.39803078377428,61.14610135467023,0.12034046689112785
1.2094690470812108,1.966624640882912,0.0048667181151512235
32.6813613557459,31.281010972018613,0.06439938779733734
234.43059657818551,406.43427600866323,0.49688255453086577
123.79399545376663,284.90344312117907,0.2562633415349818
12.073160773829246,28.33501373534158,0.014729052809408213
176.5050231764748,293.76687231687544,0.3045729254609798
8.87206347014225,17.251601914857652,0.04137918946732283
125.44472978474403,182.70006473034772,0.29484562466129055
12.991354217760252,25.888831555877175,0.04156019696534908
28.639185835013077,45.42572044751032,0.06832825197617992
25.885480173838495,18.939437872074922,0.055380835639175924
66.8403182086437,71.83923571581927,0.10065763035885865
67.88838454037129,105.20268356899312,0.2256703650867596
20.159906593607538,49.48206570616317,0.015363993177989067
101.8882173266088,162.58300942955327,0.2175368606725509
28.353411739023688,46.288659590207686,0.09215505601585856
18.560923224985878,19.697898484901398,0.045286891960465675
3.4009257657505367,4.120064951537734,0.009597038834243987
49.708431797743856,61.39786178555078,0.14650415922372134
15.491369359210413,12.497841043025149,0.03177289819898458
15.334352342501695,20.173294198363838,0.030528655282614545
3.4332162719719332,7.824647754657341,0.01758664690006494
67.50356514742602,65.07333496445561,0.10931918300005855
5.152471839398326,4.573088770793215,0.008338766234930597
1.4472126791358513,1.8190246309705804,0.0036998931527152134
7.547897043551907,15.93764232175789,0.015506289439353836
17.179035144273055,28.820902459981816,0.02558420283852282
18.999307192502954,30.96971169106357,0.045271067178590176
253.70229013931666,397.809331156408,0.3853428761275964
43.64040548559246,56.66253978947094,0.09236367000010343
3.3146621332509727,7.5989590767717985,0.006491465641978908
107.70026498588615,280.4329921329682,0.2359427070265439
8.071306831697354,7.146474943597832,0.012095481218949562
4.397000899564135,4.501792338896095,0.013539951161284477
39.77081250572902,33.342941767535414,0.08053591124432699
52.99675738301832,94.09176986675575,0.10070992728045237
1.9219185639582868,3.5317775021276123,0.003816260359912818
13.420377382886631,28.21987584591232,0.041797815059960934
11.911524188464652,9.628307837938516,0.03042139512317732
0.38050402818806445,0.7467020317555545,0.0024976430258443236
93.6995443718489,276.9441659045539,0.1147734158316162
131.5701592477189,216.75472863178817,0.3178481724192446
7.027215362811365,7.38194239707548,0.010479482502352368
11.577233735780053,10.410077557883609,0.02219189551307142
333.46296591374113,692.1042486136504,0.3959263784219593
61.68286393437346,92.4106117763602,0.08932678703646617
175.8149165110642,322.28084625591714,0.4448924239394402
21.166399104892363,21.9048162336264,0.06577659390321801
94.44144035390721,54.03359573698036,0.09579227196214664
50.365014527424975,128.34221495914994,0.11194103284460973
37.25794222570518,53.51593258039695,0.09183561708234642
14.487967161977465,24.46277902550362,0.030214094038496037
60.60001248901868,142.32535833926434,0.1243976265420688
2.2007833989385492,3.3820924053638555,0.00690364641639483
71.7060522397056,174.64727785259674,0.13225815851611925
58.57465743901613,166.21178995121548,0.1147615437332543
10.907623772411974,15.13240804185981,0.011738201551044075
5.239128967952693,9.377107069730883,0.02035333560893163
69.79225785575406,98.48861815678663,0.15786391545680675
31.17460968308656,61.768895364451986,0.07051738285825446
0.6165429624740502,1.4391216204115382,0.002297307697679644
4.2486695100393,4.110288364022922,0.009874326039470763
1.2803117679576717,2.9831590039548392,0.0036485495447490185
0.3676915566394947,0.5400501801592478,0.0016263866849530431
5.5880916201878055,5.460502150046563,0.018867276705402534
42.19467238121706,104.65844891165362,0.09978398489618025
16.70902468926278,15.666243135999588,0.03779173824117752
23.069152463438005,29.680942554364986,0.04694964733277462
0.35108474427492853,0.47962240971493136,0.0027244643696277713
81.26910065035999,190.7372209263332,0.16944241132254817
6.139846893798771,7.1744574838099044,0.00486369050017752
71.82439930162244,95.26176988954694,0.136396756724432
195.04259170609018,326.9904296448201,0.5085844851021211
1.0531741511023773,2.7109688164356625,0.0033892231348887584
42.82838094620936,43.311581046413586,0.05014037566061317
537.4794829855243,1091.3047198560573,0.7002598518100148
114.60000582760738,188.1752809886115,0.268810407674898
42.180340136674296,99.1909239231927,0.1106825642381041
1.205592164298987,1.081319718627261,0.003922240473680871
1.1824819160699371,2.8262181763017535,0.0022863674757192883
79.84684804258224,92.22572563530923,0.12136392150976713
41.63504982766491,84.25518372855043,0.02770463181770036
8.452643524783506,15.470714304384643,0.013187628000105759
49.749232140573476,74.29402041729084,0.1858271266285467
13.224095144685268,17.157063397950274,0.033336324394304666
4.328935011863122,9.492138328522556,0.012324214879925919
231.95091683734177,424.06575163390113,0.351344482503934
12.160996985987568,12.372551961599067,0.015674396924018025
38.795723548986416,55.92695357707503,0.05478886992276565
7.935239627454577,13.713450170962187,0.019345377770434737
33.06453744899503,46.557186043167356,0.016740725704456703
2.2749318319641776,2.61427733743245,0.002859291417106838
99.31352256163942,200.30861178593014,0.20637854210097853
4.900430914300302,6.278554210857608,0.025114932157576413
19.999872687693614,35.13246698708446,0.06713632936401484
15.824398401938232,12.991446904578874,0.02673715218071045
9.89190095177508,11.946801020884148,0.02083822583855339
81.70023912208366,131.98827179319318,0.2030175428722328
79.05321916172876,171.83706608205466,0.1618013476224271
107.402310285348,181.8255586728632,0.15097989544492665
135.59056682962586,383.56942465819833,0.2703324682727912
19.763801023026417,37.28995756199042,0.04515083667581559
12.11507290953378,29.144667456970822,0.03350123080703259
21.394810063786935,21.52502339370607,0.03929459355263348
6.016088297236649,9.895641736409551,0.01747544668487831
22.8368340070727,21.557629121102675,0.02910189118883597
0.48805137963840295,1.2412132266929483,0.0019598517186183136
51.26054030603263,123.50337627011218,0.12570582343793488
35.96805981079394,66.36763835029578,0.044181656152772086
17.0293034294993,12.271231157232236,0.03866397683479853
4.1410617793892435,6.667042398921349,0.009140472985976708
46.79321967856913,53.55641259480831,0.07677954720988248
44.98709742806776,32.45054598740274,0.08043107554002864
16.516330629204866,12.093613331221755,0.020251068462581054
0.9289976010572863,1.36880036853,0.0030373205288807647
97.03180122528661,157.47274382899877,0.12585358974310426
89.9406768124115,186.23890795340043,0.2136553520243704
40.49899693303544,42.81513517272592,0.047491346043288155
46.73809956616429,68.34673184695616,0.10339727438305286
35.846149079107484,92.14290836531657,0.072414717464436
62.4934117779574,126.13830415803253,0.09360857622434504
28.96603298222438,32.545642421258414,0.07890016102819265
4.1649360355552805,8.403772880862507,0.01597943541750617
167.73110869329523,458.5246051220705,0.4727563079588272
42.28597240003765,71.68180564578148,0.10086371095617763
17.54041645876158,15.344060162231342,0.03755947207396217
8.568147850586174,9.439549952413973,0.01416247499588684
326.75811273067467,428.6703949850854,0.3651757368012916
16.72141019206518,51.73220915196898,0.0712689152450008
20.54739961947467,35.00776462183068,0.021344423704355985
3.7089300303527337,4.413689893296203,0.013248346290407338
1.8189951936306783,2.8781414411870143,0.006021833017998154
0.389831694954661,1.195960601273196,0.0017278357595589809
66.10698619452658,110.9875010933404,0.13914581680543142
1.1444860173302385,2.6751819059288584,0.003014276634085698
19.010389050213064,36.108717029922545,0.04441281400144193
223.03689225257895,460.39630481084987,0.40647031350742924
25.08048444081251,41.51640001126244,0.03635947599660294
86.33531016017541,116.53615411845057,0.10642277965738411
17.24997245570898,30.862160648707718,0.03287562111393081
5.742573482372452,13.165886041168665,0.017761528815105045
191.0999619550671,350.67917011944684,0.42077759731342346
85.17524204001923,188.43118789990177,0.2202126255225999
2.0190264826300184,3.599382478506716,0.00431919955957409
28.227703690913774,56.617053282994746,0.055229189509584976
82.82003857968857,228.5124016004319,0.3054685883870882
30.843299176684305,50.76688602981932,0.055293505301925595
4.475758531714516,7.569923921324048,0.012774281133474742
2.3217973001024386,2.5619226752810453,0.004363578459140673
201.61183896493037,350.4967555345535,0.46237375461804725
63.42403117322668,117.37711430068134,0.10576790869804077
51.652498413185604,84.84318080188298,0.11688928051721773
28.804913271775217,32.830433798017445,0.05822344050006538
4.807051212143274,7.572120671517315,0.013493692008844963
63.71432249488155,120.61264529300948,0.12981618607380152
16.449270150835662,27.885424656545187,0.02304219175210349
10.2819569611916,7.737054269462752,0.02368348442987393
475.92351295808965,433.6660085479037,0.6784587354337591
38.621525901430644,79.75819695192682,0.09997944440340324
76.6430002992129,181.68094910335608,0.12133018277991832
3.4744982883129087,6.0190069585986645,0.01252020408922809
5.3563142257870435,10.783417086518288,0.04707320412704374
2.877027851591439,3.734383445948561,0.0021773597242705765
39.50912353189862,54.903939826895595,0.08118277495921601
79.23596050275266,150.53384450722695,0.1212074927198162
12.193539507059821,18.10459588505075,0.0215405222575923
4.6152132871737495,8.616232341160284,0.014260525494210472
54.061344005440255,96.17825341553238,0.22313859882675932
73.86749818112246,152.82924694839866,0.13002822851912904
10.64572691627864,9.971252882636877,0.025980791258396
35.37756028969599,35.58485797340071,0.06994890428338296
0.5278954179728321,1.0687921953150288,0.002756599036971832
11.297455966717859,15.508605917335917,0.03234774852173466
36.99027389749898,53.58643582565683,0.024438672411847013
72.92632423678056,155.15205606955917,0.19782358805052336
45.05142959809426,95.45903699388536,0.09744792258916393
29.36489118369576,25.07632132902951,0.04862839800177935
4.931374985835112,8.715982300713135,0.011963713986934368
2.3571486711126464,6.033405409288652,0.00226865084233867
4.382253694785946,3.9939964845924463,0.008981337751044122
1.0471097809753607,2.1499732282295794,0.0026285234761774874
79.38333989535917,114.97043781950907,0.30500221368263375
21.850571009946083,32.378515200693855,0.05711231296928203
0.7894527215123933,1.8510543409400722,0.0024719683927117517
26.03988085699287,38.69143362301924,0.02053538775649672
29.822532484461945,67.89901517069146,0.07517398801436014
1.772148207846821,8.883187195998087,0.005039662616384436
7.489258278465562,24.530735430586976,0.026705176900984135
21.992141280248077,21.386441265573893,0.04848706860181592
121.76694394417521,337.9101478482519,0.3287301391140908
109.30471023681287,239.07888318190854,0.1654460555498826
315.97576082894324,296.0224501879265,0.4021052356090122
18.63718179286399,53.86024819619279,0.027275366390955888
10.050265481865543,10.32427275340537,0.0330915642199615
36.24697733511792,59.69290997921374,0.08641544862969641
1.5260703580903534,3.549760017916389,0.005562767811650205
64.11106253680522,136.02386436138934,0.09022844559025348
7.010832596030853,7.5500782119301775,0.02039102889487555
123.35546716270319,87.51286035170531,0.20621475376430212
21.811863211958983,38.44424354454665,0.011613447244552941
218.38578143267634,350.4485848537813,0.2186089058332117
39.706053650822135,54.009306402652385,0.0827021562243997
33.828778092778784,84.62883212928321,0.08010856255923757
34.97325323555439,41.69175726267236,0.06028799530453535
2.979023932189553,4.972066901696119,0.007596894850965242
46.08622208812069,84.68090010726247,0.09021522135500738
23.113519223169682,51.67860350411348,0.04580753734435399
8.978820850799572,36.392769694324976,0.02064382535612789
83.46647135996626,103.242915674909,0.13812699779271215
10.589595883664975,21.226048389870343,0.023272279453069325
1.0002916331554375,2.9887617632916266,0.002585251354852718
58.90014155544879,61.842324700776246,0.12153867490996324
28.064180047207564,60.259997438048536,0.04654314042087043
389.1294385807937,730.9446978524767,0.6791259074609091
125.72485284643709,178.460954446368,0.17548219018553174
57.65991560111937,78.38866554409007,0.09929022742353004
1.893128450311603,2.7529070498281727,0.0023755768465144726
1.8095500446559107,1.536531929466067,0.008692943533360815
48.51458059692038,62.83331135055631,0.11585583893900873
47.608048159122205,58.316723209545025,0.0583285333753457
192.82133186165345,404.1512257132803,0.26295350357504205
1.460374154517337,2.1732559956986592,0.00282665273245338
7.983124004198881,9.05574210799662,0.025006422323725172
11.42431828127927,10.026263388398126,0.0283738380802864
8.691780461606715,14.298411475832138,0.028478994563059013
3.0529090268621815,6.199359468295191,0.008316135364668064
52.156330862708174,137.09791852470352,0.08250605575565098
190.03757159147617,258.5007938363332,0.25861563600792653
25.01982946131049,33.24751920769576,0.06340151324093535
28.019765611348156,39.63614033542416,0.08069959538600602
11.464483509784882,17.423920328159323,0.025031644036819695
14.606078964880187,26.676358447660437,0.01850679153208539
3.3483873048759754,4.655051803085301,0.004051591066526555
20.394415719450603,28.143487121520643,0.04909377650017075
15.44022012041452,33.43735110083235,0.018884007884319577
14.890227032957295,20.108080242410832,0.04007619846035368
6.559879748334539,11.04241602645703,0.022875893680891986
22.07181624411841,29.201246703769595,0.047640528688530255
14.20920179499823,28.928200544743035,0.035594863399502276
4.812026239470432,5.612543456033229,0.01679378051816004
53.649294367202515,124.76737312517261,0.1640074127009167
7.858526286665072,18.47773770085416,0.009729672054578344
7.845682574696463,20.18696150194139,0.018767246813501427
45.80149648279197,63.30359620945562,0.07871022962854855
8.538441030872976,9.96524519876863,0.026936990647061794
27.59473936166163,36.64052643960162,0.08965216744332248
64.94665857640088,131.0253826796286,0.09109376086317812
58.11007603945411,149.6988701448813,0.21378893362235518
22.27789304053098,27.681326680071432,0.015073411261409804
80.7526677290403,199.76234112111922,0.12747052269397105
11.45077335140308,23.955230864396643,0.04430866127839814
8.635134226862064,20.382894572285974,0.01143668214004063
126.04410308811445,245.11271006347684,0.21836466033685495
28.891047981195392,38.65987063032739,0.05724713464860265
45.599845444128334,53.6648602961326,0.04044490411838407
4.375064462758188,8.011512475428349,0.016797241018973483
122.35412340374799,223.0349628015051,0.3013759671102026
35.14744253602039,59.09178947604455,0.0838042633535781
81.39437868155238,171.32222110735972,0.13521217735715108
18.865873675754553,20.37638160008701,0.04829857839740946
41.387334559990826,48.53965395861552,0.09136231748911028
37.439714119471155,83.11688779214082,0.13079178696525434
143.41178564975183,340.07775110065853,0.23137981341582012
6.852108571823078,6.315905982880946,0.019926740458214205
12.442750807549851,17.302358537337966,0.018878176326996062
183.03184780277044,410.55527631132134,0.3304490304149769
74.33485106320525,191.2554885234017,0.0797144183443538
39.10678116111109,62.05755128210382,0.10396843616404303
44.88764426896234,76.51059605607338,0.09713630731612925
16.12051708502157,16.568139544332507,0.037603543362073916
91.13277212412943,219.87976051668204,0.1795780325334541
23.774960932816143,35.02410385169451,0.017313506900074094
576.5175177285805,777.8545750464879,0.683833447790222
146.2187530876335,385.15915609939714,0.413763400554223
4.902406352821194,6.9081278013422,0.01145869010594576
13.683573462460224,12.020120098873015,0.02893913621880486
1.7219270238568725,1.4424761037061395,0.0065465636086991415
16.20488406728632,31.049451132709052,0.059113831905057014
9.064048802508687,10.866002182399917,0.018957439647024135
36.47002400942749,61.03309059261118,0.08207054674560618
6.582892619838542,8.982009608034577,0.020514302826723486
46.35707221559431,80.81510071803358,0.060438991504879885
0.8291684991563472,2.460840872374042,0.0032764345476301677
7.023684847585403,15.41739322268527,0.006915941465446362
51.4242979422251,109.39639140280048,0.1710451216942507
160.64809948499874,219.48063354546082,0.2508971967672477
4.599800655059949,11.294947117745672,0.0036358886390009154
58.97961570076247,116.64239281877605,0.10399696798132536
40.69324059139575,51.34128645400539,0.054945001804490724
133.91986327507766,299.77218749936037,0.2776588015903352
119.7711935758881,212.02767924659463,0.16553437336200466
234.19434671679923,567.3513846696931,0.27384640756489415
2.496439854986069,2.2675224746486986,0.011376838408243455
49.259438271321734,120.40399115062566,0.1062587681298093
2.077571398701241,4.484815407695338,0.007579103203055722
265.77398219706487,204.20479434416563,0.3405404256405252
6.726421427512821,13.010663311364102,0.010955891291548824
223.87284077790372,554.4015308708694,0.6675138069522765
59.153128187218506,95.95436168593444,0.19794657576055305
90.54119371696959,104.64926512000794,0.11418795033225979
23.2491869114773,35.40394995261266,0.06655052626257374
18.068767140152154,21.687997830574858,0.03272158430697228
3.4260280959194067,4.052433584327637,0.009153638534325891
2.0808469721348337,2.2018148287123167,0.00641973821702205
4.5314874838145816,9.866424025185935,0.008918681536309694
62.55706337584543,152.95799454535313,0.19480218411031905
1.0175623473436455,2.7691236719970336,0.005929228470196819
31.016595574222453,38.70031300192954,0.030119556132815917
1.1102739081657704,1.1909067541971672,0.0059423480956311845
50.53737176051343,123.61113963968964,0.06058570459284288
244.43835945966575,289.6101926679799,0.35363349733269134
99.9562358288666,115.12431323014596,0.1724459807493152
16.808590357310955,15.427600978192919,0.025454582786762922
23.910713556114906,39.779301118452125,0.05223062410140978
2.169798001856579,4.055640910066435,0.005700039438535847
49.45924982679252,102.84219787896188,0.06926039797828248
16.249483477367786,22.597573712533173,0.03158594808939608
28.60766998322266,31.17054161382251,0.03271715522302785
32.45223958700604,27.84775460056441,0.039985716706074995
21.310334424371778,34.28330412344849,0.05480059989781013
8.860243502030823,11.387642195018081,0.012838795603636856
5.0705866513813955,5.381190041117823,0.012185602257214085
64.5801772135684,118.48713275249177,0.16878462791251705
2.81390313924636,2.889576714815712,0.007908979471272205
1.4083162257847452,3.1347389367764102,0.0032758230637644882
0.9030653442737455,2.0618936679726545,0.003080075381646284
26.184339613581905,33.84713591049449,0.06786267182625592
8.260964715446425,10.110444424985872,0.05818097335452231
13.861005747540215,21.95433037570815,0.01968722623573315
5.854817334262498,7.0582275214222685,0.011015869470967356
29.0478243676038,62.492836867459864,0.0631687934527364
40.48269278638377,36.102283547386975,0.04313819680978098
1.8211529693391793,2.9310500145410097,0.016389766294899986
41.98368782686455,39.33362451887039,0.028958650993222448
92.03890492760102,125.98068560819648,0.14894298287599553
76.78207647466029,169.62802250115877,0.21982605833513205
11.160707394351935,7.874433068015078,0.025650025061063612
4.120594307551187,5.933147464640517,0.01134400450509027
5.415598716360119,7.61411198430176,0.008701198689493652
82.58691585351262,209.0480812395726,0.18363384526869428
121.94022208510333,193.5862041885621,0.3101968130715243
4.611426328637381,4.4586708979830645,0.010395595025218399
18.976855839053346,19.904822864970917,0.04495570945423974
94.04859544690278,189.77258167105052,0.10119944643647856
23.89437964126894,43.78355420665921,0.05558482968691481
14.673024020971344,29.833395405401838,0.023259527235774246
24.736195150344017,22.205291143739405,0.0425421785866746
21.989331285663773,26.617807266087752,0.032315639944816725
21.08770030862571,26.414866395036217,0.04028856804806539
93.473743385754,155.57785730154816,0.20159610070987435
10.549154122219855,20.21723788582423,0.012792527022215358
15.497881272405092,13.030964903126423,0.03648886990723523
3.909877009623096,6.7848150740563,0.00779380673156544
5.0626187444479225,8.55292747154945,0.012502924938827783
418.54256646166243,734.4993950241701,0.5756874031665936
5.415418568205411,10.44367425210542,0.011410697829885871
25.25795647921027,35.63381948052368,0.019716533987626645
1.4829899932222743,1.9839811453712064,0.009423888483796838
2.8871562122585437,4.962422370069976,0.00680275045863634
21.0273744511065,32.49046931836511,0.01767084458066633
5.496475809929276,6.204953550872924,0.01487519036629599
67.69344736118319,87.81756869657337,0.08936017971975076
18.435597260043586,21.488205340971408,0.02330314168829922
3.7772825962724426,4.397803330291556,0.008744139004449505
10.706110640829197,9.713717833116865,0.013033007235038498
37.15341876778791,43.708893045249496,0.1201113775928358
207.0528160287971,465.7994150622512,0.2982253661187136
22.198007662410273,27.204328861891412,0.036721634279766525
47.17247870092602,65.25233780069397,0.12283327952759411
44.439672169224444,73.26578900635273,0.19490165398163897
120.66039806278224,262.5048265036809,0.21227897112667338
24.391627993708042,34.31369109779631,0.06391361084431742
66.64545184274112,202.4086027290517,0.19927474629619862
52.98226291573797,82.27150746260217,0.08174749839202435
47.79070301668747,91.72268177915994,0.07648767847300039
226.60304597617537,332.3605909200857,0.2888417242092222
3.600901615003139,4.635883312033729,0.012870466090928389
5.889158320955841,4.846356783518199,0.014406055779445391
323.77337277033155,785.8111356739231,0.4255043615113037
2.9474043078481253,3.7806267434009095,0.01276819646544381
82.38778489003103,149.91478044704112,0.2053542987859878
18.53158789361458,16.37382127288429,0.019363268251704292
131.48099381481438,144.226791517135,0.2063778038184693
101.41512691299312,152.5582022312368,0.2747144248910949
23.044525735983473,29.605809188982857,0.046759559432737595
53.52855631723695,126.32041136170011,0.17157752547982325
10.348134814061675,15.615086043548967,0.017059347309104946
75.67970020018873,107.94185943811866,0.1830849574445892
76.0165581934893,159.12093032450412,0.20922625826783015
7.178744748921365,12.418526144655512,0.026164863008242778
8.750890996224816,8.23812673560162,0.020073117373628668
14.712230990349541,17.025814715707376,0.016774828543312942
115.20701778942713,127.79062905549229,0.16313648645428708
56.48546386137881,95.67930355944614,0.08968697446680608
106.68107620739683,132.07036715148507,0.2982189602967734
3.7105917906439947,8.024828905419284,0.007679163757750847
122.39645105557346,199.72116151821103,0.3265310930659514
4.354975618822996,5.373206948411593,0.011858314943713918
0.6416817793465334,2.0432208390244564,0.004105963826348642
14.032955465799626,10.345276228464595,0.03137875883520641
16.604691841854205,21.958601599178543,0.04766768851021236
42.241690317975255,58.23604529451945,0.09359107091662733
21.69841930469884,33.558708318506206,0.046085223224171
41.73085167773347,86.01024517946884,0.05441514865044979
20.79566083053393,48.283330476062304,0.054202272397414306
5.112678584623238,6.526806854195108,0.021015535843454676
33.376960846655706,43.89331157513092,0.04873432166276658
6.099201405913058,7.621466127126792,0.010615283465215617
4.481424226180453,6.979561051037119,0.008931796267645854
51.86968833167745,117.41454057029696,0.09336721849974121
11.679858414435104,19.873111779812277,0.016235060299509378
16.760265378992894,37.314591839199956,0.01744921529532074
4.955965332235641,8.440811282070921,0.010900690773703536
61.37702629902178,51.73631720819645,0.10937064506303507
0.6747075035632795,3.0381034198159895,0.002674002608996919
22.859956831413115,33.317495665103536,0.0879393346892301
87.04474023140484,140.86220784803444,0.18759054127563746
24.28843155666218,18.593153523012653,0.05431344046644045
16.33712092699635,27.076617032207412,0.04747581814201413
33.3774968618234,26.45663162138932,0.03144559295179216
5.82603582065845,5.558261705798923,0.013640442102192653
16.770468940915027,16.201948016638912,0.031006839770312048
5.778403761300484,12.022308094334669,0.01188526001596137
109.30108071645762,206.59809486439198,0.21786957222098802
290.1099515768826,660.8787427416202,0.4809976338363593
40.63947867286865,68.44327285565551,0.04780549795389183
65.27157968945859,107.25128527725464,0.14619076183920202
5.077672979088085,8.847882519709307,0.015565601184606995
0.4366244705326746,1.8602287850542139,0.002895644483179287
146.77830547304782,391.9917876892382,0.3834962224968679
34.31672132836012,58.455553358928576,0.029852832311998218
3.2224015244814237,8.555815463771046,0.007209578695117805
39.02840607445056,76.72898923715276,0.09509627476177576
1.1142880234351473,1.748417223387276,0.005338990651580691
30.62639017641915,104.36682398824134,0.07004919798225348
27.135652247557,20.80990047463257,0.06243120957756726
7.922570991637686,11.214297123354001,0.014557628536220366
165.18210590032953,287.2241879518377,0.179106283947525
35.87011522392623,83.57583917938832,0.08831266288527582
43.22992657785329,34.90542825674379,0.04696208273095808
10.194129728643915,23.112987828307368,0.015321871510513329
81.41246389792416,159.65467522541644,0.16699305868533562
43.1894816439339,55.250937028457884,0.08154940576499717
5.56907180596915,10.549009452118026,0.010186127328199467
7.138719990769009,9.809724776624073,0.012401017608895832
139.3043548668233,242.6480407182238,0.23295532536200003
4.353967073638331,5.06485751604185,0.009814008364805131
66.61860665400671,80.27203708697769,0.1882118443132284
27.91965066683666,42.06074157990966,0.07955314558842085
21.568991228417463,26.171221535759944,0.06950048241016737
12.125338693018145,22.955406887095272,0.027847548364629677
2.873235659404301,4.9377077726852345,0.009651634805981033
15.528129799913616,13.265529149041765,0.037340035818757514
22.559345885223802,18.115438453866567,0.05513384224681379
361.5710566057235,504.1986337038153,0.78092239598123
0.7076851059092779,0.5471152382354261,0.002508652402119748
36.21384835611038,74.10819435306101,0.03372569953479206
77.1934379037507,169.49952463404287,0.18723482924015053
74.27930646650482,159.43164258723533,0.10356486593839397
290.73472376601023,352.84903919207966,0.49276907521561947
9.90489624564668,19.265565585892443,0.013654176527751022
3.293822246306188,3.52053551719688,0.00873047292059363
592.8866741706498,831.2900043542171,0.6763145400562163
8.630068991468017,6.339283792265381,0.015146204444261804
46.30984973820153,193.50395918760822,0.0849278409237966
70.15580173670502,167.51459307021494,0.15406219032842142
6.348616502803936,12.073468695917438,0.008279014961537098
77.12660494419546,147.4094161903417,0.13180811908860188
1.1395367144633843,1.5280797436536024,0.004279167087640521
75.86489491149868,147.53648384974358,0.25811966897575345
96.37076737817266,180.00880761673858,0.18171377566235122
60.968804012243936,122.06520862900783,0.06814211414836788
7.400713720464995,7.545326952192473,0.010754970685219965
448.3149495092388,966.4275248555585,0.6847184516355986
37.251721109664494,82.74884221585415,0.06072603441379253
10.728659169935856,12.773816258019608,0.023064850172365522
22.25822017275804,19.308845082549258,0.022775941522610574
140.54116153884038,201.9841428858173,0.25198580884245775
2.565095559355124,2.5559539767068764,0.006852771939432416
51.60764406228648,121.23263602173056,0.1271414467257443
8.724323656095297,16.03628595553788,0.010311002032568016
160.55188656099108,274.0340403532323,0.4897170223553405
10.481558455599492,8.918376230966569,0.025428406887364603
135.96089424526969,113.80127866492826,0.21245901294258732
75.6212729329743,159.14508596070516,0.10837803979661034
56.17013370028921,67.37515872224218,0.0873288047461939
45.440484795276774,79.24719250850252,0.05342474177783242
533.4011687374717,1034.5401017483043,0.5677154442210313
89.35437514829157,182.01152981592898,0.16050312017927654
11.475322344563327,13.16361813930056,0.028431727632509514
53.83772375922972,40.19483235572312,0.06457837788284237
27.95263722953677,67.50380668531668,0.0613547457425214
42.50152928524288,57.845928551768985,0.10325465079404757
31.751590721154983,58.01949932308311,0.04376099467045472
117.98951664847405,293.58207874451324,0.2460951844960718
11.46497221428965,14.406981372840018,0.01889057284304736
15.96566568884394,37.58063359163684,0.01604635840989246
31.964754258787718,27.32876866196953,0.05428694853753359
16.529439056368926,24.03409644862085,0.055361774868444485
126.2568600874369,200.888784556001,0.2131125253721651
30.86533908786209,35.209414663452655,0.050532473521456726
32.08926411297009,67.98705566687953,0.10435018632711866
1.0233320350990862,1.4155100255068642,0.003425201786774579
6.030384142963746,6.023087889309532,0.017544745699173137
81.94913025359338,158.03158787343426,0.16503395112514896
2.9592056101973854,2.576277061118189,0.021758051243989315
6.288307750808415,8.2971031746295,0.0184921179560482
121.22988936395808,266.6627928716949,0.3160559277904335
45.21049278389046,48.69376611476202,0.09012875071214262
10.169259980717607,41.942167278785384,0.008423937019154634
19.13829547242112,20.49833937505367,0.04277984450320992
183.3471180412331,438.7759133992673,0.336734523048333
15.49695495826676,19.39324208125984,0.02648355436013933
21.385872526303277,24.411886792887433,0.032129007802144276
15.577225270484417,31.030498547888108,0.030186195983697785
6.579547398586966,13.35380696285183,0.008332730151610275
5.0686809762062275,4.632442419037935,0.010523332599998447
34.94407242624742,76.3162399906059,0.08605803051123154
84.3562089759752,134.76406438969516,0.17362351150219815
1.8421324454633867,2.6743834161482076,0.008634110916459437
69.59383722459609,151.267916971638,0.15803721024325937
51.93364824997362,68.49705487240087,0.11735517707155686
10.881317113248869,9.004193229572174,0.036796060637590146
17.84145571813421,52.04707869287234,0.048723096067989836
144.347271014378,269.01347259380395,0.42331312755136347
78.32210268590042,141.0144606142868,0.14601957969510254
8.22225272388206,13.49068756445673,0.010130551488535155
116.82146995517783,189.55631154753095,0.27465897519834936
1.206010341297407,3.267257255657794,0.004375877768121311
58.22397680427759,123.85388986223239,0.0780881685943828
42.46718339231279,80.07641863409893,0.11081263283210317
33.42859669044661,83.53515628873224,0.056835596008843116
20.59189959729645,36.008093006233906,0.03148343133241013
6.530387221821249,7.056010050556243,0.012524459240316876
101.60190216653,166.44114601554944,0.1276537439562713
11.344994725458804,13.213404353201085,0.02131650570407829
62.74325386478262,143.47745074599126,0.11682745170092075
4.195314521740237,6.42637282603865,0.00843959250287376
55.45677383656507,78.50991151041531,0.13962082467742568
35.953162657335106,76.67649024182484,0.0589487124351138
81.29154797475624,102.42327144717943,0.11241215607799102
1.1073123484686576,0.8200891971108035,0.004533212424160267
112.24136738976996,156.36672388278072,0.23420085362694681
40.73559802054244,41.037154938720086,0.05793799036973109
15.293392116763474,39.15760912527276,0.05925053382838485
6.814424543965818,7.541132974243055,0.017214120463212537
9.363815834962432,28.064476612934303,0.011752969059531576
3.6473087562443607,3.737655305733483,0.012903703434692992
11.266790070839543,15.403694546039095,0.030235968928063444
61.183962036905584,91.30406258956555,0.14560728591388988
9.349130144406859,17.32456069007937,0.018209616899865687
35.99110630674397,88.59950053995664,0.07755805594279383
10.539491395491039,11.61023508006515,0.026464158410600576
0.20192629145605126,0.5633285681789585,0.0019105034636617106
20.759783003698494,35.642230225479764,0.029188218140062647
7.353669571896487,10.466008899413946,0.026388238502269904
239.0211855007207,499.25885180067417,0.3275667139145863
68.76470074410628,113.12118576982682,0.19054748061824722
22.67469712810233,36.27046420372239,0.055215561104724295
3.9417948632074875,6.68079170098467,0.004729662754997572
1.4975666514970238,2.3259508957853656,0.010875338725505921
3.363213185832174,6.4816102647274025,0.010565504055948728
0.6780995578276523,0.6076736032643638,0.002371831730865653
11.250862433678995,13.145647393408241,0.02627229269259391
138.59433491977524,292.21440681516304,0.33172549647497285
8.10604660569348,18.526024414189155,0.01663569321956627
14.569404954353669,22.520308826735064,0.015223968075605923
13.977957695078786,22.49976066660912,0.049095369382134324
0.8698876703762246,3.047426726450491,0.0034557885927341036
7.753865471154825,11.77066163999194,0.01815796562151448
17.1165845044393,43.3430065409236,0.040130308468110505
6.065911190640072,11.168725366052184,0.01537677395593473
24.393817696624872,21.52096551155168,0.043207186735200125
31.277477632375554,106.41676761683114,0.08628881094699008
38.90440391183901,69.96284847393115,0.10036175009982522
25.332473485875298,59.68578280480809,0.05469134752160961
4.869778615134651,8.877871675745558,0.020812566490168192
117.4616052394992,202.32224539939037,0.17368710662168513
170.21842319483457,415.1904633568453,0.36959035871413504
14.485334547497658,23.725254031289055,0.01590714703851908
70.02295562374326,159.08333799911304,0.16599210098470485
3.676445547734751,10.543022636709402,0.005195677895070658
1.5590486388909077,2.6954618473809187,0.00373067608586694
3.0962310335230883,5.343440569561623,0.01291339637819565
13.875413540011664,10.589350630829701,0.03775360484133181
246.85201146204105,540.375189197636,0.5009819351499135
31.025617831080975,60.0410578170622,0.09460316099978872
52.92032229468976,132.6054293790518,0.12474568182284858
6.364781136900267,9.898978957241459,0.027482689493164725
11.994303556572618,17.10700611961728,0.029990843816332737
7.069906662229341,11.39886001045856,0.010864463468989562
59.280600799538306,148.53147145632585,0.12381018986963957
18.927283652084945,28.21839137146779,0.019949481132596692
4.840579845817232,10.317270591743405,0.011593567526881435
210.00100530324283,352.21342361342613,0.3399089493103066
103.80320308671823,189.73048702037713,0.1861271530377039
5.105816504846365,10.075751047606687,0.01440802393031662
415.1456092589343,625.0274522329954,0.6103703853537532
6.557829472986187,7.246623623131993,0.011585542041835458
2.395264667195005,4.372247744278723,0.012550115438030366
473.9286302090976,1302.5473853891751,0.8124227697701732
16.091390325847023,14.654560872460545,0.047982511900565857
17.92177798447764,29.72505980803044,0.019326194262561245
81.77579757108677,179.11740653093634,0.139903661336102
16.387665942456756,18.243835336386024,0.02010972647328065
10.15027037841141,12.326173100750244,0.02085611395956282
110.60120454770333,181.28351852880954,0.21823425489266138
5.926454172441736,8.500643097888867,0.010470091296698838
7.478447904701557,15.532670576684835,0.01484313999727564
51.948980285787535,83.16374148189105,0.14225008719092994
9.541985556355618,9.227733717218038,0.026047208946512367
21.575576068345942,18.801267473019163,0.03915063855266808
10.402216125405163,9.797730612087392,0.03022192170695145
4.155257439600047,5.484122137433412,0.00741980451602251
13.901788178441109,11.772552857963928,0.03859798968113969
11.825338556302599,28.13162593615906,0.037684131473484136
25.4560684258228,33.705620829849146,0.07723792683806535
21.465840704844265,18.88632988940315,0.04049623223232138
114.57873591819197,172.50935728071448,0.27676044163429664
31.535103194582902,61.012367779257715,0.02972852408631829
49.916122391763665,101.98198894966396,0.06978882325925034
48.2187142998442,35.82977073030903,0.05581696092877002
45.27311113168489,97.43414665755836,0.07451129167285171
105.64718279586198,108.42526968977401,0.14053188308721506
106.90362696269635,169.89771735317146,0.23485488367666466
65.97448076607127,109.83771999668784,0.09819148711294404
31.0240932214116,39.5870252963656,0.04774384156682646
265.2740504048584,601.8258315308451,0.446688427956073
13.62215383138806,30.88079356023088,0.013200350641178187
3.870389383461401,6.3456582714475305,0.005651238698734151
48.02336438329824,63.206006586178894,0.12333021604554265
99.82719676926038,174.0362706050975,0.2469931855500425
2.4561633999009103,5.138786893196828,0.011733158450367957
84.01504089937826,188.17182949961162,0.2180636557636964
124.4285567711165,215.4629534917295,0.21447701442574066
50.05184760834904,95.42029021077967,0.08267822625363766
12.114038216378201,12.203570845800158,0.02705285662324331
56.97364164102186,107.97195940247634,0.08497846271559409
4.9158913608957695,5.59783693680693,0.011025542201969702
7.454056113735759,7.683760179257932,0.01815112602570081
118.41751441317699,195.39594024260225,0.16183828277323303
47.850150746869595,59.116574535331154,0.07203680357018892
10.73084389495522,13.01043940876087,0.02969504842903958
20.31621723239704,40.55022572421549,0.048531371833908585
1.3069874811481708,3.960531327387098,0.0029191939185705352
83.35405235580842,105.23645737145702,0.23952313118770444
250.1222715744063,436.2819207805157,0.37615190390261277
20.69537346541904,25.994671229167228,0.03643958612661873
1.269701972586302,3.077119355150706,0.0028241294864772893
17.962564374914145,25.36049882136927,0.03669280529831016
330.37187121507344,638.7321220940005,0.42877588893939284
25.76444388751201,41.36298356464562,0.09202895837016858
0.2883338437690794,0.4074227982515148,0.0014126759999672149
1.0762908354498395,2.88136807695383,0.0033567452824280423
9.775771620718603,23.105002071136127,0.014501021765058353
29.53302595676849,38.840682425063015,0.06409754216827822
21.224120902016875,29.33117692097969,0.040695194307605376
0.5158321590922123,1.2087354582513696,0.0027211286582819283
0.5933503294754712,1.5950014304985762,0.0018585104005130449
6.106722775365754,12.09000666181529,0.013612984829922114
18.104530592576847,37.68443737699922,0.02006980245308952
148.29643297002912,273.6549328341605,0.33597314395756583
10.783128009248696,26.813365186181866,0.019706741087353354
53.47003053638466,63.4973268193841,0.10579466250613695
13.982727688239763,30.681010183961078,0.015051567402572203
45.25914412081183,101.39925367941059,0.06328025416125176
59.23986529830745,99.16813608848348,0.09733614120963445
117.80637884721475,227.87011655055872,0.3758861230878112
42.26507068076116,92.78089931352811,0.08136370640015812
0.8617203700867206,3.349399023371109,0.0021824728000681
95.20529651014094,179.7107253980582,0.1700065117178454
4.728519088549117,9.591550309741864,0.018803894666086785
86.59348653749971,169.2437657342046,0.20201590318631868
1.7890841852827961,3.68169829919385,0.004493242598134646
232.4200517742878,369.50228108282346,0.7457455971998975
31.69666661359084,50.2653550185321,0.046845864975017526
54.325200237086264,84.56851603659646,0.13842774810815317
17.416031960261083,37.583795225373336,0.0188337036276935
0.6391492267753345,1.9327110114649144,0.0022201008682793213
13.498519611280619,9.761457680963147,0.019347738205419976
126.35564921391126,195.5189642547829,0.2986489535358521
34.461682098877446,67.31093261268201,0.029758747629068095
7.953875784818603,7.633786706084905,0.024182347024649577
3.199497087344136,2.854075799639322,0.010497558579203594
31.670436115570684,31.535808584064515,0.06504318433434252
71.89139504450786,144.871955335492,0.22412058543445096
6.886894284951739,6.5092848819196,0.01979318768409978
16.202023060982505,30.63632849752225,0.027948237419890543
39.079022122878264,83.58133638347013,0.11649070326326826
106.43729243588291,186.10440894091937,0.15373490449883448
13.132014948977087,24.16823569600123,0.059162378285159196
54.364861212431705,114.28609430387239,0.09772228549180001
8.248652067266503,11.659245616844865,0.017160305640906617
80.08003604704898,75.49370486827634,0.11775757786679064
32.48259807754231,43.96080354520992,0.09593379706438764
135.7124381311146,195.88188278802943,0.13969105642200208
56.90113524666214,71.06523702091866,0.1262575643870856
34.02669858414652,48.719301952603416,0.0654635092527415
39.567958015997654,98.38714180180449,0.0581225940735586
10.65144271435053,8.795997119430263,0.034471938807135935
3.5235802460518384,5.484861896898301,0.006530402314380498
40.685792327220305,88.12165586244087,0.0673534913822343
4.140597532864326,8.21209977780014,0.015209849509920709
77.34093981147134,122.82446682678886,0.20033706865978412
63.109890331700555,53.2500823314857,0.04054271937295675
9.693063712366751,18.723902742749306,0.01075601403722958
26.971034487392792,17.535405204373987,0.05446711177355695
12.508711129562764,25.08700596447803,0.017423199121101268
194.97199737637388,487.8178278028168,0.45179094050807495
120.23507065392404,270.7199036477378,0.21003322215408549
62.07683108590192,72.35609016915934,0.06130214740334172
99.48586171760736,122.76973929145927,0.11605747788069708
24.518090539376633,41.00684951868368,0.0450517584255886
4.0236625710679155,3.76664875905243,0.011415745922528978
9.2251130631179,18.143556357957465,0.011918517647127928
176.82318346356314,336.218292385331,0.4307333833233627
8.908898012092273,15.848605302014205,0.03788561157279208
5.452987868814912,6.082764350421471,0.010626115923914686
39.79315158027675,96.94473487211424,0.09816032572781973
28.587220592749052,42.86040659511509,0.05639826989908274
2.1957060486967466,4.6363285711468905,0.004868360703749305
23.78246608127211,24.555898212967172,0.058571599075168
10.22331681872671,19.794113927868807,0.016980760787925077
48.84063503884287,86.14761718148551,0.11683667899856563
78.69192285916081,130.45460890671674,0.17612111443082212
117.86439134188556,165.80809686830787,0.14710445272473807
1.568492520872591,3.284111239102807,0.00552292539705746
96.62511109129962,253.0857406561462,0.17309147060344837
111.34871457466708,245.07125663448792,0.17965765603998232
7.2595812205399355,5.758038864578317,0.020252556956693826
10.042368741254208,8.156983869234457,0.015111144222372579
12.94912847921993,21.316552836450867,0.03150632753663896
19.408604419967073,50.912585647632774,0.029670488722441338
116.59106921097563,288.49979995347513,0.2543394167369135
66.7726694617794,77.9550094552213,0.1622928909413921
95.56065697477499,178.6288475946573,0.16450321161595233
108.41747713457171,126.22849498738205,0.21860447205109979
1.2360707097934645,1.7118875519149979,0.0043547207216234445
6.6455911417737275,10.133957975818014,0.011350336085152374
10.284753544148364,13.221904078648734,0.025938707142682822
1.4646490896523205,2.3459553394340635,0.0031860363329396695
151.05905679812358,329.2373233148526,0.2190354396885957
42.35899564124838,98.04072506312708,0.060086552546923466
8.457917290007838,20.26336937493115,0.018509330167344077
0.8384502445318979,1.7528049385681634,0.00337743715054746
32.310785951798515,53.542556199694204,0.05541193375144725
12.34919472036915,13.031482943660185,0.030202914828526346
1.3141033281107604,3.7541364361380967,0.0033228392403056406
30.879540245454645,79.7058122602312,0.08698138764221808
14.805675088626668,24.148844120094036,0.04617941953100191
1.5093532404673684,1.0361752779071325,0.0037252734582587928
47.018093967423994,59.221765580494264,0.11636319299729955
4.0936340564777085,8.471046462288301,0.008887032985429894
22.64479006643511,28.097338363627312,0.07533313544767507
44.80122666922693,115.02687175758172,0.08194219891770714
11.195562753583715,12.057614292657277,0.026998506647477456
100.2469813680715,134.5176666851928,0.23132794636816095
2.2524515832812866,3.228870822189305,0.0049907668795811854
15.38132842419246,18.363040681055633,0.041707504633179196
62.41235720968177,46.6599715369572,0.0830809175030209
13.427344020308821,20.87825504391242,0.03665193998284718
14.71638125121317,23.140958291052907,0.011768250354953444
117.22950689215715,186.8512481756938,0.24735745667224204
2.327303546173677,2.9966834800669933,0.007026692892467667
7.617079143034603,9.801719544305245,0.02982704314166119
5.562669308893332,9.825584493634327,0.02193530001382005
53.634837518504916,61.199192949437986,0.09751387727292937
66.29607028698535,159.27781911441275,0.12295041392083783
25.426053665050013,44.66224147386035,0.04550816159939718
3.0475720880991735,7.583381380907106,0.014204371005816363
60.23278833725269,95.40569171703136,0.1314955680196714
7.024795595033948,8.698678567488601,0.02288106937503499
8.101523111340013,16.627346996020375,0.016083057986363027
3.286261858896995,6.511663415601259,0.011635830716670088
6.696030639160036,5.909013601881738,0.021592200017135143
70.72891987392727,100.20682413837856,0.1577623830550417
5.6196016256559345,8.298977261546984,0.010822749487256087
76.67127834301112,125.32476322244987,0.1915015903927933
16.106937971849547,29.673685763544064,0.0473127488282155
201.55378438025372,326.1708885832084,0.6485482452165358
33.728223920182,42.40671839250189,0.05524758055762852
2.5600923429142375,4.738592120984228,0.009682263137017791
72.14301340765375,129.20070948348126,0.19270503882010737
0.8388546162901733,3.4395983649487945,0.004899939663046632
33.42759692581651,55.75295144869687,0.0982721901346099
15.861421482563815,28.601915830358337,0.025296986191201992
21.64858505611894,26.016301028619175,0.06637954748471495
68.63453385834403,138.15159724905547,0.14871835424839172
8.612214650139792,12.24133808800966,0.016516786032294613
3.2367846377862315,2.955608783412265,0.007660219345005252
2.3934063916411548,2.1081851589145257,0.00921761363359856
13.390699309522295,30.959663407613878,0.02241520559185668
46.94066149739161,126.79709292674701,0.15892509475876065
181.34178935313838,327.81422368917026,0.21673287665303959
91.9185484013571,205.6299941555259,0.21876630359387647
288.68195187232556,621.4261986946187,0.34651049521328975
25.265589099308947,38.14397918303765,0.06602179074580333
27.0996446377434,43.85012924568819,0.08515332519003298
74.68158631666081,93.93434357450892,0.10544348579940536
96.56227044989929,124.01505248398135,0.13488097061956508
32.03549180530958,52.934528258576904,0.08874791856336865
1.00705936984492,0.8501034622923821,0.008376575388198831
28.833548871971864,30.006476050172044,0.04349275454359077
33.57312587784357,52.80991886533034,0.09368892138018813
50.57070312735684,91.2382909198997,0.08066293607720629
10.76465505600058,23.773859206611807,0.010616211867087017
12.302078906357172,12.689047502643302,0.026734235370503744
24.599646386472642,47.69475599043509,0.053673413582297665
35.70977370800054,56.886553588787336,0.0715433749390761
23.189131486027293,28.20451873349216,0.04405634978613831
527.9428205081788,729.678118499807,0.5109365465701526
18.914233753328457,19.955214500019416,0.028472513366393434
14.738149186206183,26.275565837185262,0.08136098958883896
17.912861862099692,40.42967503580038,0.04208251162343167
1.131386946515061,3.9010786926838983,0.0035976776045708054
60.23465321535447,146.10139259570806,0.10347842626101819
77.6048159472473,185.1106953714571,0.24753770015313628
46.479571834696934,94.42410802334972,0.18619378035375656
0.8187294480191073,2.2870885963954874,0.0029765424408770068
20.492992336235233,25.79159194858586,0.07535456512522304
135.07111787370513,241.4883835320674,0.23328266703706751
15.276562905921399,31.13344764676365,0.043355486925413265
132.27553527986478,222.56828966121105,0.35431747535033326
11.844112273317966,28.627754269605095,0.039964921394820746
29.01601332904175,43.16916506392095,0.06863723601589346
172.3882004622713,474.0173809693949,0.6096958925473082
30.359662118444067,49.48217837420248,0.06484940323419286
20.795879922356082,37.06146926014758,0.05940783079859689
4.7747200885264025,7.2401735027182035,0.009590652188427464
13.742533322303297,28.982290700075758,0.011687956003183253
59.502187074683754,66.37463499154853,0.09684034726261756
2.8418345328086776,11.861144789896425,0.004293747043980309
47.13503143730859,93.3097400221787,0.13269722736167971
240.3091059242774,434.1787072252708,0.5525028332236143
125.6963254424822,251.84754475429006,0.19392588728481114
8.153203417865942,18.460216618552973,0.012002889681642186
18.800519492089986,36.37332816592975,0.022250480751971485
31.660395062911583,62.32497340370173,0.10531765704705269
23.65373596124278,40.081200967315645,0.09123687115329386
7.746500087418862,12.091198998604,0.018002113228628755
36.69928155654175,31.242165744570613,0.0771106194870147
31.775210074485656,33.96352116553795,0.07363355208475898
3.9514391943416647,7.411546803554764,0.009787081301294324
35.01659785822059,34.60642626104483,0.04888256762727193
4.932501293951511,8.196128479961038,0.0051295851191730385
1.3117994007220657,5.627553954888271,0.003577359214933001
6.158570397188126,5.3795603595324915,0.02100472075525074
229.9823449909362,459.1115029690196,0.30488500596714707
124.39590135553155,279.3741491433846,0.3320879951371193
29.548393795970362,36.76881458307797,0.05820051913318715
0.6222610894984347,1.5307342778797581,0.002893553436908904
43.18008182865219,71.62802924638045,0.11047437746087704
4.513577717530628,6.29717458806387,0.010961356188084899
19.43949750270226,30.079191162993713,0.06455447804143401
23.016498291805302,16.469281068127536,0.04702411468580892
3.046067288687467,5.3040809990292965,0.01181814356360654
467.2288481607215,569.427612723784,0.5846649944437673
108.18531689311601,176.36964210130537,0.273496411512891
12.880566606072831,11.275731083748948,0.02763529586236812
1.0326480744292652,3.6422146288494046,0.0057334691312585775
4.308382980590755,4.714687809015051,0.015011900679926193
11.446133093708054,9.565023425619868,0.024901940904034456
69.96798122674267,99.10454914179363,0.1670950672282015
10.144301914371816,8.415292545690372,0.0147864261703983
1.0940586640469911,2.4749795342474883,0.0034130857890990072
33.535718897651485,32.550013094297455,0.0613141465496107
80.58089538287825,135.2381962005095,0.17992092229848808
0.9385578631218972,4.303556697454874,0.0026059314083777744
7.304615245118102,8.176406832921263,0.003372208078811231
7.603818912092486,7.1384509478503055,0.016729606578251944
124.26505098724648,258.14966796403917,0.205968228796262
151.16700958108916,303.840557642041,0.26997889206490744
3.2755398758381373,11.74401390082848,0.00840804116497353
8.522491876255462,23.87862999982101,0.019331689119131995
5.537847029343692,4.752104484402191,0.007785536409911204
135.62724491406254,212.32922252315933,0.18793257314327264
80.92186917820615,99.00548627482856,0.1467198731360422
13.527490907050378,22.008196109824468,0.026303747360840922
13.57307909231797,18.943593544222857,0.0340805595669133
194.4155597010926,339.4534816487799,0.2730408903931957
14.494342371737922,18.45184192265147,0.05282637737009639
12.077170291414925,24.01311722772019,0.03376562595686313
5.076470205387138,6.561645092167389,0.012994301930074694
33.91835481649044,60.97154669267592,0.03550180620480285
252.20820576657852,539.8172558172135,0.7019995509910995
36.80341471050016,72.33572018419572,0.05049472327477844
41.49278817896295,40.66231719474358,0.0743823005179689
3.4357397731346175,2.6311804249389277,0.005538024713421319
21.639515123746857,27.994309935746504,0.04037810759885496
5.074320376973229,10.822292700389976,0.010322651839132108
11.911785433730392,19.723343083220282,0.015434405673522542
88.32749645216296,182.08972715556055,0.236073309596016
11.581658170380214,11.790174522725053,0.020143151905958428
32.554674004603186,51.45297208683643,0.09394589898936231
16.620238987749527,34.183592430066675,0.046319317168587726
12.892713569875738,20.864365849092696,0.03407651026660658
5.44024428154756,7.629988296406987,0.015915223986764544
74.76036579691149,143.74351546008648,0.10442822097738436
373.2848253138414,659.0715366251519,0.5907127585896151
1.5143896829450585,2.461261415872711,0.007710643562034252
41.122406510757095,77.17442202279035,0.06445898045144344
23.10909610424443,34.729588621082655,0.06609510295918622
29.50126311041274,37.40107297146262,0.06539999840479051
41.64257691400986,43.337610025262194,0.06492455490514072
31.19473374550405,75.28675288774612,0.04200021038563608
4.608570240081705,4.293430523340832,0.008487666768252222
13.71366751266761,16.20192083217984,0.029916267186003823
6.872435821695936,16.912116878948737,0.011840427490207807
15.069280541886238,25.149016861857287,0.02521388738676088
95.26081364998737,252.49067884656012,0.1143484839129319
65.87453241395652,71.53531427354363,0.11201259887289858
29.909651897074344,29.44716019901533,0.052894543267103404
127.32129663685451,191.8049642358376,0.1820194053532015
86.01897334973164,239.28090976281905,0.13167519115865187
46.94505183299214,100.80800981271166,0.1274137688872214
166.65777800109635,241.0263668046179,0.22988695307321078
33.5427910922682,37.10141053975877,0.06871000961567322
9.345793228701984,11.02149907807814,0.0190745503561011
309.03614942476605,551.6805166580341,0.47061338237570466
89.02134871078543,232.4308770307426,0.18200735556051303
34.91247634105054,33.487381883644616,0.049819228052858974
146.5165793184598,152.2155692029512,0.15927099447941037
40.354491577212,68.94135267373622,0.09456305507097316
4.933597958020428,8.890529544568343,0.011945655570086018
8.087378243184096,9.241161300771363,0.019796726682436528
154.17480752516465,297.5274022890976,0.22998402345543872
65.80543933045357,133.07976406552348,0.08788069854475762
6.359409436355967,13.387416055204678,0.010997870417919234
27.82685231692639,22.524318482058685,0.06108314601753752
183.54993946781804,273.9197608663855,0.3036611072270768
141.37497790948353,275.061663507793,0.5889065995684083
49.951344089015116,92.81428575629182,0.07122667741386529
8.590362013749763,19.01809219753554,0.01429311084401901
3.7073030655385586,4.183364406700357,0.008768459732107383
3.836834919419265,5.07406509884539,0.009059592320702062
1.063543100740598,1.3416229361427077,0.003668287597946403
3.971003164206053,4.159557208106014,0.016327587029540604
24.208696558925297,34.63862609522212,0.04441620289588723
8.872490859133716,8.986932632503382,0.011083073602190463
25.608973122091523,45.091468006283,0.06927586333551451
3.7469704896849287,4.529492434087434,0.013016482847586568
148.8142397454567,289.71874858288925,0.21064057621825807
87.0022312767282,200.92079595878582,0.22926408007425075
10.35906514392544,13.767225959254002,0.016819063003291588
1.6112595195279948,1.8388616093706507,0.003832313180472736
1.8763849399915564,5.470659398177582,0.003236954786052648
114.92069738041236,221.21684886814367,0.3026470299730106
2.849249783664735,7.188440577531237,0.0033213592118590935
0.8967621250330496,2.9257488052584573,0.0018427970742626938
21.355181490236603,29.322588272066636,0.04052549753737528
129.03485604014514,163.13213502991152,0.174139565502683
12.049658594827692,10.750344122778698,0.030055231130639994
108.5878813364694,242.59832902082346,0.1923906181824724
5.577775356253096,5.713912002035936,0.015373275547227769
183.62477650526156,310.18745279634345,0.33331347443557907
73.19872701373083,65.27541390578209,0.1057754425969291
75.38825391208923,43.64241038396926,0.06737640877473795
5.0101746588926765,8.15117209799151,0.01132103013287299
27.95187518818242,48.16570632178942,0.02888871899888533
190.8774913773068,409.7824820479967,0.42980308297351777
32.284440744815385,63.30405559839185,0.06245407324093289
6.2142889123925755,8.628386013134662,0.010763248657583574
14.569049472842082,18.75631849461563,0.036613338845403076
113.0216790182792,244.82117901815224,0.15464147503114947
66.06818940261093,74.13033072940885,0.1561133504941624
23.946478039883495,42.534319806988734,0.07987301583668663
7.448495190652506,11.851625604026614,0.011445819548423213
10.030077053723785,7.278326540472901,0.015637903573377753
8.177512722890821,7.018245830436542,0.016300978899693314
8.220945404941281,9.853703100599725,0.009273664488611812
1.193011102021119,2.31675688011296,0.003902264588077351
13.638937313892624,21.315325105091972,0.012025814619112654
30.478054008309996,46.31385112023205,0.08375209611423802
11.314267469854823,31.738285877075143,0.037146927412298365
12.7283612428986,18.55790602075452,0.01601980819415158
158.61166428748638,253.41332234811506,0.34768438062929474
85.85720669886535,158.66659053827203,0.16857913242050626
28.35695353674385,38.008236452869816,0.0438432574012317
7.913691944247451,14.7970465840374,0.01950753427153443
50.980111459190425,44.313667805078786,0.06792358020347203
24.353729533525915,21.81258242541008,0.06581885489043784
86.48337976528462,226.26055057433985,0.1266192287239241
33.022151524926294,34.204191735487846,0.0400403277790716
30.010878435664786,43.45422387976366,0.0627986713116034
0.9432493995172679,0.94356876601595,0.0037216831302390677
116.55713982231667,207.23211936347553,0.21089722887337012
7.845218461182924,9.328584248649817,0.02127028278008538
112.73781286313098,212.57702250537446,0.24933332149459497
24.001280183331524,39.62519342461023,0.04518347208314154
13.834016442534029,20.153947654636394,0.03632825921186649
89.59503211376305,168.80298773365126,0.1699608541102294
40.312194004677906,59.37145476793081,0.09171182274848932
36.17675907881156,35.486595507286935,0.06705913623048106
114.17737771634256,185.43663142724054,0.12349844974117534
1.4672598331700348,2.4867015725318136,0.003863487749099085
54.82639860301936,99.36572357381623,0.12521200958210488
54.817923595088544,109.42187664680043,0.19924682336708086
79.10642663979169,186.6903613517599,0.18076918226119318
124.57964298482614,177.65287522070594,0.23106526980869277
29.055992740849277,39.969064014999745,0.03251719518114708
43.822594020540166,76.07531940711303,0.06578796668953969
9.393830620976145,20.680733062531953,0.007355338586685953
25.55105794053126,58.3907404028331,0.046588894149512484
18.44723301080209,36.669321523281035,0.03661213298584675
1.063355741073065,2.614995149509905,0.0031110149111587323
2.0170321400940714,4.514136196314642,0.0026498562047986085
4.895802993899853,7.330886162150342,0.01896928289336658
6.438426363258717,9.291730145112068,0.015062701597098922
0.4700629686267752,1.2311203972062932,0.002849523375191708
71.25300397048422,168.73951938787647,0.09862448470455479
33.26990631125682,54.96282510419618,0.09925932717279475
2.3931255562860048,5.437091681103576,0.005657653452465011
1.6371466331401643,2.6358563519232767,0.003074431958356026
2.2915310408344016,2.5373434280234184,0.008782532463454767
8.274374814910693,19.721834574225245,0.01631608906675612
1.1116425484207464,1.47119343914718,0.00844406035736417
540.1976309259719,974.9716176246824,0.6637161436873387
5.748732515358847,4.746994744122539,0.014069277836295496
13.34855791616218,10.40906657412508,0.030532746361261662
36.909392873700234,41.00902039312192,0.06835223216642357
20.716103604484903,30.514336849890874,0.04513903458324575
16.125860704313553,14.06314999942726,0.03487338276003098
276.94110109929545,522.0307915024488,0.33889593638287246
47.338855030556886,99.67255700527373,0.06595739840487412
7.39028701682022,17.22846616581364,0.009945626563344283
0.8511372046743583,1.2136182476467714,0.004743259937817887
19.943505079568947,36.712840652836384,0.058193085083039275
21.97245083812908,37.566332641931325,0.06572409232848235
4.727382425898854,4.328865031418384,0.010543479073344256
35.96458910230456,57.77997353489666,0.11315723506038086
4.478241072679729,3.875554086291445,0.00921975524472307
31.08597337244587,21.208104426251232,0.04520047394513213
71.34329856454704,156.94001265246337,0.08703310699855528
117.16718756630657,152.06713572314152,0.20708384751010453
82.37949701322839,204.89468367114887,0.2022660867547892
1.4255805645056856,1.8411557344026306,0.006237131090468402
50.478148286940915,42.02374641922484,0.0839988920767418
1.1244038239744323,3.137249539412212,0.0028929077174034037
47.67847945931333,56.55942068570348,0.04794189998920566
25.283531032332554,34.62031091595575,0.0675341486629489
0.5313427108315146,1.6834627978255432,0.004087191951189178
9.607729440651058,19.870209750641084,0.009780186991877445
190.97880245669728,333.8360841010648,0.3216397971074367
2.8202581760123313,6.151810141212936,0.005171065508831755
135.12861355277195,285.04363981137635,0.21835159401860973
11.37932370100546,10.860116939910553,0.04086059389891593
1.2032306742958916,2.7698844334399544,0.0031828857214222586
58.4723559833544,133.22869269394718,0.08279162799862597
24.658996380330148,41.58860924804876,0.07152897257361576
65.03280539527356,91.22219757887063,0.16059891816336522
164.46853285817514,311.9654732876474,0.4063000417084394
20.99374241055392,24.884989424826273,0.030157298902280787
135.51295147138785,215.29372284085926,0.3286822533869912
209.61211730385693,371.7384977112488,0.28321441281253
9.159777078163978,17.453502108329616,0.015942878357027408
7.769757670255727,12.326695936289777,0.07225049388556255
139.31955613676914,231.68540379425528,0.3162711722891006
48.33929771141294,52.319094811008696,0.08401798934263283
214.0917062834007,403.7782720246498,0.31384202005362977
12.651307767166996,13.187000403633967,0.027094111856058447
101.88937229940143,407.5899127528006,0.22989241388255072
2.094168816680995,3.635948011638844,0.003239577724410237
4.118636664688251,3.090605644874718,0.0062397830202858585
74.36798672097376,124.89990827278072,0.25171457125390523
159.12783315925535,346.9883543966524,0.14788653969141144
1.4648454605057617,3.5024794558654704,0.00365912587140789
39.196450137636766,67.77175217625711,0.04998825908800619
10.080382234808017,24.89678939052497,0.011065119447444857
36.63878472556826,100.17936101530874,0.10861804880274428
42.716538821080476,29.52728304987334,0.07066567106379924
376.2295708247447,645.8345398127345,0.5294473165690224
27.4812162490105,25.87898100703428,0.05867074306154497
39.55276056503271,81.37652308501164,0.0457367360472492
76.35693143343089,66.93180748543696,0.09994205365442507
79.47072410990823,166.57909173954283,0.13443675997748747
49.13541098205299,86.14973847316945,0.07208524308744114
3.092835988456423,6.642682855809644,0.004457986487881506
39.332027718904506,31.218743873460305,0.057815030912510626
1.0931510894261192,1.593853678577821,0.0054931950878792995
17.081359142744088,23.44525776663239,0.04116600463507087
9.231036541774362,8.469742019286192,0.02827152197942555
21.995375744616783,37.61531019013614,0.020699807814355275
13.711927232141033,24.0783797903382,0.019447619313873746
33.47755058200527,54.82397095374089,0.05143234826249937
1.1773813702796225,2.2753546651095653,0.004509024254338958
138.09268247448256,303.5697898347098,0.24188887074408058
7.277704954041245,6.332340395860678,0.01275348793956816
4.662373142960868,7.260467895862987,0.010025180663877737
112.23419714978012,236.61280192607148,0.3315862371511867
6.87010315275773,7.9854120259036545,0.009807511271259405
105.34329285381924,229.47734860950027,0.071499442890395
67.22505657356842,94.05970635452371,0.10093587983487702
54.726517982555826,73.59565681197407,0.10470345856073816
12.109800580138437,23.11411053403363,0.01641318175554724
17.880474419503866,18.82063962446318,0.03211127831975265
40.96508795446996,82.85471218663811,0.07775223033496796
138.72095026672724,281.6610700088373,0.4116227717300427
5.2719965553629775,5.475327808140802,0.013065872558732226
36.46809035501815,40.4992946995231,0.04821631843113162
50.685778284384355,66.95835066178194,0.08940152277938283
15.773801792093492,27.75873458411602,0.04129993179611005
61.2791769910729,109.9619278874757,0.0824658479924784
6.845776832087535,9.479697653525557,0.026602450741000375
5.405554797955334,8.793972997310966,0.016932560213663222
1.7743723166166752,7.642521252985063,0.0035341729884804723
77.45902507592619,124.5123402037278,0.17690851204311278
37.472652013140376,50.31352207174134,0.05820082478799193
3.619165801794354,10.54616415709029,0.006483811934719751
131.42407531966572,332.76343073957037,0.44180509456890077
8.300072491601876,19.397921492938487,0.010556427466720515
116.1581785496835,189.37861801550866,0.1736243469082767
159.58258022648565,325.19807369165795,0.26541412865298
115.74687070890785,185.34800367441935,0.26732499023905104
75.96745425777003,101.86740618955184,0.10454482919055616
0.5960330336289678,1.517075022461529,0.0020104080708850925
34.1205417669803,36.36152932517614,0.05940154512041706
243.18127045264333,380.26516740617217,0.37283425293822414
7.553981012870502,6.840774269505517,0.013372542567902688
0.9325532832946282,3.823828481933819,0.0026443924355384557
71.6029181444654,179.09113357868836,0.12158683590319681
0.48108170514083304,1.052550217883155,0.0021395877150964305
3.99556601734296,2.7583164841489336,0.005667366244481845
73.00873619990186,127.57071255791311,0.08473239796841245
30.207241686323552,33.59328724566634,0.037705414678998274
6.068982412733865,8.99632394829408,0.014237469728862456
218.82064275088527,409.9700005523617,0.30720505253427094
35.538863484764775,58.874378342729585,0.09230873239951234
46.08207063836556,85.25816814406008,0.11511265776391462
20.090598179941583,18.72226211416026,0.03909046544685742
31.826057218402564,42.82901745065116,0.08221522968890656
26.263537225814,46.63412514672785,0.05369338692575726
37.343326662107984,62.81889995947602,0.06495281931086563
105.27408285965141,156.31081235513201,0.2241417834492794
18.169585223536632,30.021736873569086,0.019584712208047243
5.2555513699914345,10.600482988403716,0.008400968214854799
14.903998725881888,22.87480609297233,0.024978121636056783
0.99536516487315,1.6164538548702134,0.0029773579501351593
54.88525824532562,103.12535666102086,0.11701523080750417
207.28532001010663,361.20892988912357,0.27290280760931374
20.812365203499446,20.668305655218727,0.02258520361580012
0.7542494049224395,1.6741656703932388,0.002235739045777718
71.62358652469429,75.41084526902665,0.15364400020031035
50.51631008718588,53.237004794939224,0.077865810048007
22.036994095558498,31.043497614399037,0.04275148402807648
70.26851759090054,115.69176651014013,0.13228771907719436
48.55990830323955,77.63338867319473,0.06107446738449368
161.3975215781202,290.46406306675055,0.2831218447296252
138.21258206726733,241.66821810459962,0.452312799038341
41.63951556211353,59.0132917202396,0.07696236095804916
485.2329190721572,822.4517750484717,0.5676559913332901
228.25233741325468,409.54470527063256,0.35608803501760344
64.29823965876666,82.85309518208551,0.15264034646154834
1.5167626000404082,1.7655692528841027,0.004098818013272957
27.900637936121836,31.885120606866547,0.04835085641162204
10.96345993249629,15.251612112369289,0.030496426008617575
104.1124288193192,96.70403720919678,0.1647945472766186
27.798227949171256,21.36463314469836,0.03260588643116558
33.77151750075126,35.93081764996244,0.07648127326776612
46.778869728364946,220.67785871512,0.09958516040142916
14.906064613428223,13.050871017976467,0.050900272355853836
50.659218342300775,103.71838737752836,0.1170543494439388
3.7587984388201416,10.23176395895175,0.015115237267135012
75.99536370980245,161.2710282292873,0.08612892074784229
123.99185626287613,237.6851376034827,0.19938153255054805
106.3010676679376,154.68071572395286,0.23843959906389744
108.2158359456429,175.00363246635408,0.2790766970430266
96.23835149109242,138.0426348807091,0.15289473698908687
85.18142782483785,249.8081188916479,0.22632830255752479
94.89142783356215,225.03016065382812,0.18494180917351208
70.51093642967218,306.6182048276075,0.1455156268048466
383.8641227001454,695.8866926888727,0.7177872221662283
29.61222239114293,59.68369495324781,0.05465093149211745
10.363445258575194,12.7011742783763,0.023358980752619652
143.71205410149142,220.98569595502033,0.3398932156933194
1.960659237957061,2.561147266632062,0.005806982093108375
1.3151180446715172,3.2037683908714514,0.007409444643115207
4.600155617853375,8.974640741200123,0.011693535975111032
12.95215430026805,21.030206667721714,0.025481700060266198
91.64829638717559,148.46641939362274,0.20045017808457535
49.63008471051513,87.20372871929392,0.15474633653804196
189.2668952824347,333.18137391509134,0.2664658150465032
150.64137814760224,253.24251043163167,0.2064662847612215
4.773545265700888,9.474693136791476,0.011358516768236479
38.43838854215478,37.06757767238843,0.06473808455632994
5.178030243065216,7.6418043161047065,0.0034598526512594143
4.170418953509855,6.719475687941972,0.01315689564738778
17.509393201085988,14.845067355528698,0.02898499479697773
12.810509476070523,11.953484523432408,0.02540099714992192
8.366061415759786,7.903952142460491,0.016229448767230894
171.18171975745972,389.91568705050173,0.35048408852172985
129.78997465574403,241.60916984798533,0.4848669092948648
1.5234095341091107,1.4078756574389966,0.003743121924666733
15.716911537453534,27.03203810470919,0.027042509453421137
33.62492867053903,40.54343783272254,0.09599553798589024
8.382303521805921,10.9227599370119,0.012779844943581585
21.180310451917457,28.963902146292163,0.0622808961497391
137.7140510284197,202.88352149344814,0.2429152710891396
183.01280171187187,325.75687230747076,0.5136357839115367
9.65760032907028,10.960332167341104,0.022549434798212253
6.089195653837256,7.078783365096552,0.018869422669614357
26.986393298379333,41.31856904285504,0.10320792981525123
21.61982882320293,30.75946083419766,0.06445469970923755
5.183728743993027,6.198745877293652,0.013373232895957593
1.1134745276876705,1.6767554716316366,0.002665203689967208
8.997797677243145,14.694433119828048,0.01616747917357911
1.105103519048675,1.0467044135859644,0.008911878685043145
9.45789424612321,16.4737237650146,0.016951359788221775
15.733471849824337,33.67474270910997,0.03628348607753406
5.573953744416307,9.093783298808768,0.017268761983878465
2.832830308275843,2.7274565077631396,0.010334864593133113
5.990982553746001,12.366938199640897,0.013061722413854806
3.3065514764817507,3.145496241433679,0.009164685218422569
0.6808960975288737,2.920304493836875,0.002031005943998475
4.780141117965314,6.277174710617945,0.00939905142566005
58.73485778045781,103.91132952145061,0.15543532036416818
18.4555670060317,16.979438803504145,0.029331994419759835
124.66995794936324,298.5455093149265,0.27421915401951874
20.29518687024399,27.547231890335993,0.06386426704404655
16.942816457645055,30.0371016598283,0.06312356149496644
40.33188065287832,24.61015305772388,0.04458536112034845
7.2981564908101335,8.263775721766955,0.02279838585715506
57.491259271294886,120.07227572111567,0.09712553619711624
1.2516075019597568,2.15600426067562,0.004783089316027937
59.805374976793985,142.3060626591339,0.09817508963761744
6.291877036663801,11.451730667206297,0.010004614672648269
12.228974469594414,21.101223698534486,0.0328646238032234
10.888715608237199,20.49350160501909,0.024018927661496256
107.03427779597973,166.15539050961124,0.2189364845068857
9.232061859431717,8.79401189210498,0.026873537074588595
24.520309932236955,72.13192718634261,0.07788985455524036
55.278831139563756,77.76906883897269,0.06590098497708957
212.17079445427117,587.3890347235644,0.6903698119501142
293.12017628372774,522.0356473911166,0.470021024826677
61.570916207613486,149.8906203313895,0.09387461747799443
5.435760450250335,8.056108594569059,0.01139563326154767
11.97292882049306,25.85433744298303,0.027156885099704858
195.17690835266225,371.20138225713316,0.35311344386219806
2.124306054845277,1.878694615567713,0.006501908527430974
253.45535806824398,718.141646851024,0.5463728457392845
1.510798065106102,4.441041787467949,0.0035251911006149318
59.568256635498024,141.57385490381895,0.18259913142506215
80.46206799785276,129.7424108652654,0.3446339008670327
26.84011685888027,28.79827608013119,0.05966071326064199
0.9554623208007276,1.4245995515619585,0.0020754428016684736
82.46477942526447,162.10697316209985,0.1643832790637932
45.809339642857836,58.97035860492472,0.12892683199017319
157.0751523211836,340.83400584655396,0.301368071675516
61.72443433328725,132.1269975659863,0.20530550570113512
1.034387426916808,4.5601259537323156,0.003634992186602008
35.9454703081415,84.0179767094467,0.04958375238567479
18.73859876196018,27.091645489894297,0.05113254576368238
16.984167045908723,20.491904996362265,0.040513010116518464
111.6201464868552,235.78332109460146,0.24579320307734415
6.871494738099754,12.542427635924966,0.013014240231563898
38.84146174286738,47.672530858641416,0.07241033558607994
0.9718945780999536,2.7020027958451527,0.004043192704363365
628.2282352129579,564.9716122979924,0.5908420529574193
161.22949376601537,283.02480683503524,0.2653938768964856
3.6830735428820147,6.9442922260376125,0.0112268577738993
7.894893586475673,14.643799243370685,0.013411726531806447
12.536726650297018,22.93437733673047,0.01852980242805091
48.19343431619906,119.64122546124112,0.1245312812878884
3.5016497805874263,8.435328280842507,0.00388853964675708
7.020431208719244,12.001425425211433,0.024366551670555774
12.071338457765147,15.490143870700688,0.024036544013981663
0.5342378484445451,0.7128852037332206,0.0031503926187208147
34.6456772837184,55.865615803413014,0.06387422306256424
108.22514816382301,212.41321156464645,0.20015213138713334
210.98038552535175,378.71707257427613,0.33847078284537385
10.295080103126137,9.625653074269483,0.014613593226216293
52.56748562230462,78.64158714475245,0.20690316934324454
38.199470644447324,51.914967385886925,0.08678780224455902
141.5698994475571,265.9970722138203,0.25027642780156467
92.34799497434393,119.44371197096066,0.16354243365263635
17.45759127294335,36.842777892886545,0.0182971449507863
42.53781729436793,102.3327652382948,0.08599748663049037
96.24457420520558,216.90706307987432,0.24767801069087253
1.3725626161368107,5.870775686635874,0.0067275122934810335
84.63831070365836,91.44540221582267,0.16547424173143363
21.41407092768825,19.83795637536917,0.01738320387405069
63.06389560724734,116.46358363358097,0.09919059835398975
143.106778886956,292.07577703888865,0.20836545578751367
7.068796894907563,10.79750139782322,0.012631438920979413
22.517612089232784,21.79375122408187,0.015794924930392282
82.31180944408725,149.27033466938053,0.1915667140178528
5.392757927953091,10.222553751128764,0.012074956707414977
1.1126290913719836,3.178962363979875,0.004454028334536489
2.4807837238618964,3.3948871308542263,0.005228096014700828
51.250021227094024,80.98393559930996,0.06773658283277431
1.8703075852350244,2.570280734612894,0.011268387958532713
38.62053378912327,38.78314698920638,0.07207570829554873
43.695812134996075,42.321153388373965,0.07961910675508269
33.50378268653097,78.03666885122767,0.04816697204640892
12.52538020751886,9.202599937256998,0.029552349558780187
474.49216066165695,680.6737813585767,0.5879766720462382
4.273213863742123,8.78527340280833,0.007816982000237767
4.246060975543022,8.449284655586595,0.006635319482335627
8.474405698861037,9.21468125620518,0.01942160423047181
265.81184770738327,377.9527810547605,0.5367131850036446
168.14593143246842,229.40659056277974,0.4579403783927336
95.43594567674991,189.7372213514609,0.22739529987382442
51.295591883295394,92.66943591346082,0.10783213418515304
35.51735456981265,77.71473959604108,0.08230777692690633
50.822089605449754,135.3356313434963,0.13245709489165886
5.501910425397667,7.460146794358127,0.016274767358857013
38.37939599947372,70.13693272329624,0.035587698808398203
25.511584144310344,61.75214227790747,0.05561355502296507
19.85681976627693,14.481007200781667,0.03876080534246777
87.50255103861194,89.40245916664843,0.17851672805873056
136.81943367486315,248.87274512897713,0.30067524347970176
1.2919382058866913,2.2462931722195725,0.003010847871887923
7.441515428649548,16.498954207291636,0.013187115962824401
191.79913332299458,453.34638719523247,0.3968869690066546
6.785051021426459,16.27546210350103,0.009456725803972735
15.479543719310318,25.800598151408746,0.015037745996889494
11.1286167148793,14.693795768711006,0.04395784416417701
58.40591529356817,126.30866915159895,0.08074317803532298
0.9567611184072023,1.5567907252346938,0.0028353002324225623
35.842574703728395,66.9095467680903,0.06618881737990104
141.38725730497558,310.3625856169012,0.2187685578693953
16.506291826626658,34.868445875301816,0.01433565846718943
111.23318220990764,272.84108310450506,0.3565121592954456
23.34306146266109,45.59581392908937,0.0670753869384397
93.32943785090683,133.65353137465948,0.21272611204183534
0.33810009592641355,0.7522376325138996,0.0018445627876190294
153.45123348584292,298.15156351941323,0.3284775728503397
7.679142896266555,15.777198078390944,0.014553253670634892
49.96170124933439,67.37696622251981,0.12164098879073866
11.387669983441173,9.758012578191959,0.016681712882768294
12.273936181443664,13.61490758968244,0.02801038096912384
2.276002449332239,3.397020308523379,0.003858433778167622
40.19416003130326,68.73618080545126,0.12634304130021246
28.64895797585874,47.93550757711862,0.05819932214906046
148.26111465249966,302.9898568335106,0.31980105560101624
1.2631379433507026,2.5550681385258662,0.007961428167371358
21.140904744709843,33.31401237599285,0.03822073956040728
22.423652817720615,19.932922963567357,0.051537071574473375
168.4975599043325,259.41019711454516,0.2649333902855436
2.0387099239693236,5.029505398043786,0.0027675028989773737
102.04718465651777,277.517920339365,0.24545897592556223
468.75468535404883,636.8049003949845,0.6389492325140951
113.48716280268324,154.65220592511284,0.26262627328421756
371.1594624160386,936.1560736982804,0.5246590192914953
42.64529495549259,73.3812403441992,0.06703757608145447
17.269836277641684,26.600911510508055,0.030436969105445515
1.8952847521020473,3.300649322529741,0.006093412980661742
3.1051983582373484,5.067962158390601,0.007450674966483812
93.69382059618746,189.31888006281014,0.22146396980847854
3.6495089762829207,4.256218622100709,0.01041663140749765
32.69113871129106,58.610619273079436,0.09313456675603375
125.70237874375617,214.71065294519136,0.20109581707789861
88.21492222211654,191.6566501857031,0.21315795238844332
84.75966160263414,200.18475415566314,0.13565227346738185
237.29166614017387,420.4280797735656,0.27189050774013873
26.107573995257372,47.66086684608405,0.04000543843618484
172.40451142014277,381.62211575588486,0.3486906081043081
67.15193064696793,142.59868385892952,0.16858507185249408
168.95390804355958,369.8322156117139,0.3304324487792918
14.693680226963206,24.552490157000154,0.03902323622284979
133.06290755205566,280.9424683560695,0.3422600027433631
3.9059181502492417,8.027410757111861,0.007089078332201473
7.551120775665351,16.83080775761922,0.018108024345977313
33.832770835718016,39.715926573569476,0.07104060578317677
4.709297209707104,12.052970121487435,0.008844887280302872
47.27753031955737,63.51376545117252,0.0980110924196069
137.78645176197605,330.88827612161714,0.3212766708209116
11.452481531531518,19.008043771017082,0.04371672296880636
169.0376310529748,312.73092406730484,0.6105698997264658
42.58087130821418,57.95282160021936,0.10872746465581593
12.767804486673858,18.42656775150929,0.015005310358109146
3.286167350114889,2.3397683827191997,0.007592652960362581
14.91302711493068,12.668226351335548,0.042275424033870454
6.09246712643335,10.486145314542243,0.016585035110702473
7.184191344571989,9.454444948720072,0.015215705212496874
12.26866687902484,20.373494016813094,0.03894551647700833
1.1422986967694346,1.4857562038125742,0.01962791818772415
176.80232301622013,375.61614785038853,0.29754230957134475
10.868775509285419,23.236221502191928,0.06081210531664221
4.923993033930334,7.424731646180741,0.011205628020423507
336.75451017332244,500.3219227915173,0.5224011043681762
120.02553584091307,245.59407700145925,0.2086009119239905
2.754442441694056,6.476336048515416,0.004404455779800781
42.743596719103515,84.74580582010213,0.07991154699127785
27.505459634035013,18.04575129640337,0.03422053957019922
34.92452021706974,26.73809481622912,0.06018930171059971
12.783887580855662,10.152371857423427,0.03139919177882999
1.5891340429857792,2.1866019071629523,0.007664013890107218
0.9664880814472487,3.0673066944513847,0.0033217476569257767
80.8513001571689,113.03942522290116,0.17987944743883058
8.355191188664632,6.719599964894074,0.00643976398010722
43.032028314395106,127.10845115930644,0.09094296236635263
6.0158955790022555,13.935519243537817,0.017235446540559092
37.04311207626462,45.494495729448666,0.08458956377027599
67.60254492009953,73.49747129325529,0.1590665717803289
168.1246447331855,306.1413974025127,0.2557977868616359
11.84242892102979,13.467748721723998,0.023695228104188858
12.320601324259542,17.34738961059978,0.03365270901153524
0.5254203578130209,1.3457931510017576,0.0028301437409213094
139.0594973313573,400.64368758205904,0.3511213300272984
1.9090674270312957,1.9889644955351546,0.003885151545724636
35.96513383298825,52.63550543713289,0.09179663653589555
169.98044700892777,420.00071912003585,0.48846864239610904
112.12130961670731,111.56862805024986,0.1945223368162825
15.977878183503307,24.865514585119964,0.03646300478918068
4.816731091854207,9.940046442718113,0.010207324283763137
4.219086757721619,6.421616542461553,0.013217068828862697
15.770995036312316,37.78686460856194,0.0203566213310925
146.27162874671185,253.85959433886842,0.3924655463594882
20.732809195566812,24.365627028340974,0.04984215991811656
8.84995349851156,7.994912169994151,0.024897697728985663
28.905489687449137,42.09438668071797,0.07751115386359061
112.10031336697695,239.53392378987573,0.1329209302309818
7.845191257602167,8.917851122307633,0.014921645708745296
35.488675101515184,61.76738241342528,0.04981828875721183
1.2300112194378547,1.3462794985419348,0.003607753699404533
32.565201776553124,65.53254952788606,0.05144158937546765
7.900740942749864,14.360625381050648,0.014857423504214711
27.286276771382035,29.970644396195635,0.06460067947148945
108.57559631748556,191.99935815689787,0.19183325007706728
3.9681143068871285,8.570528436122334,0.007583002559352548
0.7201602583963718,1.2595985121876339,0.0023591743400882717
88.53969972763893,156.68764956042173,0.17512217901097105
188.2386142581216,359.8077500266937,0.4555303191771713
52.608862798191055,77.02161512158297,0.07786309558432082
7.5669529907026085,12.90740636806755,0.017307032043447357
47.402434555903916,125.43930830142406,0.1422741248480721
7.031881067326584,10.118268737368481,0.02223565191818732
9.733929746358282,15.411057066953873,0.0166916567912866
11.427472485664268,18.30527356468297,0.0117058522231068
0.5713569257781445,1.3594222735266035,0.003174369076481666
0.7762574630300991,2.5107266633916803,0.004050193408505244
64.31399888324057,81.64325072226856,0.1701056660750664
77.3180196262595,153.17375378842073,0.13168361121733138
59.67006059759439,131.27098617159044,0.12926886278441926
20.701772687590058,25.133336323253687,0.014070346203597872
20.229528225991263,29.535263971826748,0.041533666811875085
102.91004664296801,99.70840346646018,0.1529057535644309
149.7989272157271,330.5901572854269,0.299224915267207
6.189675066277692,8.855499453195435,0.009344226827481714
20.16509489302347,36.67961743814567,0.05998170265542221
44.671851591480966,48.23956873122345,0.06242418420119744
9.15381481191495,17.52539197638829,0.01920711820853007
28.922821326044676,69.9005193228324,0.07245242424929066
8.034165382569665,14.88590632656524,0.017631175759344104
34.74364539271167,27.273823329849925,0.0844648818574032
3.6299289328977364,5.850926357107019,0.00780048210346492
75.94864908258624,172.3124194767021,0.1962950985628829
24.128001278639122,42.08311300726252,0.041696285370382495
167.8616696545874,429.63346725245356,0.4554630667712564
36.41081115704051,62.42724777605825,0.09075434761756024
102.40236690377607,256.2785741395222,0.124058268261679
158.58402856064103,296.17531647636304,0.34985797588771034
12.522155080602154,11.07846117565709,0.03452946825729672
4.5110312649780795,3.5786843923255276,0.012068965804787427
31.676101042237608,51.80080779432977,0.056796815390940156
127.24743763917432,282.5806845658183,0.25301042866256906
145.61787288219367,305.05546584784304,0.2792115723696939
18.813124484512073,37.297530841006534,0.06214723887041917
60.629489534173864,128.05973420790778,0.079417701185301
48.570662032960776,101.96011410624094,0.06792178626550475
10.288902418584822,12.80466861308655,0.01231112071746575
141.85214463202536,262.5304035686554,0.3916254833039191
25.260175602205724,39.14772999161005,0.0853518082662234
0.9270429391547177,2.2196695141608065,0.0018021212651772207
32.146775177218764,63.43548446444983,0.056998397327250074
717.8633245203397,1929.1741783404,0.7606390393014486
42.35015434800737,71.3115540402835,0.07140056867099762
3.8423325679519116,8.171444733236559,0.012750516826386839
87.1404419987388,128.53751763389508,0.14577527019964048
168.97259066476303,320.4281187665349,0.2473093230515266
31.136649268795054,79.97760445526129,0.08336821903959953
502.13694529333964,552.9485212363558,0.45839107208643526
1.8746248799787144,3.3266505204616013,0.003513429070516417
127.28371317436552,292.3974112315405,0.2068901037453747
2.4591447893442044,5.078553625825692,0.016607391123016187
172.60451139562392,305.4425930858558,0.32672735414501747
2.3991424678440136,3.0485535930605514,0.008256926433149915
187.12124413472637,391.80632974626326,0.35519931517356523
3.865280310894843,13.000590908257424,0.011367085118431153
9.31993524911004,17.899107507727408,0.027306535558974564
48.094869020538844,46.41465200276515,0.0873592563048703
276.90470405601576,471.3142490673389,0.39943351221115797
108.17225280465735,268.3104728615728,0.256980642486548
19.392490327326666,42.80505936957722,0.05106517526846669
19.60279871789216,43.9571474928132,0.025558493806499653
190.65160498025585,315.6768047143154,0.3360090399333142
118.81754442617508,214.1753865895637,0.3001888711130576
37.569075434175815,48.95874896445575,0.08685601108561739
52.40862419852374,111.5160501676596,0.09453183842855635
59.22041997410405,180.9965696340519,0.11201531141642544
126.7076740778242,210.76982264480452,0.26082469361714594
6.210380883542134,12.995774688276265,0.013928995961085345
37.78013585735806,46.51479293261966,0.10001501037906652
18.509316804673215,29.101680794063963,0.05350305814675883
36.61577218843765,58.57421452301443,0.0678447771815566
9.412457945196111,18.866728850865766,0.017063676821115346
19.721437303550708,15.212467000565724,0.04150248631703286
74.98766542916766,162.61076272288406,0.12095986109243514
7.894316789692038,12.463627383115215,0.011522750451431363
5.107995849696717,13.966317988005754,0.010440300322387729
51.43539981831615,82.51319601481885,0.13629908134146168
109.48066938056866,161.07944471759265,0.26405655368442377
37.319358014930515,39.33432748070905,0.0359201905333143
463.52853752656597,632.404127025814,0.6598963216548192
22.68536352541028,39.213937894788494,0.04925524100431373
314.3900163190046,390.4324606347126,0.5730619730362173
80.2618167456984,157.9836546582418,0.1898872454828385
150.30033963190195,250.32618959411087,0.3776902746257774
24.819392895433314,36.5389026467501,0.056525745937834486
19.97780600911996,47.05127940566178,0.06531519054902685
66.63389720825755,83.51015521524987,0.10808680491210912
248.86098968142127,612.152187822784,0.5311226196922264
57.079064093836614,83.67943574815337,0.15425063840747752
116.66383648157355,309.4035307727068,0.307628838828788
43.230267700415936,63.97338727332316,0.09832659029974788
90.59852029465789,155.01320446940574,0.22585016234497096
0.4915261311120448,1.1052500445528548,0.002574981270065256
41.32114158941191,98.75357342154874,0.0807449162160739
26.260804943342837,36.594142877319634,0.07811630705526058
5.390256100957061,13.665861304158938,0.012982594366679959
17.861016865506553,23.103332249573057,0.04902335571292976
148.61735415944716,314.3886510322518,0.2395147044460293
9.529074913025708,17.078406965634084,0.027108046582316834
1.9310546247691036,3.5576789256093457,0.006491870564059075
1.487019655428321,2.26720835052378,0.006790188931339094
141.24242588740876,359.647665468663,0.29967005297249927
18.216452807419223,27.488076829455526,0.012606256279811047
15.575963193138191,23.98196523370376,0.03840673483918324
112.56440203356901,253.1025538470289,0.34126929055044775
20.89240286713384,40.69895895324261,0.048316141350402055
114.03796671513277,260.12423854124324,0.2264490815426449
66.68579574761596,110.15349780581079,0.12069740037491618
5.569273604522233,9.466505919536049,0.012322138551996558
116.46746719662433,190.63530743534005,0.2610218889278138
90.39012131636507,180.0902982676277,0.10925253732398364
240.96743649751554,462.7734659197921,0.34861252280524246
100.84269404518975,278.2690538540926,0.17247842295447802
11.798423032128623,18.68460127787915,0.016149521765051918
3.3254730364431873,3.690523364936766,0.007865990808844548
28.276655996153153,48.26599973467706,0.10576828961333333
6.940386586251602,8.394032002400134,0.013018161746378366
222.25032945706826,573.5836449673856,0.355768260218189
12.974839312704075,23.69093601585361,0.012868436818116427
27.62687581527661,39.04151912356694,0.043152099696174326
39.842115612480946,79.51698950448848,0.06699390468922965
45.10691903760382,38.58708650733276,0.07384899030474734
11.719474093859267,12.834699463178962,0.025863493781336136
81.84600365399181,92.2183918951546,0.16491221783025123
44.73241409352949,60.31402541190876,0.06245250698388015
1.5061464319397633,1.9128554866660967,0.00373717638490432
91.03271916378307,86.54756895553906,0.15203154549539602
5.486339449598548,7.163347494057182,0.005231486335596268
3.6560710253575013,7.189940369936339,0.006930203744416477
5.543920028880574,6.384300283165837,0.012008961211508686
0.8051784231091852,1.7910057591355744,0.002844704059065545
9.293405966622945,22.512413588841568,0.010354151261464085
88.24459802998172,217.96842834869327,0.2575480400063237
100.02281091628247,60.302009260798805,0.2859792274335883
218.48168198594976,606.3698763599212,0.5925943082252844
121.5397421411613,181.5289240670792,0.26821492592056534
115.64564834019285,330.1090613186575,0.16169029751348232
18.93779011750335,31.48086886964559,0.06104464728043887
4.202225405613084,6.665410444163056,0.00879547933112523
9.59687099574334,13.705005274423188,0.03311701799841815
5.750795879331511,4.7057163683418395,0.00941137040536598
159.75402234342906,322.59135771454925,0.26852084732432396
43.37552142245159,132.5384652073719,0.09579408673852845
154.9456810059513,267.5330529588028,0.26940166822345885
240.0442959404016,433.56975716075834,0.7257802105326372
12.969431772860696,13.317839583290917,0.03910134775455637
129.55819505245393,160.5849044105536,0.23138776918554638
36.11874855099726,62.29336712011521,0.0779360257181728
15.571253070527817,37.94881307546687,0.01721170196839817
99.52133517784496,195.31912940168473,0.24854713209578233
42.5022679402557,80.44438606121308,0.13763728161345348
6.003809734264446,7.103874078895852,0.007501610629377938
60.611753558352724,53.67924591245093,0.1121955977319468
160.85507299070565,248.84000639780612,0.5051071055325626
27.31935279291405,51.58525134701095,0.08068950389256029
78.9616851331488,139.5718627976359,0.09870423913433911
97.78041468275697,268.9315647021168,0.2799118508316796
7.855767871424901,8.569170720665495,0.008765739107385644
72.7115715289757,193.30633230352205,0.20159155808698606
9.412648333054412,15.955574901309372,0.014815289632536224
16.851284219918842,27.57289628887302,0.040286598421624235
61.3705511780559,64.8301976814706,0.1311395899826075
191.5040119235586,380.9890555314469,0.3594286203015713
49.69571249504875,121.91559885669939,0.0812893290381719
352.8347177734631,659.5066290139861,0.43701404776325353
0.7403032483275659,1.6540966072672485,0.005722096914763005
34.02009110946791,37.3179145747194,0.08486963452782274
122.1014448366665,256.3746313207806,0.25895832825946374
197.88143953398696,502.76000254824197,0.4102442442081865
103.66931439896761,245.08265028073228,0.20992925116846947
28.16410116403783,38.159457800115995,0.07157179507367621
118.54286925413766,230.86050341662008,0.319735044003622
22.97009614878224,34.35366231197417,0.03531287065515206
24.28458701583929,27.013484200582756,0.03564482458034086
41.8629315729894,31.911506133485172,0.1337970250741006
17.942037666608904,37.108466099162115,0.06228866571709623
66.52604514113787,110.15269861521257,0.24436639794698956
133.5550099812112,311.01499937592587,0.21477745375737725
8.949430825521297,16.46180073455953,0.056402707728865624
15.143619366133379,21.38889652645877,0.03035868696459254
5.782117684025569,10.27660785741775,0.014629550811285419
0.6473743698460768,1.3830458761143887,0.0024731658953031565
19.9542191402867,17.28406679800517,0.04696364735546652
7.712330510578417,6.915516598520205,0.010460960094311043
41.85402616578577,43.386279272612896,0.1272486068817163
2.419913845291992,3.1476353836004307,0.005862924233303321
9.36177444632722,18.185910954410236,0.019803453588566857
165.0153390236496,295.4926954181074,0.24890783604814756
200.6195033237026,392.50097020670944,0.389945818654819
118.15494894485671,200.67535232620665,0.25894073288187924
9.939285361642588,13.182587912631552,0.0171384069721938
46.50065129386018,96.45462619762606,0.08212952623739612
140.4988339684094,247.51586660716316,0.37798291642234844
4.352438325304069,9.222039525967963,0.012304645905376773
38.05797666717871,37.756457715965574,0.04194992781357904
1.6715391316546837,4.295854698986464,0.005128596304435446
46.50045987575697,48.586130900894034,0.11188042366122498
0.3357291548221963,0.3329835263108577,0.0032703355715314342
94.23094168789956,183.9321343730043,0.17915670891053526
9.202072187919704,11.662102453556535,0.02197629722643838
6.887360219011451,12.014868116838015,0.016426067829935775
6.106287508260981,10.56438283250041,0.0235814479324297
86.58516486282727,167.65491287399732,0.19411094509139146
71.51481332438539,68.46406878848585,0.06268633627260338
16.83214769176137,13.5324494882244,0.01263831252435659
20.199052022503437,17.089488737371518,0.06482090744107029
76.49358719854962,159.9088583662398,0.16356428841826146
5.507911007383536,5.598975674736516,0.007794141115982254
42.71175018536176,97.10105258802034,0.07369776980589746
8.963055058588818,12.968197112407234,0.01909339603654786
3.4450499962443595,7.03591965646921,0.0142061004292997
11.958552963894498,11.021136739850926,0.028463513675777402
0.9340271472685829,0.796053626152207,0.0019497134964207672
2.8472755254914794,2.7646745983372556,0.00709983926754542
3.2337750776058876,7.610444938060944,0.006519097099969395
98.14199793022502,209.55096258452213,0.22164028963905374
1.312869917917138,2.5077840600766987,0.003935027047137916
9.657930658887487,16.697686368778733,0.02640317954724207
6.319173800936215,11.743465889842941,0.012555128658345488
150.02300332941815,283.7041918686373,0.30218427904602185
164.2778093577274,390.8906976808177,0.2773218894314593
133.8452849776895,351.9785015216022,0.3318282650514837
40.24315715478587,39.7207958787898,0.12726332929308046
94.09148582383419,108.02212616276903,0.14791976866779222
110.72537850637357,141.66766289634572,0.32992382906142514
75.2249722757645,99.43571310405866,0.18271827434729243
2.0923232310615205,5.955628902564064,0.003929859224763075
4.16295161009081,5.593572652961389,0.009906967630868858
2.5635313028940003,4.869599977907825,0.007084757323374468
1.9321936016432137,1.6294747358977337,0.005695436150413658
19.75146002466693,25.08339777404878,0.04181628755750522
127.96574375176012,251.50641776882753,0.20633706028442098
0.24779293702957214,0.4239336205153379,0.002214725198317674
89.14131740972914,186.612085579126,0.240449010482786
121.82452130603008,227.62112456105746,0.34857675045330444
132.69342495520073,239.02310471212851,0.16347317737493036
97.7153459564323,135.12233338537982,0.10023901885333733
14.01168920025448,29.195842930191283,0.03733621313753309
179.3177297608384,235.1672774272311,0.2403596486602215
60.91363861532037,64.08050357209662,0.07603170549382562
113.73514486689123,172.3900625094188,0.27059442817362905
7.607824448107801,7.848341284714451,0.0138231121206971
10.122147727265471,9.20893804543353,0.02828438492622265
39.55262028907154,40.76421070275598,0.0854645879404963
16.937811401862117,27.339394347923164,0.047108359220831196
776.8852783836161,1386.177583536755,0.8428459141194413
30.64063201362814,28.87403273282659,0.09056976833501157
39.72068426054037,71.88831111599264,0.052146662329572206
2.4080037698387597,6.101460121402202,0.005345663834490023
34.849732511610796,51.141968552851225,0.04173438426020477
70.80463077213183,164.29061669448427,0.17057303980493035
35.52656603349487,74.79296731264012,0.09024955341024385
182.32792578359155,221.75944389657278,0.20182849947112436
86.3347640796141,187.90699385515575,0.1198882641406584
62.95295292949853,114.99989151813294,0.12463122092862258
220.76036013089907,340.0827998806155,0.2743588590815991
128.94664721732923,285.7899948992849,0.2983657861831714
68.54193850324354,143.461181908619,0.1739570516427013
246.39543695133227,566.0955134179927,0.4339920777200607
16.377677430177894,12.4626042278392,0.026974936032879406
82.16013188565215,94.62459480491479,0.110488476349587
66.32500026525592,158.89120495723594,0.1223640887228165
20.919023461500945,29.890147909508705,0.03694670949387754
98.8587082554037,148.58678388745963,0.23717188312529924
26.371959835771044,35.14270746232538,0.05868405727108419
132.13524689426103,202.5785902501399,0.289593161164064
74.04939004717492,145.55162565916686,0.13062403389722216
0.7957072576254136,1.0283705563248644,0.002772700258007383
9.447012593388653,17.90962155424137,0.0077750109473652415
6.1391630849738625,25.68340940691071,0.021304327497027986
47.62816031053951,49.90404128897309,0.09799705730153306
23.25165915371533,26.481614924638077,0.04073979035662725
9.77711930070093,13.461219804978567,0.02842244736820411
153.67474500421588,325.24675349598385,0.3796136923419395
101.12478742034914,171.53009183831725,0.09272445297382552
7.597433477225038,7.721673496014617,0.029353600274313253
15.432895717233983,19.030170887248318,0.02062464162708221
40.02310072977883,93.89843169959045,0.07124534880349656
57.342673555305915,94.91465405334766,0.13965121337953768
54.96179510402491,90.75845559618531,0.11816576531253857
54.7566415849973,63.076503110211014,0.10563969945423678
5.707849571935968,13.064037400562569,0.014652025719170224
0.3416288007162637,0.25750342967619033,0.002940280752659197
199.10739365722569,338.6875008252962,0.37135592138993434
52.817493275944706,81.5193827659115,0.16535780706365819
70.75109021489217,66.96356168271205,0.10896717841353047
221.30155678506455,438.1043403207853,0.39275890118029555
143.89868581428968,188.05598219300458,0.1662674343993353
40.47662027004281,91.78002803354708,0.05703997496017343
3.007623004244848,8.633658036154303,0.009815186384539659
67.86274059839417,136.6505731428405,0.190053241611116
168.604685287434,269.5792156979058,0.45000114502969296
21.033633151347196,34.533553208159645,0.05443083320479449
30.921214832766353,40.57764493416001,0.04978956684532229
30.711727813532814,36.50527400458427,0.09821317571401818
285.377160172459,502.2157541071766,0.3891977235919392
1.2466893190192716,2.2396899323613164,0.0036494931455270264
159.14104804982378,321.6686249320027,0.26851270876051947
176.13474171926617,297.5433708024245,0.46067593307726806
3.745653960301814,5.000694374845837,0.012027770129932868
27.579969202242168,22.417955996846846,0.03543658438870054
8.983536023928941,22.94374056840544,0.02734964221578075
27.90582890538917,37.44473499140378,0.028394343877841104
30.93232222324656,56.430570394917865,0.08607680644460752
20.321644468068865,37.154384708637394,0.03058048426988012
34.42995823294104,36.156383516057076,0.04432280328503656
138.7020313174638,321.5607743776349,0.22700260876799633
5.789078452286529,5.025196883017408,0.013064359223636737
1.1946985398313414,0.9761791292170994,0.0028201298602396675
93.38465016346963,223.1923975267292,0.2334534764073177
2.603392678146073,4.313242848895026,0.00984164760826976
89.69941436294954,83.25159483685393,0.13466516952864288
26.60853180405441,37.84231382551306,0.044624524879684796
92.5498649289499,134.80570987447513,0.21237387117857592
563.1038472440626,606.995256804734,0.5303441434786005
56.43381712290687,66.26795151375933,0.10614791420599591
18.584641161523695,20.89063892352897,0.023801867683867117
11.047343675449728,9.092472458554942,0.03777886740442161
93.3375276732654,156.81167575684643,0.2679130168076396
80.11648798527855,185.3428363482383,0.1687655866997803
581.8212041498098,1040.014815243307,0.7009657930560209
14.773689725356615,27.661714369555398,0.04548412064607898
51.28572793893965,132.34302821704992,0.08064040006135657
11.419303136240336,16.359251614879263,0.011596988565005845
80.6651474846704,198.24892321219443,0.1536997886329144
0.6440457335176909,1.512079583635853,0.002437198838620055
52.95020132210659,73.71624826713658,0.09238159737656347
30.177695186749837,36.90697631505727,0.04556889847720204
50.26418295907156,70.41967709678848,0.13383103661793433
38.20303011536357,70.4657030463843,0.13842584723236495
27.085021596929817,51.15867854176353,0.021808028569122204
0.7101911830252552,0.7010096092872599,0.007046410814989163
15.459049555193738,17.963969620354966,0.03877421097702132
1.2426431131642017,1.932237041008755,0.0024051298343425952
24.224830250510596,73.51377776400386,0.04910745035229846
15.572367269099216,32.53007822695314,0.026285068025684297
133.74776470472764,224.71324298042015,0.2545152209252568
44.4950292180798,58.625543627231636,0.10454348878816962
2.0104901907585133,3.0842723043645757,0.004801753638488895
17.772193645307645,13.268641262068417,0.03169384636215666
9.664374096252244,7.188993877678305,0.01897588891870834
7.572761598924039,13.500052938585485,0.013083855752152289
22.15978616003754,23.15503858227065,0.04726574709417827
8.349393079492527,9.30715659378319,0.010980417503584989
5.510480543844599,4.2627718260546645,0.006907439146651261
41.591882169377506,67.68605834674909,0.1023061655005154
4.2881286546566955,7.491356182055962,0.011241293046962161
10.869807593939768,21.104985046284327,0.03454692057420377
5.683595287867994,4.958923204040598,0.014956780843547776
76.45322454418374,118.86911725616275,0.19433480131310765
4.578115452885832,10.083417517479372,0.014456955534348006
48.083914661411946,105.68076080864861,0.08481207146428459
18.12898723811148,14.91147674375378,0.03986334399584678
25.397069452161553,32.49984163677829,0.04456650087276462
178.82244054729503,286.5936669463678,0.20276797323566195
39.886798897693566,82.82697916118357,0.08963755696113113
35.17125730836638,46.75024308914178,0.08687194801190257
81.62307200707798,138.89088185642012,0.18399257973730743
18.922377351856827,23.77235044622644,0.03303809703359889
0.9038328501058039,1.228749296579066,0.0034564100660793096
5.969951118172209,4.094216541369085,0.015650045231738772
5.406567230641528,8.920402963671195,0.0090332798898455
156.73467600888267,302.2760017158473,0.4212325083319639
1.6507971059994886,2.948101114207458,0.013835876621401233
118.47032829128247,133.14239341877175,0.19437477348688867
68.52541428360696,187.70001376951257,0.13435050323371409
13.03102075968413,30.000843954899597,0.018937838020020397
458.1557298038492,768.172768776861,0.6748700091987303
19.228497603068988,45.77439705379306,0.018525991424317143
73.73190195055824,78.54289123104051,0.08194199572334555
10.890607788162274,17.292112507113547,0.024193689479293186
4.5415128924454535,4.4194639756434535,0.02205204404921847
99.41956843276822,223.11349478627716,0.2175272333670605
10.290027125945903,25.633990814195833,0.024750895916812485
12.564688706354476,26.128632162517945,0.037689483256177464
36.63485243394048,55.38582743262071,0.10842117476082937
26.871016422141036,67.33878123021049,0.047012346779518474
9.417165690019859,14.076796160403836,0.013014975289410154
20.51833666013909,17.452135034644197,0.04107708149176087
152.78624536369833,328.9498491375312,0.44201635863691685
56.66583051005684,86.46061341861974,0.10412915937586614
26.739780646641638,34.156220656818284,0.04002306418962965
8.606546198801349,28.582873670904196,0.03204481993475932
10.644523936189582,20.761223334555414,0.029709939675344226
49.86876210628222,95.55521327990257,0.14972639318863437
12.98219563313709,28.36971415794965,0.012356394686615462
7.172479660237833,6.7982438875913465,0.010288181841831084
58.847895174382266,87.97349343858468,0.09927341727886177
45.23564237525169,125.97731149733893,0.10796364199982801
3.396523704872301,6.211854873460447,0.005619378152222528
49.17130856864375,74.61196835587276,0.12468211052139858
12.150534235659583,10.099566350332216,0.02620864109641964
97.24656720523267,188.7466897323634,0.16282910278063362
33.927257068397246,59.670039787614456,0.07375974894817347
80.83639873437882,112.9588735641143,0.15992527804462242
97.01862546116934,200.47773107941222,0.2578530101069086
19.533385291672513,30.216564181794546,0.03907338322496691
47.95614389904363,73.22602604887585,0.04808066158580249
25.699023985405713,23.75743715824683,0.04119688791325419
17.6511254958877,24.79382883562034,0.055630516554121205
150.65992399100358,312.23397559966924,0.3573808475150006
44.65030798503893,65.6947324239737,0.08527305304648106
19.13388051202738,22.521369403423805,0.03483314878375874
83.73552671415072,147.23932906088896,0.09542485542684839
20.745724554428715,41.40385963173197,0.02037608810241124
8.098021691055038,15.901876534224591,0.013363173719204436
3.526276688392861,6.433689250879007,0.011585519161885294
8.0293233061138,16.979760351330775,0.010560393797358769
135.16849236692647,312.9844424425053,0.18592597596419
50.411815150775155,67.39115899282112,0.1158887062909675
66.24553374513418,137.23926224124853,0.10467029856942203
28.859006222129786,51.09953111376628,0.0727214500891347
4.594122270696813,5.828955075796736,0.014272914567274647
94.91118991842701,212.992079487923,0.2508199181805489
15.706753110129815,35.237684550101896,0.014691671044970706
2.112557148717592,4.127130350000293,0.004222600419989001
29.102218760270826,50.38733844330315,0.08316606037012939
5.811891738365296,7.210337907556125,0.015316907265720311
0.6561041672808767,1.1630453162136256,0.002028350976012185
30.330753186799008,52.536619851350906,0.0610236106737809
1.171437128991449,1.2229945554471398,0.003972467385099945
95.45730927768193,208.09571527814407,0.21371555576210438
61.96106779522852,137.84340935142814,0.17141890221180028
25.23740969719474,55.46702413935434,0.056708277818456096
1.2242842324399188,3.2860314555850207,0.002912477113174832
172.8690112262776,273.36588226591124,0.3311349528859079
27.954161946297724,36.83599698864963,0.04437949909381925
66.46162066063765,160.07341239350308,0.1724254943490923
6.116237691903728,13.42231208483563,0.011404232181877071
27.886815315119726,58.547337231676366,0.036729943811624095
74.46189703035753,148.68241724301157,0.2300380692790284
30.561464306338603,46.49701901376669,0.0688766796562003
3.592031249374806,5.084225909090967,0.01006265290022411
38.57247830223009,55.385526834299014,0.06635201338211892
401.06367507244596,592.7051393382876,0.46671301956018313
6.366620473021873,6.777455803187421,0.009636561161111081
16.59931798905069,27.380865102097747,0.03239587253253239
19.602104598140958,39.027488643226405,0.04284220607332559
124.35259202230411,211.30023702768415,0.27666337866807417
9.849533593363448,8.45992992742435,0.0290196707157924
94.38616434802486,194.98660540734767,0.22754581656776598
76.68770510432215,330.78712321783934,0.148745041924321
8.547690048553896,12.59325784858987,0.018847435256036923
113.16409217708758,172.50118215827186,0.23079474049885215
100.24320705378406,127.90816937483415,0.18393287302641115
39.47986670166503,89.22770497173315,0.07481344556738637
143.5542391713307,168.2003224943855,0.2975852403110899
28.670553064323173,25.000613178515984,0.07490531915418787
3.217945609029114,7.339679788596048,0.008211011375772962
40.59644204701074,34.260007587488204,0.07862616187232478
415.27854497503415,502.50218979924335,0.5205352065078346
3.995421441644386,3.2760872678587765,0.01187723635164725
7.296894528828189,12.63504059103103,0.014217765905787747
36.743440197810486,66.62424539852809,0.09522448000104804
9.688880653218986,21.568220120164337,0.021365936234536646
200.20654894201374,372.00770800477363,0.2793699750480493
0.6389410049849343,0.6378475185574436,0.0020988745897709726
100.55585720056236,260.80451223299553,0.182677705696011
43.038877111733015,104.8355548848856,0.1746097670305115
206.75877540243377,427.72209212575353,0.3863754938930052
37.45804239019496,62.301264951320135,0.10383092750450587
34.30810348717927,36.07827998935438,0.05543617677100782
56.433264151883215,115.46699425155407,0.09693566018844149
60.07203874099508,96.44248474177296,0.18501965383003774
5.775680087921984,5.132789418531837,0.0070337106010952164
13.87076408461346,29.84274841015328,0.014436208749946186
1.8733755748950924,1.6647070769672032,0.002560216146199103
1.1468073015823808,4.382253669115714,0.002096858970187411
118.94888993423181,206.13675786958896,0.33564574015183796
518.9198215541307,984.458716128327,0.7344700424057103
11.0905154396228,9.018607339713176,0.013618253672241485
69.2838873921555,106.86557265197474,0.19243835151707978
9.220307356313327,19.62575834629322,0.01912492251617924
0.3295950706591586,0.6453155147984072,0.0031751550072621464
33.83832153343116,43.705492569547076,0.05219260326580914
5.388565020472177,6.227321930853551,0.012886175448315093
10.519388012732918,10.293913860355891,0.018045544158718264
77.08721143934127,139.94221847484283,0.21449018890959498
16.924270685749377,16.11209977064023,0.04210276722352133
3.2384795055481503,2.1813763920399682,0.007107989178337442
2.39614490026586,2.037810048468059,0.007517554245681586
18.73090788405239,22.191777030762555,0.037722627629305186
7.7641607116531715,10.385003789730975,0.02507420377891564
248.3516386674441,494.690058554354,0.478095363629013
50.999768795982014,192.4429221456038,0.11473411855664377
0.574434848829943,0.8228576334174048,0.0031207856365066283
25.60836286116703,51.131005789500115,0.047178534305108544
52.366723708174476,67.12537898306628,0.14972163291216883
1.1034013101583096,1.973934548960756,0.002863427334294606
16.096028087150685,16.657389137895173,0.02953614389267505
211.07539279958905,456.2848989068817,0.2989638404585897
0.7168131631063909,4.386958832775256,0.007987259029970028
4.8499104999084635,9.856986886645155,0.01228725998050736
2.8074752514243464,2.879265173141494,0.012148889659333131
31.52978727388494,39.47066330639443,0.04711998513651649
39.932211499527774,46.67901141927511,0.06651434563795756
80.33772019518725,164.94825796028556,0.12663588627999714
12.083126621454147,9.90526579620477,0.02543603769904867
29.983958655864623,29.936056802320174,0.07256473160008281
2.6988740923711902,10.203075929128126,0.005802424889985233
1.6872705493296227,1.6239080609791678,0.005811537879875619
98.80548029241822,180.73321027146636,0.20225247482429515
66.07193972004258,69.83151738135467,0.10364229885478762
148.6541067886532,254.97964279811734,0.20535523113229484
5.294355226502218,7.306983216846431,0.012661665294380531
4.30187095028196,9.485941772750195,0.0120674940161661
117.6877625323517,265.7953745820022,0.233809918400136
79.30433917585344,198.40798612994408,0.11864859668449335
20.518192218788432,37.14950355115119,0.06056717127496542
4.263434592761191,5.573580626036886,0.01749061643953419
27.089775784533654,33.1272328874045,0.05060686631260436
20.66940692107312,42.69674033416189,0.03215406795460765
25.852267949386757,27.342619702535764,0.04904768835905551
14.772421700638489,24.447496265834594,0.01951453465962572
1.6595586491510046,2.272239517575564,0.003313266746001962
48.39780558473463,56.655100256427104,0.021485145012149057
263.5493540595629,313.83513328422026,0.16106788965883106
29.807213126808087,47.68344889166517,0.08052810020546318
17.636364864998562,37.11845650749496,0.0435263842735941
53.9806868696694,115.77928111327573,0.09846431285596301
0.6848151752752869,2.882020093297999,0.00437049227624373
31.33002743163126,22.072200571092353,0.04209244074884848
29.29797805495864,59.20291120508707,0.10974916773829983
172.37973640613802,204.24040388530597,0.35432197391027326
142.1596994428122,207.39723314363732,0.2570881754374931
18.729564967022007,16.57596928165645,0.04224279221280317
201.81442818337052,552.9406997427969,0.40335383863886454
13.774718472893063,11.848757855643852,0.03899242534554173
28.12317428437761,53.202748242876,0.06594796790058244
6.749240369420144,9.027844447267556,0.012986013891008879
119.86649485464744,144.83311901920754,0.197841530039415
10.285153208805374,16.679438902971917,0.028214114651554392
6.361905566054015,7.892299169249589,0.013969382884733894
117.20821831387514,165.90917690173472,0.26378558438661637
494.5930196228308,643.7106780343233,0.6076730042304243
36.550571710365745,27.607822954586528,0.05927716852853665
99.32175514703987,141.06096259331335,0.140840193984417
5.922126406782222,11.491480814403715,0.01714056632931537
19.528462814171466,31.089266084498522,0.05900933542083283
19.072546934154037,27.19844730785586,0.033281901542860294
21.25964936079155,23.16964255213042,0.0382214314403798
13.894428354676574,10.296417181081704,0.028717647029664103
127.49082772894589,254.90498337858537,0.2022506445260864
10.026680312694214,13.976463330751086,0.0390091717910191
4.075799641744477,6.450124460011459,0.005399278890467997
41.29006129344283,40.617915655472885,0.08198292663835252
81.10494138005377,179.1425488891259,0.1758796796748715
12.080085108805825,19.061122836020804,0.03201628537759058
18.785807806871677,20.577431236841534,0.04299555179195079
325.2410011032438,604.0542618337228,0.4096922107577692
208.8965670179765,369.159759509175,0.6622052288663717
11.599028051977033,25.264412052086236,0.010938507663095896
2.6516306164975547,2.3439297278324243,0.008246454400545227
18.070323050331222,38.3078640526693,0.018900596128515794
10.86936399557225,9.262409797801622,0.015261544755238143
104.57555391857355,129.77736300303476,0.15535758992145787
14.032141055947346,32.67270432960634,0.045842013681791555
34.84137145946401,59.32531406204719,0.0909524635741809
27.777042859881682,62.68873313529067,0.044604579620619436
14.323521968005094,22.902001887550007,0.01589415376222736
43.39865822915402,40.91311070691205,0.09253295112357371
3.125631272763811,2.315813605048446,0.007964786366123053
11.58955867209216,18.069940123159775,0.04086594283670005
43.99297949788534,59.99933177168761,0.0669229124624888
51.86965977414378,82.32886306944128,0.10548308836184339
66.75845556730965,114.28664975080689,0.18037963365096363
62.16384313740446,131.65550205169487,0.11814284210169444
2.0535694462361884,2.9340759908186755,0.0037885749366281646
30.267549630500287,27.817206103258084,0.08178573666043026
83.09955362703273,140.92639496386832,0.1886656090230631
118.61811529423183,264.02728538752024,0.19670641123867935
2.231253315943047,3.993995701646405,0.004813398929369567
24.878292841190184,39.719341529452755,0.02745072141267113
277.3507768314424,426.200496647612,0.31038150777432105
280.58919208624405,481.0462447247822,0.7024773661409012
24.013991349887906,41.50882741038317,0.048046433694347974
12.194747362820264,19.412810753062885,0.03852074836090446
46.10669026942786,86.35988398496241,0.07113112294225038
44.4634097716233,124.00485907918946,0.13911235827276164
51.25473077004297,62.237108889119355,0.07251655503233984
15.43163118293811,24.981098864974715,0.01610135308048246
7.15777066540594,7.3610874118077065,0.010364336225385106
88.79191639904948,142.7444372560709,0.1348013022952614
9.365620100715576,11.67402265943603,0.031332621600433166
17.25759849653484,26.461326824974222,0.04182366420381248
64.96405100646567,114.28524359824428,0.15344959881747067
20.48017924672368,20.812656882994442,0.03861769202125988
35.943406874470796,95.45184623666896,0.052002737965414415
121.19413523868783,235.51034278492818,0.2858783025715669
2.2091781665562134,2.863636831659371,0.008472243903719558
69.42308813472042,126.6394780874979,0.09717150700175556
49.570444732395735,88.41268026747046,0.11339124814683874
4.08955235227745,6.105078425954951,0.010334913172526468
9.52791302519912,16.37724400959349,0.021107856136469396
72.38631401319304,145.63567526924234,0.16595066918098728
12.34899136877831,15.77430964714129,0.0339775856496136
217.92820188687077,412.9163993343269,0.3313702295699837
58.97560718062192,117.28615384087941,0.04004490741871143
5.04115040126086,7.331770721726982,0.011594638869718553
261.775949380897,522.7118596412768,0.4120975656848572
52.391356001810955,108.9404027065783,0.0910012661313906
5.300267233478313,5.656012524123417,0.013283923285192428
11.465516264447555,19.803923287892943,0.03505268834141385
41.18193148397753,92.12892719111119,0.08034481427930316
145.39568172002313,87.37131993161506,0.08442586644130717
46.458058737382814,95.40780762288753,0.22731755608562962
87.19559727153913,63.92786558242272,0.11847557588763097
26.169010979391587,60.96816882964443,0.07447537922446665
8.452595002927897,13.190743836872327,0.0207634940940276
13.709141211195707,14.710999846465063,0.025859525953303812
14.531412632921654,26.907731920508933,0.023857205174617306
24.801526908474766,42.61965414013024,0.05764626041777428
102.89265200166875,101.49720124823573,0.16829169364357655
37.30140485692346,49.877876451708744,0.0795325251419905
23.498492379375342,36.499859058242684,0.044264708901549
1.1030315662103969,1.316309357196002,0.003782405817415412
4.054780953956597,8.453418878209002,0.012097669685618862
158.51185458906158,343.4482797810099,0.47270942234456076
21.906814751065845,31.17663248453655,0.049871861665418994
1.176309901945517,3.129808955123622,0.004010829243926944
3.463242844712338,4.81947984161402,0.012038137010147587
50.60743873706347,52.85469743183867,0.10898616562334838
1.1626732565046323,2.3224806029775786,0.0038954907233405187
15.736508643492593,23.615413340378193,0.0421676055350462
176.9979314019611,270.56426571698086,0.35338597251533954
2.410827899275293,2.0311451255927104,0.00649955834009355
1.8457219007272634,3.6170776811647687,0.004553328117558866
2.3382294789187252,3.444569713834892,0.008014088111969086
112.05918107866182,193.95785992258658,0.18426641130060034
3.9031345304753438,4.515216529334053,0.003481919958220185
18.58198955163755,25.67403871552354,0.016373625029673922
22.120959000803822,33.42038513419772,0.03849989993855732
50.25105164263918,59.07199206627488,0.08844250523134334
5.9769393308216765,12.61675865663823,0.009988200158014375
31.454835405226337,96.69424476370075,0.06006916240734543
7.318377103888643,11.355498168593995,0.010326334482467387
1.0413611000839185,2.620333997550605,0.0030663779042326336
25.413160683719695,45.311492544083265,0.05087571731936284
72.00571922306763,116.94450837004153,0.20933277165768338
188.76670334913914,356.27980113188363,0.3238101897456651
45.28127060450066,55.822244737257044,0.08674707533563965
74.2857874279088,98.59190226578085,0.15640096365630732
21.446952347903117,47.23306938455833,0.060975671408455306
39.22959648699677,52.71002317451837,0.05129687623786049
4.951665689977603,7.8466340849503915,0.010962258275820551
2.1894890631292148,5.263563962978327,0.006231920099205996
4.240430614061583,4.529861298032129,0.019877608332079605
71.7868232894405,108.99662349759686,0.10381440189488911
60.311811243584344,116.19458450388893,0.15656241125189166
4.3877016630107475,8.917061614899131,0.017594960636555534
38.14703669684169,47.87105060948194,0.07204267717306276
42.173174948296044,88.83017571864363,0.20214531656269172
4.25526593218182,7.22224942779139,0.01013184510052468
154.23549976567728,245.31159299433054,0.19350021472945844
0.782929482641444,2.0358481326947935,0.0034487376918475917
18.811937623468115,14.058990848991522,0.037623251201848555
99.63204466011054,239.67809656970954,0.3555556407342277
48.47688268951039,71.13387461604044,0.08628872469416692
16.550418314171402,16.86168758366906,0.06325746010272229
9.141402899200342,21.76441939301737,0.03186238910998853
0.5622222897459193,0.5505539691052932,0.0028083989021964735
85.10300498664601,208.30363146464225,0.19600421545012092
21.365060965335264,18.47120520081085,0.03327329017399101
1.9010473702821193,4.97878798000782,0.0032322182693980063
27.253447520387123,56.85463638752447,0.06328927260649907
56.314695212623434,124.32169853155555,0.14345466735209725
23.583708595372915,39.10919599176425,0.06720256011741484
3.5190821848077833,11.54221734370196,0.007701149900560546
0.4880448769682193,1.4855434992246308,0.0031380086845304227
25.162712787205738,16.92327621531602,0.046381066683518574
9.976064685729472,19.421141094343184,0.019690983891697295
1.0147232461083127,3.2908792307236867,0.0028451741247467128
26.03450665358501,20.86385043533667,0.046714092382868215
2.9805612554263514,5.866382164134207,0.014257130484727104
61.198839942629114,70.12144018694693,0.1083762988724168
19.664218053485374,43.189383387083616,0.029230608417903127
0.37567768405998175,0.5586904711562255,0.0024020654024683842
51.898932914351185,70.26564704428458,0.05546238378957534
44.49372917476815,62.12260327251174,0.09124152420326753
6.10916055773367,6.930460373785211,0.011959450976554906
14.443302194254178,27.1743135782094,0.02311349698239747
4.996381325768608,6.5620380415053505,0.015655930353047347
270.82959257908516,458.1034710161542,0.39481021722325915
46.401256636954294,89.03658205052312,0.07575614828692627
11.974095541571351,18.83687056348148,0.032011491902122234
7.591407994884165,17.750863768005512,0.00944618382356526
148.7997279549289,371.29569592429885,0.35654444452567957
92.67099360409608,158.12590607075947,0.1630927286605961
129.4216582877389,270.0732644936841,0.25660581154203005
6.132382351097324,5.74971999707347,0.011695321355229053
95.62260531677323,166.43822711354252,0.10985583386915705
197.51200485237052,376.80029236475735,0.35569677368384695
37.74104032025164,47.09456224935996,0.1277905799161045
1.926897951465614,2.903985402577661,0.003943599994105485
29.807783267524876,40.20214489728314,0.028987243767232558
6.2868631784328874,11.008841695424179,0.017953510485961468
88.15930644178918,155.73324208066495,0.0831224287986983
56.40410304106231,121.9296492133603,0.10007443887943218
33.617346707129215,34.22859932741591,0.06397988635508559
0.5861500850417735,1.6384332288317878,0.0016109475124999931
14.305439908475774,23.003946108976347,0.04894750114767822
29.61331308550304,53.33273218019383,0.04381224478679504
121.90172269132333,297.2425684386306,0.3548013340888415
4.508223316121821,4.661517589118262,0.008176994027531382
18.859729927896492,19.37955683041664,0.036747482962535806
25.475277345775293,40.12765914985552,0.06604426115408744
16.640897858429007,17.024501109514617,0.03630556403658734
19.21848358681052,18.53547473643494,0.043761474975082454
49.21982653422698,44.846406877031555,0.05693566867277681
36.646867910445614,26.126192119505458,0.06829546631787475
152.07661863162437,274.39700109493197,0.28488774757283014
78.76535689199976,117.71848664868287,0.2078753977905313
51.68096088342268,123.79212013651704,0.14260143096640193
27.375755067897376,78.8717046180053,0.10258017510830954
51.72000425282221,85.43450038467596,0.06701902081010498
20.48280507641513,15.08772264999966,0.06340273537297528
213.0096797127605,367.6944362414449,0.2712502777971546
6.123537666185317,15.510865837920884,0.01307635329295227
11.447623511737334,9.4346172797979,0.025362391604125394
23.63227934746799,30.12464611436647,0.08559728077445827
0.7238121035605928,2.7717539600287644,0.0021181266586154726
55.68510100153394,52.09265391192929,0.10900472078827646
33.79065921180322,69.16686199634844,0.11797286451455898
175.83401896720795,438.5754325363996,0.5526621584098321
59.946168755885054,65.41081545102205,0.08182323071127662
13.048552013682565,9.770779975746011,0.02509864191183848
11.781606449811358,26.742337570170125,0.014675354371058632
99.46555147673705,155.901249640882,0.19053761206184064
258.3777640413763,358.2896885853906,0.3672821288823597
4.620799020155624,8.114050767089806,0.025355770088565464
115.16897685484057,209.58229097959526,0.28842146520441087
2.337895244038491,2.8710941795193325,0.003935128887137417
6.7015400466490105,7.69980116704407,0.011213034015059492
17.809214012505148,14.908130104066098,0.04597981460975114
112.79813102275713,125.64302301651686,0.19167451036631586
7.199697565194386,7.52788473177407,0.019269366943312632
10.838650180855614,14.149358951856176,0.02748295537809457
10.008404778115393,15.732273950381506,0.016346760383282553
23.064923350071197,22.527238286154518,0.029000553936335053
17.094159941812816,13.893864990952942,0.03951991783742964
36.03744464644081,56.40070334703528,0.12819262659522845
12.824800642404735,11.955184052171678,0.0315069121119865
82.2069086923688,157.99396791654965,0.18183836119733057
26.26053906361997,72.22542775544686,0.08621366437513446
529.9784700033612,1024.602353623324,0.6342219491154063
56.00654577695271,81.46908384510476,0.15527850342618743
10.247245274945154,18.202679474194518,0.026911146186508483
69.9384251813213,131.37216340779017,0.09930056208476519
66.92334802439673,139.3044585673535,0.12785364996979162
71.3790112966085,182.69007934496065,0.09386171978174304
69.38387182488906,152.4183383141531,0.2259019970930635
38.36645163665338,68.59511764948483,0.06445178899909013
15.698803894564488,24.40992830716198,0.030064192868253424
31.135621021848674,37.8615837170781,0.0516333376189323
177.51287783138076,368.10284177165903,0.29789322938649176
1.458641142389914,1.0316604867565897,0.0026981601819064263
88.71595979635816,143.49147422594905,0.15589387643875596
78.87360158287534,178.81126461046009,0.13792258980009858
100.7313920927989,128.75941999112013,0.1378136926799211
127.26515358631515,253.6583363852474,0.46168932140974783
2.508916156424411,3.8640703769439786,0.009414995146254674
30.576180846704553,48.99168212477979,0.0550026531179423
39.11721465780259,76.95178285949123,0.11685349379226458
69.26840952107132,111.28513163597336,0.1556153994908898
200.76351954712592,562.8598071946759,0.34073591087082783
104.99549270747781,151.75404629683064,0.26446110469185913
82.36925045309202,171.31207705387763,0.2062219980525967
4.2047887618524555,6.562839855106167,0.014916344471741002
8.170261788518234,13.244540388315174,0.008769876187766878
1.399030909553297,3.753732565666745,0.007015812204333721
6.6685880443673655,11.367884977570966,0.012148800598071885
24.11006617544377,22.445088477665685,0.030991708219601937
9.078165371783303,15.322615982263123,0.028725840517084204
40.22317982484661,39.77299872380621,0.05633548901989686
1.4290040673144737,2.00070087316228,0.005032689926181174
134.18127289956047,206.4909306462689,0.3366661673402394
61.617876651444625,117.1239323727492,0.08887533907146372
7.383603800630592,8.978452794333625,0.010267633394326311
48.628087802412445,63.86556240479933,0.04619283377920036
235.1464302753394,496.03964277524454,0.5105660289454448
65.83196307567097,130.22103812775413,0.16740388649141724
4.379923642026198,9.570164704377339,0.012723303692053845
6.965455313089042,9.032978875257186,0.013576459340427095
10.312948531037739,14.48509409053277,0.013683069276720833
11.633024576485173,24.36650315753816,0.015123676913027557
23.487759162179252,67.16593554760088,0.06855100762716669
8.398040988260892,8.736911242509898,0.017790285041158916
0.8228687736342487,0.9820964142554128,0.002573307469696851
14.932995122657385,17.600678029243532,0.03761234667184579
72.1939384797267,182.48380129795308,0.10032234059965846
23.404580759957913,62.07294398925178,0.0930934516019413
60.090275520896455,106.13657899165692,0.12211144834787875
5.119211262435593,3.6541278323121684,0.007503524017128203
10.458670079787739,18.028676778322108,0.025461805433705204
53.587067854562115,69.54696552030634,0.11701806961706546
223.467492120966,351.08189208320186,0.4522711573102634
6.336365859689876,5.314813969015916,0.010436358910779367
138.70280289354113,393.46607385126833,0.29155164643383663
28.360347185216376,57.64976441895876,0.08105901072473048
0.5357172445522275,0.6135930390723929,0.006176751244032656
11.189885444761067,19.84321939779857,0.024555516420101408
58.485008609163195,87.29498307411656,0.07258707187446202
420.415772383651,583.8057815906061,0.4794842536689292
8.706035351064687,10.500342762617551,0.02385878077680708
58.73775077367575,69.14790546457964,0.10475876546903196
36.64899682005094,53.00554256827683,0.06724127660699912
29.11223975340606,25.004888667491507,0.04228967157631565
132.38295862626657,233.51933288378737,0.35629709575327434
110.07847223413012,242.80067175373892,0.21529355350154464
14.809678575899273,18.207590128590372,0.03260844700763098
4.856346675544303,5.600684287097834,0.013174003608784663
16.02014429807559,10.409419050118212,0.03308924180580425
67.08808860875814,159.92406832309814,0.14163153962001981
44.916939723095524,75.05267458355662,0.15361088028041842
2.061917008385872,4.485020858379842,0.005008724576347872
33.997215699603046,46.31090142628973,0.08032910425498711
68.87252137350404,187.75348854302018,0.11463348174510869
52.18437269961159,62.77828330372603,0.08925793431728062
31.14982696883874,41.138346404677634,0.026503251193833947
3.05492224143486,10.282077744011534,0.003744164849912987
25.715795533773825,31.457522612471514,0.06748022831967534
80.14271221522151,195.84211671123393,0.20294016609478274
86.74357066398348,160.46406581254368,0.2167828764087206
103.94442775510281,216.5920317260998,0.20774692977583473
41.87477990570374,86.18756721630976,0.10045792800696018
520.4592339473879,1008.8195977405506,0.6245396451216262
22.917363383639668,59.608518609662305,0.04653009310673257
101.38245138674033,279.2510629325325,0.25652955086861956
109.82626985400927,164.94920929598854,0.3620037854386217
10.058431380706551,9.143946818788883,0.028226850634941035
66.10347137689176,134.95974349360048,0.12081788153852732
16.877443359214062,20.247095799353236,0.018635040694768172
1.6056555160719723,2.7592968513068206,0.006408888551233114
10.013795133401866,16.04996094979194,0.03056582837494073
53.06215234381854,124.77964891147514,0.07314998391681864
26.741817878588705,19.232211846994588,0.04643122695128309
9.03965407705952,8.184436019781138,0.018128126206492408
24.218963615241734,45.810854002642024,0.06300755729909491
4.947557858261431,11.341179877975366,0.0224167676390972
75.24689421059647,147.008946809758,0.2284899067619023
18.996079342583407,36.011000450388245,0.026449986685648595
67.58253335778919,131.63569354027862,0.19807717518265822
13.606260580922559,33.729821417364434,0.03481438725634324
132.63010025349914,284.93456155000956,0.4053799500744216
53.14017143649466,96.88169652981182,0.09499206363329667
57.101173511958365,105.28262681487531,0.11833159423007944
107.07132775144004,209.5303863506286,0.2752812659143107
25.836469073908763,27.884000673286682,0.06232995612196712
16.703713664389785,32.02190785192496,0.01323479614835453
4.180154357471057,9.622738304976409,0.009817487170499859
4.432069944813757,4.839564473441374,0.01292031770583332
8.204110781563312,16.475695203152384,0.013582623861476996
49.950654814967365,69.72006652075004,0.04781544830414825
7.622174354776819,6.530161441537078,0.012946423859599957
174.66004240822647,377.92207640097746,0.40942788219372683
3.5042489447991043,3.3158208486583582,0.008700484677255123
206.91705465873392,370.80633365637436,0.38287705617207424
30.914535572462036,50.11212562331237,0.0698150347866691
87.49250964008972,138.725621772857,0.2855850663005578
37.75207493863598,28.57804457493899,0.09916062966157003
45.21316452992527,53.95336606651079,0.09813149059581491
1.021430795502905,2.893061480356739,0.004694404352150068
31.84752346927023,44.255373505501105,0.08021968782721826
5.82201213907868,6.5620245819320635,0.013957881426086617
88.04847576604381,112.32203386274885,0.11823414641553723
43.408123989759744,47.69512120331772,0.06555801717306832
9.198620945144047,7.221785526738212,0.01071024240053997
207.64119275288215,390.9390284525274,0.29022486795422636
17.36549864346823,17.668613104028648,0.03827137814044506
21.664786379205832,16.433024879802925,0.05090338439653363
27.216651195671705,21.57110877051586,0.03329449017999038
128.85410519869336,278.78441772307497,0.2505135727193473
131.18152360630768,288.216468275071,0.372056661969319
82.61135542181732,133.64612248126193,0.10842922201134589
263.4863671437993,193.79672281560212,0.3307134585180297
4.870395797011576,8.376770581444127,0.009121317994834599
106.98308405521198,170.6621646228692,0.2660991019652996
21.558600935963067,53.62728966328374,0.05087393748447926
209.0056902869521,508.141834879853,0.37752701914922066
79.27833713640557,94.71671263663978,0.13683369997572153
70.87984113410877,131.3918738831942,0.17245874323146176
3.3879402312446563,8.432538362700013,0.013565491576746802
3.003347011636477,3.3408680701827214,0.008571368129621903
56.1064751873645,78.48728943472001,0.07507343701346299
15.596700830495825,17.830419978479302,0.047015800729831816
89.35836583336781,111.15393327059498,0.14669113224490452
21.41033776124686,30.153616186131778,0.07271455466168139
17.466725337453124,27.45723027169767,0.03876293234946422
30.104873958417173,65.386886815934,0.10521418645441637
59.59918636051634,114.99677119332975,0.18994974609395365
18.44641221443723,16.1752613357648,0.048535898352051424
4.475380445571558,9.06481313612883,0.005149863357714148
62.72475853761891,105.7925577016108,0.11089970313035026
223.42969766154727,270.63488302311947,0.24239133468097782
37.19525757974884,66.96402245911139,0.09193721800934679
2.0131902589277244,1.8192491931337844,0.008264648450818557
8.435817198631488,9.732593040344877,0.02822566596249755
45.818321738471795,45.70829117571168,0.06722577419654815
40.233445557593384,57.851609430605954,0.05080429826290277
4.450748709389379,6.014569947484579,0.01084404488744957
13.824463337972977,13.463853503876415,0.024940136327776443
39.50199259282528,67.27928244030839,0.12829715133660408
44.514101714829884,96.72828004790182,0.06360504526573049
61.23699881444288,278.37135014692944,0.077256501606613
32.189424711967156,34.363253331194876,0.055781741595257
115.87414333937942,185.71754824577368,0.3136009297891622
49.102498614845366,103.8831755252377,0.1346307704211737
14.368923798063426,24.229174175862088,0.03167770691432306
2.69559210598976,3.987459069318746,0.004468026066588048
10.332068409592956,19.811552588942977,0.02519520520590797
44.76888519730739,124.28330671069769,0.0623945701213043
3.4042026668941774,6.791907697450747,0.00861801918317837
41.81092219139972,87.06570163902829,0.10095091125348696
232.70186606409453,418.71343907874603,0.4545070407145269
1.3104179041699984,2.319525202275146,0.00442460249569518
370.6204138008504,420.0878574050369,0.34129193450702233
356.89600963820163,707.4822749603371,0.6741732887668839
21.566122802218217,17.60066399974883,0.041954750470269406
135.5241081756602,235.98230787044855,0.1969933684168323
57.84310925246528,78.39747968627555,0.07712559204804963
57.758860757417295,205.88247360880786,0.12773687857183205
40.540015493484745,50.44397458176282,0.06479403202299412
159.52260485830436,246.30192619400532,0.3551460713421338
26.288040982702515,33.501398733772405,0.050702149497475556
20.362381658521986,57.16527247232677,0.06592177927104147
159.749652337971,396.7493760734391,0.5100441153528028
17.72936054320715,23.96879375960808,0.02108554894622517
32.28451197248478,52.895485508571106,0.09563573379609569
15.713249206013899,42.70899251279984,0.015053912919782043
44.057510998145865,79.83791429439437,0.11928635982108993
12.143249874904308,20.1858912191881,0.010967526406151496
54.67190664261025,85.85579726760089,0.27056737561135086
9.031406762759737,12.259021162966565,0.021354396259203757
53.762316164458504,67.57507804969049,0.07691582947232685
16.369979129965845,22.782911612159896,0.028183478800758905
32.86860613268065,50.44227782738965,0.08810235044819828
7.330715368539046,9.698387412202035,0.009443748017162764
44.932181391229264,95.98699431408129,0.06108238772407138
1.5901789376267168,3.4927002769487654,0.003267792381516476
16.03150643916769,25.001090392461613,0.06319265360983774
48.56428303107157,103.62374200574558,0.13722603150008408
663.4367758097168,723.334898930563,0.6573993462605807
204.90466990350075,419.4832922580671,0.32595302204596005
147.50778210535515,340.0823222295566,0.27845138836659034
1.6668478099348785,4.051826538999552,0.0032624774109163233
29.172915353012925,27.203217666314995,0.055397255736696016
58.68464913478396,95.04550944440808,0.1238870192825352
13.36012051819187,15.500432956213302,0.0278470055562391
6.617035315661156,7.257791174973708,0.013802574658180628
5.5489832304406885,6.391315197426047,0.011527332389988225
47.51431207160802,160.10660344292762,0.17833307899088577
24.148468247068745,20.270189287356217,0.05457981561052557
10.911902840437634,9.062596439921682,0.013433436145754242
85.19668310973415,180.09735979606197,0.10985787455054073
36.557040685635414,84.44246003305778,0.06996630433469472
47.450565801773095,60.48920382547338,0.1050146552389455
106.35151844118167,179.1928651046595,0.20006255522979577
2.0982377667475984,4.744486487577908,0.004149321435502385
66.21019405983954,82.64656258333535,0.07109327196545256
18.640535921123845,20.659820450774262,0.02359577275179731
4.607713423702756,5.330908185247504,0.00818063296535361
10.28634791868858,22.038991043884277,0.01195195849863198
0.8830623976176749,1.8844992410093382,0.0032244235196832653
88.68440214767926,130.17070436657264,0.1745971152150459
40.49366396507716,27.437757922365833,0.0628743274010867
42.95978669974481,74.09232229129299,0.1886586644305151
29.08211356830983,28.117261871519258,0.06022728366905251
589.0445381121939,797.5129383175131,0.7267919631531374
94.25419784114861,186.14621172799556,0.14361356010212573
23.067694159618867,30.030972885759322,0.042324811682985755
0.9885710254097316,0.9436167592445511,0.006560320613034234
75.8412568908634,143.15348019990563,0.1259829152503403
242.46526112955183,515.1907050545644,0.35684564410166675
39.77871216419777,41.87849550219904,0.04911938502139753
243.47888804263016,500.19450089437595,0.6065832765166681
0.5181185448328647,0.7608629793780215,0.00284145258752537
17.14069807338426,30.54920222192406,0.021888926148610086
43.60045596768299,42.64328032545779,0.07182511677886494
39.90472664406778,66.25931933188231,0.060450418901744817
32.87733049633701,57.53059576714535,0.039279937896062836
72.49872367271689,151.9030405214676,0.12136611345051333
346.10882196709156,665.38486235026,0.7690924348640374
7.731388024918801,6.817057230959755,0.01992339370587227
51.42168284964977,98.25225402752362,0.12257228116929986
0.3979439743241513,1.2738644628559905,0.0029193604450047715
3.575709326167032,3.724798817648029,0.007590353162443412
23.879495785447055,22.63369766130832,0.062099208041447654
102.5468369247957,237.03643400530282,0.2616966419512004
24.500128885222647,35.21910971403596,0.023540552013215095
7.892499218741314,12.885212755654331,0.01198186506988024
44.53137633383363,92.71706340778609,0.0681487440122042
6.379970840738492,9.00179276554599,0.02595679165459943
148.85747220129315,225.89837070221938,0.35154461332988934
22.572838472822955,41.366913749646685,0.056154181094367414
40.470982792563476,45.235522903845926,0.09783552408275456
2.875714817584056,6.689236097515647,0.0061573093234974586
18.91654298598966,47.03014412147549,0.042852540257904546
31.20241303782817,61.05388025252095,0.050481101949659296
12.058905876160644,23.88532145215772,0.017987506393661184
11.66154878716315,10.178822977416056,0.021067861935640416
78.98200251330269,123.85610313516803,0.18589441460421857
7.600757355134211,6.903354947023992,0.012489009157095568
143.58854426547535,376.4528202062858,0.19789687342809337
7.683941127490576,11.298909216585658,0.01361121293906109
254.00973991304215,623.9262007757153,0.6679298877219056
15.247755424910693,15.013994451808067,0.03560074823277264
68.9223205480965,108.58981715050977,0.08344566747389252
53.03999393908898,96.95714987229387,0.07742588092098308
135.21651065884058,268.5497607206704,0.2121397916021561
16.16862884524326,32.59218979106928,0.015142128472664544
1.5877254149926272,4.53555437334448,0.0035711220647446197
3.7004358719889967,4.723161709284225,0.00826212824044431
1.4492695398674833,1.1145484632630258,0.00344093595511136
151.38462934083418,262.0500619029797,0.30760473533369914
17.7084152552118,13.88866382190547,0.05090056268835125
0.9412851390796748,2.3664162568977973,0.003353006204257728
8.514204691027498,9.626379036142565,0.02541529017196184
4.922699986153611,9.209868726918447,0.012196309563109105
22.59061482975537,52.33129040538328,0.049875138360619235
32.22588377852564,64.22244033159176,0.08056077957606249
8.227059700063457,12.102130362394481,0.0166803124746145
267.1472861924964,465.2817271633924,0.5174246696781636
177.35732264019524,378.0383725445992,0.3704707020564211
12.583824567238722,9.915720243162133,0.02495408444970411
19.062233732514105,22.91367925892013,0.036102411244042856
38.011810456765716,42.076164046102924,0.09674104513473113
29.164840950290994,43.971244998371105,0.07004584431323636
7.473155399820732,9.526342089150347,0.009003349850554785
113.09659582684343,255.84926443963823,0.1577507920651124
23.381818460797483,25.614246468066295,0.050880466832528455
16.786003968016647,17.468847175139746,0.018900651288219262
31.881737436119387,41.432761034435075,0.040116844001059644
20.979233599986234,17.479282066690406,0.04208027618789796
95.52160504319116,158.7897740437822,0.11341007836799662
14.494990533928437,16.466122204833223,0.04971359224474986
126.25427832997147,230.08861655432344,0.30016822433099194
3.6880902584336774,4.840966895641728,0.014314108862336994
284.2703054046718,561.9675068275019,0.4851883594066121
22.768357461086502,31.419482290238324,0.05146482277466475
74.64991074015788,125.61480631389033,0.1756258154819172
0.9705649746285175,3.6577168334221906,0.0026645837465443865
38.51564256549097,50.42722087062278,0.054270289788847646
6.661412594163031,16.229239157562507,0.00936690145747757
186.95628242843614,330.0602226603632,0.4351825760028672
7.388946543596358,7.494786263825973,0.01379512601590749
6.757020337482129,13.228542546316582,0.008808855467922112
6.87408024657185,13.951073246157936,0.00922332512859923
60.11185540704493,156.11922467333926,0.17269947436501265
2.479610464898525,3.4569240132253327,0.020084734114432942
299.8107119287229,602.1409920966564,0.4203872450556693
93.45695835669902,193.21500196977527,0.19351752520502696
32.45289323886307,70.3179956676127,0.06546123440197793
4.982150310033455,12.980198390806285,0.010991898686467905
16.257847156470135,16.06578522001312,0.030142409690261145
5.42576823173995,10.386000536162362,0.008833500544451338
27.310325750955005,21.954411803592176,0.06769791244603811
891.6318639376385,1384.8989061639304,0.7978179948891555
12.769146533481898,24.723782151670434,0.01776736240626589
48.2797487775033,92.0044720896701,0.05885477433444188
55.37122725802224,144.49634175300562,0.13910160660691892
1.5827566717206965,1.2796481847910623,0.0064394681534657265
5.763491784728501,6.360611197762091,0.016885385649651856
5.583201263948234,10.105794030562379,0.0196531450082906
32.22788049252968,51.16613443879964,0.07773817723717209
4.123923022203615,6.241773401987457,0.008877261203868756
0.39637294094822906,0.9333431277140118,0.0018987872470271987
21.924795873180305,24.83820774198574,0.0366564891215835
56.85008748875794,178.16578398409547,0.09958549800333323
44.56459102366875,107.86455329188742,0.06120365648977564
4.083809160829778,6.7709913091605864,0.015066684963602838
37.64031429751757,95.68202545647732,0.08719090408993813
27.54080196506829,41.53022932331584,0.061275538637402045
173.32483984089572,306.26563916269157,0.32644242402880347
6.612155663657685,8.054548681053596,0.012363098345718245
132.7243971034457,332.5240020819816,0.2001681259087957
200.19952812525744,347.8878500279214,0.3215432928410191
67.68969293819825,116.30317706668129,0.17589035641504186
35.87948052000358,41.27722099523041,0.05090766362129043
0.6576954206798045,0.9089640087541163,0.0034082465587172623
25.324908895148628,27.087409274482972,0.04025675602982177
10.385740478619402,10.370481003993019,0.015095913072477473
126.80644106579143,238.9438293012392,0.20086240668757538
78.85046969176209,149.43501832914194,0.08320139551243191
58.448561302061265,63.18521866663653,0.12524472624223645
10.200487102379112,6.162663360266704,0.012807223595456357
30.45835781595489,33.14412979580468,0.07144396033612298
175.3736748493642,315.7784713020955,0.2857492121147786
96.63364217304336,166.64048769037294,0.24941765155559
12.666650035749313,20.344276237634013,0.018682305488479798
162.6982669851002,249.4239050864254,0.28930223186563775
49.10090344591569,103.76891798758206,0.08996847581343848
65.506331463989,137.7511831022484,0.07868885894914332
30.33018607979962,76.5474491363213,0.08124233545616029
42.66156084421878,77.62140821683724,0.05527983121841052
9.59218049241319,15.390814188693533,0.020637952773548483
62.817518225787886,101.71797804001888,0.049060554952650805
16.267541148593185,19.144649282293088,0.036255482845963104
51.963352448864235,59.42424683897335,0.09244680415034433
0.5094263361336668,0.774410983976046,0.002662707788846119
142.33997339340135,324.2863936485543,0.29943449294543906
30.99766936305207,36.8571252078524,0.07538139796092291
3.4947062738447783,4.2758958052551606,0.006219021419794717
40.984106803745185,57.70461644751851,0.100270489020994
6.896953088246631,6.113400651143241,0.009462438900318473
19.134637695267998,18.133519427509647,0.041573170665979035
31.682253518922106,30.37807041947468,0.056602125230584256
47.85528895451064,105.73659595541123,0.10496889294855696
1.62684287694852,4.905589943870649,0.004162540068948433
2.0265166072669474,3.2886867878301524,0.006243920541404794
170.44996521986886,332.3170187432402,0.26537364412574255
0.554871048654215,1.677999260186987,0.003583238634955715
0.5741971694976502,1.3756601402389514,0.003033304050791686
10.227459471361705,7.365958937832927,0.019006996003912147
45.875376163975304,71.56612203119275,0.15774920480039906
25.14061623022675,67.40029421110803,0.05027528471047039
7.809157146512442,18.941324816487363,0.013190361864292984
176.41657914565087,335.38779126077145,0.3381109867668644
46.37078905223269,72.91073329326301,0.0788052327973611
25.308137852040936,43.909086256896714,0.04778576714882236
11.902914138562114,10.009281651849012,0.02079208205057246
10.405187314415846,11.0576480409576,0.014154609634207059
7.579910163749835,8.514945746198078,0.008840086138133618
2.2918205218008083,2.470002600251609,0.00771003770167489
25.34931994917607,30.793904867723707,0.056859771901741116
3.752591661157918,7.289925615161606,0.007520566838954836
412.7890306482562,551.9493423438593,0.4917457208885333
60.82129847269417,133.16484222259007,0.09599514761759481
49.1739794734931,67.16695893321484,0.1308105924529333
127.79553449019068,236.71751641713882,0.3186890102828056
42.29015364821604,104.87892032072858,0.09089447284521995
4.756285863237561,5.874483184519537,0.012138844090834003
27.784992350180474,40.7365928900489,0.060511815362406886
3.943510647718997,9.925374979646822,0.020605753918100718
5.679803332727662,4.471979580261047,0.010940172706141896
13.373746798645165,12.599320352717655,0.03288680855815671
4.828050266256354,3.4532170309786143,0.006544322822971595
18.389503699009566,31.248368781985768,0.05474393132340453
34.12793244376028,72.56675394316986,0.04724803541335013
4.112245032798971,9.840292696144289,0.004794576777405172
1.8710972671088344,4.324674669292025,0.004563907181776022
12.877911283815319,7.476953066230112,0.01762039280908275
101.14268099543366,200.133544317149,0.1246189437958901
133.542969162067,278.8888209696779,0.2880665986582825
3.1747933880169312,5.066761071771415,0.016298872799841796
4.910424872400246,17.06046970842099,0.024500747564106543
12.269938998806861,22.367328123250378,0.03442404810356077
14.06381193936367,18.57429593661282,0.04101552267058727
111.11617159826935,254.34398034427775,0.1845166879930417
15.17562305552147,30.69126291832524,0.018593969741809768
5.843646276722948,13.707141854016584,0.01716563738851748
103.28798693027422,142.95871812764992,0.08001957361783872
17.32792874303399,14.961429604792091,0.02214022136571299
98.57216643783958,201.05537217716014,0.15099001833575193
44.83681999406012,66.09482156661602,0.1552511716484757
28.862869944485414,59.83758757073376,0.08922834315154148
26.236762446629825,27.43043649769225,0.04357557782261337
13.662760256240968,29.31169604109754,0.03773848114444182
8.179785882159772,7.960889787255554,0.023338254213345174
0.5603542386769215,1.2083004390707994,0.0017548293090474637
50.34777694117217,129.3033634022307,0.05290871165193165
71.09090047567014,132.5075323532442,0.08855244727175202
3.359777422789324,3.540221978055041,0.003920931384091292
16.95804328476485,49.365542353590286,0.05330799551591283
6.0516749362358375,11.709657573962636,0.011311398114596097
10.474113746387795,15.470122798161183,0.008680661276031638
13.071593426209626,27.39216293951905,0.0741305945347707
30.082921336346825,51.077040086475435,0.06887923764548332
11.461646905088669,21.401896870930962,0.013003945085217123
80.99252191524252,174.74799492635708,0.11291650091813422
38.504895093937535,71.05260759554376,0.054393751526658186
152.25080452426505,292.57009927523,0.2779936183545133
52.401248708818365,115.51640779100474,0.07104099365558215
9.702258705879517,21.923813650742623,0.011395093608408133
45.95051217427462,153.64791900630465,0.09751884013637989
81.11630369076288,78.71972957741735,0.1175553878328926
18.244286420394015,30.601498777713545,0.025180196417661702
16.299114190493896,17.227060917943223,0.06008281822755731
106.6629613001334,168.06173544518836,0.2981440972571458
13.972766774295804,24.929017508743247,0.02657628629291347
2.144802494400138,5.609425810610792,0.004215236036993792
121.82663948907167,210.71742904757718,0.1443667949105443
10.251139929721825,14.955059764208542,0.018567025312786777
35.734309512869764,51.159140939669975,0.0638518578869098
31.498296746800705,30.970078207256567,0.048491632076796944
20.781367743985175,42.48187383644788,0.03580240355090006
0.5275726913220543,0.8427495095956685,0.002123309562279151
153.75224024927317,321.74339859705657,0.24833460299087454
5.713708803383092,11.359628711254684,0.009071640119675864
130.23887578469564,289.8577849426909,0.2954765024986687
44.60195022898138,72.94245972773702,0.10850041938363278
69.49912011958448,53.22683991433,0.0851494644845928
40.87035660407924,66.15523780102926,0.11006377666572026
5.965889980009532,5.596297385915007,0.019335486831229043
3.5680996931022966,7.449239388138251,0.008310453015312566
103.02424052805205,238.54873007865473,0.23812509825859773
11.172760899610665,17.556589558720482,0.020281628596390877
2.2176994433371386,6.2963116345315555,0.009089803508448638
339.71927805679707,656.8862463830825,0.39314252470496186
528.7002487615116,825.3005671580919,0.6375291786605681
141.67387563343706,307.32532657555964,0.302087679371931
0.5841084062608546,1.5576546306113728,0.003017488708603595
32.964506142855136,84.40312350981911,0.06095236253820859
5.296982142259754,7.228478822654774,0.011001365478688435
28.181179002900784,59.42943221893939,0.06819556372748475
30.129762792909304,55.574077791798395,0.04449190074786928
6.225955847683485,14.087403624351968,0.0068869228047372544
14.38725518250693,12.951206307337156,0.02573422229473127
33.851996235100536,59.3134483325664,0.12328853993154593
103.2172215798955,161.88846079163235,0.1691244195461199
0.5817530481773627,1.6236186211146955,0.001748796601292655
114.59161077761075,235.85130161805176,0.18897016270361972
3.664960476364639,3.316738980357835,0.0078115622709953566
19.798051129622223,18.038236473119806,0.04722955126329731
34.216840340921394,60.31823744540991,0.056942655695423096
3.8720441199951043,3.7753144559559892,0.014649634385690969
20.041004479626903,14.959495027400981,0.037617429981602175
14.67771792136018,10.536469825086197,0.02582287394799756
13.362477840555073,34.143286226036935,0.03646181674384475
51.62767639075399,106.06193609185398,0.13055016069329173
1.7114538677723554,4.07555597834149,0.004878394988319574
8.554549505923209,6.876221051817905,0.023856646336502522
431.53963402013386,730.6564012216527,0.6664255383737243
49.254613778066556,60.55778559569308,0.09284528032940183
49.114860171591594,68.66061826139634,0.06146001072936947
41.71808264555359,59.44936062646968,0.05026206306330814
6.553703516130134,5.587716120865793,0.013480315147773305
109.80869591647865,168.71361559028125,0.2328473886434754
61.20361980325628,133.52252746637996,0.1225685215076441
2.2976648775759747,6.634515452117422,0.005524386449070163
2.144445895551113,1.9487538981735388,0.005083087882717138
23.63714937997855,33.12853078792358,0.03508865859355604
62.26954862116371,76.82307182632377,0.10338724231700201
152.2631259747021,200.30785525075046,0.19934771209775676
65.07024593123434,44.64843496156887,0.10013696581700206
7.0527516397314045,13.903176026820761,0.033550435820337156
241.37964395751024,467.4913740748697,0.3138268289696207
89.61522334523721,128.50609058850029,0.1357749684319345
63.77950562756493,94.91641718242305,0.08369299356840804
84.62037687367167,147.01329314540052,0.13023564124757928
15.339296456570379,22.777536905071834,0.0341556186045376
0.45614334186000705,1.2144596194125057,0.002765024586084894
4.197839340090593,10.064091376119688,0.004960352250337348
58.24198329512142,110.79616389725015,0.09680227187806631
70.05798241414763,136.51575431761907,0.08371428238360407
8.15924239843885,8.801458761594633,0.011835191653372391
8.111293836915165,18.945904270102254,0.04943393286635371
8.813295629153055,14.18598622071756,0.012922580465235268
13.28766312799703,30.773977661774534,0.015232553392063714
42.71887455415576,62.36453817900417,0.10550680300357151
5.720385248269669,9.938835493287629,0.013200491044514784
4.96899958103201,6.687707198850879,0.017249521184028463
2.055872151409897,4.667116881539989,0.008659317884234767
7.001884159257049,6.314844345318786,0.015366833682213397
15.015362559219108,26.097128746171823,0.028623253477113704
37.957937539562536,53.495806875640085,0.05648917332300715
43.747925960453145,85.59306908524644,0.07333337576006144
25.359429790517005,47.17819605000766,0.05554178242818618
23.88447358004996,25.248420496028874,0.04379289477983534
15.126879660755446,13.197358077198162,0.02863740722708126
25.656589571421566,59.67882689646611,0.056222457555424085
26.030074599913355,62.751077267322366,0.08293163607641718
19.26424949847412,34.49397843783084,0.04610913640605289
9.471988909929149,16.81922594255128,0.03974752093200551
53.67097078308316,43.232595241332845,0.07615742436688075
29.844601211308948,51.06425369109407,0.05388188837778448
39.382884653109336,46.66056988171822,0.08083114346746499
61.93311298252408,77.41010494075036,0.11827374248738132
93.23149638482926,194.22474348457004,0.1573336242255878
1.4368738496093374,1.9356656330482453,0.008879628925679003
6.732879079883078,10.370834521658525,0.009950073243643774
0.8750987019908845,0.7485741325822309,0.002252457733937574
58.207749750150874,80.14225325567853,0.1864646191121355
17.774214683399062,26.527975699316872,0.05105338810970836
20.059220385152525,25.649657546112536,0.06160076907805666
120.3001073090443,210.4295284236325,0.23754908872997949
144.9486854394075,212.50670308038892,0.27831380939701894
10.06200439956241,13.013107137817732,0.013217722027996428
32.11049282491014,43.24750766508107,0.0639860569754717
62.94606397217049,99.29736144679524,0.17745631750408314
51.42629778440127,109.55774673933718,0.12336970536754908
70.81948476729502,116.28869006053564,0.1847493720847873
79.07764087946752,139.69938532905235,0.21337583257773854
6.557661165142744,16.503641303542373,0.010245123892535409
60.98281507442942,117.29137297699103,0.08845931642638477
1.1112120033234945,1.6047721517641529,0.005513711734738042
3.2514496082327415,7.917132881039297,0.0042569459359773085
83.34403536962826,141.24282132874805,0.23740634225034432
27.67670352122082,28.465882452685577,0.031127591751691615
226.93832767102342,407.9503700709421,0.4097991603213051
29.509223255014057,39.96075652665367,0.035860596987814665
8.224685929939522,14.863030872696546,0.014991969357335221
7.76856451516547,8.35539292034739,0.012171502256503482
12.648056122676289,21.714235307136693,0.015154688171250758
17.31801539899825,36.802365029712156,0.032560043468882416
15.354598400996728,27.33700024268188,0.02247480166714808
223.00802645180474,416.44770015891305,0.36939560425888635
1.8783250656567052,3.9657994711987694,0.004159221169083946
6.703090600932531,6.018104993598757,0.01957372015483074
37.81953417385114,41.46019847659745,0.06016355261335053
383.75318012946815,791.578574830518,0.4549041245574007
64.63457807930537,85.32643626248766,0.17580402885555754
42.653194509658235,58.64367490678125,0.08890765007365811
15.425802195635848,43.4099248564258,0.019617181785301016
5.3219111712239595,8.906741633976154,0.010240041372751458
0.33812868417674274,1.3014755625611778,0.002492126781174598
140.8805487745391,183.8680646460562,0.14158116684652364
0.6360859536452397,0.6417138258177815,0.003822765439389353
21.924328711270444,28.47755623399701,0.061238428812642264
6.078749378017799,8.937836360169404,0.0118634551945046
26.105673200522514,59.89878011611471,0.05387418412632524
19.778221547252326,18.53206033814293,0.021605055756751992
7.916264640337203,13.101668625383992,0.020224198508415135
26.676405906512827,37.05812407816229,0.06239962897007783
0.8774383378043856,1.0634409533897717,0.003922773565568903
2.411969263234121,2.4908490877907874,0.010504208497177365
102.43361097263602,132.0774532580186,0.20096686738796826
37.67753933371201,69.96129602539118,0.06893480953059214
48.118842159932825,85.33176523503262,0.04951872769188631
13.665137310778738,26.208487377400864,0.018030196027251942
310.5900609955243,594.6340887540432,0.570978505162941
8.513398925544045,17.39746237692252,0.07104303170693488
90.57738374381769,141.59253664416678,0.17970610184219077
3.065858755178184,4.9988296720056855,0.011307142981816285
15.018840164528111,20.535396015702844,0.03785305430902168
24.81787484183562,35.07191843632338,0.03654890673049225
3.8829173891558395,7.451619547120099,0.016016022821896125
40.427094656334354,58.19259418441928,0.04138398324676176
28.111156026895067,40.48588542655213,0.062366278528073034
312.90483391651503,448.0778680783755,0.39168824123366935
108.08981852235465,178.67344857137974,0.2830908605627587
13.791267404473073,28.35972932941613,0.0309494662098166
137.98346294455737,165.67524514870647,0.24665904059464797
62.14579093320306,72.15873047207822,0.10255447529719011
62.1340061623004,56.56634467255949,0.10601498956622822
33.071804110901084,31.40719081685712,0.059382083678161064
59.45583346008352,300.0430181603221,0.15637416250125494
29.797931559009747,47.953953082271916,0.017097421206487114
1.7550094963923515,3.009522381322144,0.0036714829626774237
37.195714056446,90.22362060775131,0.019452316796425954
49.94836886387976,39.61723992204742,0.08123125632583429
27.82118069961057,51.905585790263686,0.04893961941501563
168.8827481963673,338.32266239593883,0.3796790648316515
1.4047318930535746,3.961974974901123,0.003883502176209746
901.4674241797122,1830.5861618969109,0.8866305947300707
16.635614229432434,32.75055467955297,0.03324473978632059
66.89552448309708,201.26782433737225,0.1450506044041791
1.147261340629992,3.167276539016053,0.007631037323392342
35.73461955710904,79.99080983010246,0.04650341244149522
111.23173841698387,214.6778216077368,0.22242061581779046
87.99325294447112,238.0431102388305,0.12936611312374813
160.68909366655825,329.67869469456434,0.26452119272386726
15.317770462339693,40.77653475626719,0.04494860932333465
96.45391239946528,141.16409380222967,0.25073533798146896
106.84760960422179,124.77892313308499,0.20780556960536628
5.203263447286622,7.9974618801603805,0.01208981358020115
37.44604450885351,61.04451221151727,0.1517407172000095
15.06808564206142,14.477528080256485,0.03333228997956778
40.917292128946634,62.30297064963198,0.08345416030237758
91.17044587906106,150.066964221846,0.22174422211126815
5.84618112221489,12.401318586814314,0.010183140826932098
37.21698056462948,31.325041157390878,0.08234362547489012
173.78766726529378,226.28579870316867,0.4264975339602275
3.7194801071294727,11.27823098519968,0.006172172009001324
38.765230988363726,48.329208965886885,0.0777317221408225
83.48860201499657,111.24015877944989,0.09902466705343385
1.4121688271187254,2.1303729075277276,0.004242654426094209
135.75235081426231,263.56340694490734,0.24891727335813724
9.803674613727896,8.976271742955415,0.02721016545173975
518.4676238213461,703.6368977585663,0.6424473364361675
18.893375340799967,22.190334708966002,0.04570770903647878
16.442435355020137,15.227345120164113,0.015975122278306015
6.390265917251554,10.899737931573059,0.011439873862095822
28.323412922674912,23.48152694123251,0.0537217529933911
201.66890127714825,221.71342802989588,0.33287175765568816
5.945399958021102,7.277592138375676,0.015461755913742211
46.4194386917975,64.52065675256289,0.11097054992196088
206.2078310169724,313.11616641071265,0.5147020392910218
67.53643188568786,148.0200737586752,0.06742261542505033
9.447765483308471,10.939955593871522,0.03401825903319708
4.991132379540308,8.144443861797134,0.0145199922167116
140.0243265158281,283.4594462635678,0.20015977044594585
111.80723052217577,203.6863421354919,0.23658781996314363
4.386816377454348,7.295760237585447,0.012807121728457282
0.4760703059156947,0.5009543251935898,0.0028925155926109104
18.034544275386533,16.63907089561544,0.03947201441893079
89.15264059786925,207.16168633277084,0.1879689221311993
38.999899865624336,94.07963027352959,0.1614905884659986
0.9457146946779725,2.669287857242466,0.0030774414569208373
124.00368251549672,192.40069926351703,0.2362445315248796
80.29286714327992,195.60985686923578,0.08443100226344849
84.87837481002715,232.83788887728088,0.1553460812823304
103.761816703293,134.88089336545255,0.2279672015396203
55.18851396669619,70.12998617661653,0.0872980668965313
27.371673005800904,57.319537802876475,0.04219243309071305
24.767446404719568,28.185017622838437,0.08463451139099006
222.56600077199028,399.5157918460348,0.3635460041170822
50.867546556233,101.26495853481484,0.11921650354327185
85.80749859769527,71.54832824554965,0.15062657120919218
70.94897114283233,118.33319532355327,0.12889643736062145
68.114291979028,177.8876138456767,0.10341385704039208
39.72020137277306,41.6168800830087,0.08866838691473046
148.03654442332746,292.52892127644884,0.22421062445256193
8.965042539080786,20.819097980537485,0.011788650054679061
1.3444518601112951,1.4053179903990214,0.003999198888557465
37.5811555068237,40.222905876957995,0.0636576279580916
6.253463185590997,13.301179031496817,0.014482127725359395
11.9816808891413,15.110407313136841,0.021470360407033953
1.9926156373809465,2.831834777576687,0.008051785223162869
31.43298107476036,60.03955807049593,0.09420821415164984
20.576666385226503,83.62057488212119,0.05891998059172481
268.06669398560297,200.6813758192073,0.2888523362160192
160.3214792921305,306.6428993876887,0.4046184615491691
2.7901822919509125,5.789670837496119,0.005314929047273536
37.99816660509838,55.55161164164746,0.08429028649920883
3.5056614426235675,3.557675760859883,0.010680595359157934
41.26260230602948,67.98498259002476,0.06616549287979379
38.94175072899966,92.33491886540071,0.0663730567949436
23.077227944177917,24.724314715557316,0.08198660748707363
1.189291078964704,2.2657731286578318,0.005459074912894144
45.22640851443088,71.34859712731485,0.10272304862328621
45.4347322300933,92.72138245508378,0.0935360413701458
41.740527947544656,64.7003237339723,0.10278932659172614
4.1019611070067,5.673115735616903,0.016144103146831245
25.332324834132272,44.33724115134741,0.05355801191555462
0.8180983956160808,1.813266711369367,0.004630445603494607
3.866134821761303,6.296027331325704,0.015757403292825475
1.9201049781890587,8.317070271305722,0.003813852013339183
23.413673132438166,41.73473772509016,0.04278396308614264
93.09572608253846,165.18740884523922,0.1896690692290185
10.894674483990322,17.85072845008076,0.01315573821648435
61.82484705105816,143.9946264771367,0.11012027228250902
21.411831151602673,30.43874975525663,0.03594017470034499
28.676880913731388,94.4792709395113,0.07513047243252617
2.4158155628508786,4.097963287017733,0.00868540273727388
47.443101840586955,61.01644484810791,0.09919577597176205
25.763905106477615,31.295342310839548,0.05178390895010491
221.19583201362167,422.1287397381218,0.4437237152749541
4.622027649427764,10.953026776288228,0.012741381596069619
3.356968389563816,5.517445894310521,0.009084178294393303
310.1491548122736,526.8640461705255,0.6006581792525918
47.060624405429515,112.20666456987394,0.1514620419156298
1.4716259963835525,3.808644428511961,0.003044029836432227
6.943248988535735,17.01924489452622,0.009958884065881662
105.44169629471575,162.26895063070987,0.23122676839677717
133.18898122260808,103.84347740520899,0.15386268668062997
8.06424236138728,10.283678676466847,0.020577280113257546
13.213288380919574,9.994283213825879,0.032710168784725026
42.92583836512577,87.71552846823455,0.111242243437583
10.819171453653592,10.80454814309925,0.01864761476407309
22.183985670465677,26.526176803480787,0.037385045926572984
74.58714034167069,101.99626087027775,0.1076643612414683
19.7639928057612,26.053718932010664,0.0523743308081832
0.7731111665719803,2.0345694802005414,0.0019656437953540647
61.88565224212113,139.97593781570865,0.18944198434300222
1.7639210324098396,2.682544551142151,0.004278759648865342
232.30092263881997,394.51696509087543,0.367214982636558
57.38793361804673,137.91037613329325,0.11558220299558132
0.9872559250220775,1.9801111456744656,0.0023079253258309414
30.23040239959756,54.44245272213185,0.05779904290237548
39.90961493474684,45.010635337737156,0.06720074284206383
2.3549593062107,3.053525135654602,0.012278124331145768
1.0034899354670281,2.663358691846717,0.002591781106421483
100.87675540533442,184.53227986724588,0.13288104599260223
12.437985381098132,17.94681822746895,0.011084917194317105
22.807270298974903,22.721853787198224,0.03560963157435928
13.397363648510526,10.969688973054964,0.02772521583870291
26.966688558450464,33.57620967227419,0.052311860775801265
14.983992995627206,29.04848781315905,0.021409528013543705
53.887877015452176,129.4217867929787,0.08023157006979792
20.178719276454075,19.828569008949724,0.043827419524209814
281.244880208179,559.7677280693578,0.45836945285837755
51.360922753252915,61.61243110284707,0.08410679709305714
76.42141213551108,201.23956970989332,0.1755770291225137
0.9333290559791758,1.8903231949974764,0.005123455140946577
61.920367122205995,138.46021856735592,0.11896339061842057
7.321318604442018,11.428667078183507,0.010993960919512958
9.138398528612518,9.338700218591084,0.013544211421773951
4.339870494437185,10.112097376882616,0.009650098882899496
12.070189889430896,14.42560727073416,0.048014034437421166
20.373854388130855,25.86370621531112,0.036822315712776776
9.346303994317426,14.73053573535285,0.01572911212463537
9.254057193482936,12.168380851847292,0.014407830618432545
68.67570898574691,161.16863796772986,0.17334541857120997
10.735992370975739,15.37722973506436,0.04020725336079871
3.8491902884460494,5.270958360957191,0.008531685559017543
525.3246637416848,960.7955432070884,0.6651989369982941
2.9295999896598643,5.464822870993458,0.010305326202515123
4.370997764992819,3.175563242362379,0.00904734236904257
44.33662685785343,111.28081214762824,0.06498289137555421
205.16456254189447,423.1463585187216,0.3375649571201582
25.849399473476172,30.161587028291247,0.07257964048174632
60.944441031252765,120.73527129118739,0.12708013491785358
39.47769053577677,176.02945109237828,0.08314066624641823
17.589804463749143,14.874816856354702,0.027844980208046405
96.63274188351195,107.77839088788325,0.1159211683187982
13.559810841941166,14.983075497601792,0.03515993687226959
12.810630688778481,19.82260854606133,0.0599967149624252
0.6943465359965335,0.6631126438394455,0.00525496981301583
14.768695371402163,29.680771475743153,0.017478291861096708
54.249109450011346,98.16024165997584,0.08698136775138901
3.6023751322255975,5.80966264042317,0.009001689600074697
6.923990831114628,9.038853402259207,0.01854955347518943
117.2426933059789,201.8138915352867,0.25692870134164686
30.282252965052677,53.40225778210866,0.07818820900436677
5.33192510811848,6.352340878908479,0.00746420396959153
5.393354184447375,6.162882070269548,0.01240182957592128
12.19813722176409,9.696741231047646,0.019624826819863963
8.370214779649906,15.981761088091949,0.0116423503547589
9.049983913938009,8.851980942490844,0.02188343716496261
23.866854761071334,23.59804416178391,0.04842995667476421
5.881649450428395,13.881078578681905,0.0065076237269276515
48.21427483249802,74.59084281889241,0.19050554745352902
9.079688177711606,20.351957335703478,0.01238117463734167
42.74888167201895,85.05198698048396,0.0748906675290441
69.1373356360465,39.06220323275672,0.07227974035774164
13.740381823399856,31.90351071034676,0.025808608329142713
11.925279389826448,9.932451190954675,0.024669630928884596
176.92912878888708,365.58204255334505,0.2904833954483715
31.71139806494581,50.73053415399569,0.07774554764949573
59.30856672963939,52.78071365934305,0.11655283114475193
4.193545026592634,3.9503226957892794,0.014492921701033622
19.222741088135866,30.092468491513905,0.040049362530327794
388.55736953239176,727.4129214104082,0.5804935782289772
201.3937550181166,348.5346550092392,0.23281593303036582
84.97129707135923,125.97940040505834,0.2729545192028024
20.869906204107764,41.0896665514181,0.05928971379183407
38.82135301858356,53.78038979549557,0.06551935613188038
8.5030388475239,13.250167603224188,0.021837872674096783
37.065218094753774,89.52932876810178,0.12994390409991927
45.940865502831016,81.00632584946695,0.06786152189772822
3.410951605019001,5.472227094006869,0.008426122675910452
2.3793379725964985,3.444771786270381,0.005359957851296097
5.717226023635674,5.804316689099616,0.018019079581004953
0.7445317612960188,1.959358063976171,0.0021371303190464335
125.55032367248762,189.49700699631694,0.409835751125473
3.701284092559769,3.7883356767677268,0.012000383409738994
24.382536588966026,30.598424786327886,0.07955384054074223
23.102188314735983,22.846405579423827,0.054247685030548394
0.9143280919596889,1.2172564758507676,0.0040403833493421635
264.83160195462875,399.98390272106684,0.4440133643664709
75.78689996457464,111.19817158156681,0.06302005481213643
2.806636635804915,2.9404747992512856,0.007608910898972459
214.34695528014657,384.5178741411944,0.305481520316418
1.0479483761035997,1.351074475648458,0.0035992644673867383
101.09705644969078,164.5269268291517,0.20407692797671761
1.2028365719208984,4.355278363440246,0.00229957885914512
136.63596466352382,241.47508514539282,0.3109062937754645
7.410144112519738,13.636075171589397,0.014983072292982054
23.19882622756502,47.69998561590155,0.02996344788066147
7.62108123611901,6.379740482947059,0.016307247214393313
4.515238336758434,8.285022159218913,0.010519348651573404
38.53558947421156,48.182049709208364,0.079423887245388
134.02765446867846,214.4137459082449,0.26116568276579427
24.71535780081779,17.668179576519677,0.04291310282070006
20.06431274802621,39.0481060559847,0.024881869519282153
2.72857444475571,3.853087161379783,0.008056285064665466
46.83241835229155,41.81645784056061,0.08272685784329802
27.78437655784513,69.28004636056355,0.06249193582558151
42.26053744084827,113.20949169971186,0.08451598750565907
5.287405973097574,5.733990146451786,0.01260638700536033
36.11455028533123,80.22135883131861,0.08593101140731564
15.479602486082786,33.73855473085925,0.01567244614098469
7.013012067096286,12.510782637932056,0.011923879830179517
73.11799593320563,154.04931577151447,0.1326377977883264
8.723888242709595,11.505904666648135,0.01328600122039715
29.597642291195967,28.262895282052433,0.05220746821883761
46.044987638740864,106.51501694358792,0.0830930508845762
100.77591286471531,132.3079846366554,0.1949076626880122
81.46272794840613,206.99015515889064,0.17574541756662468
87.57077951905012,140.97525055119954,0.18040618397208052
4.725660972165669,5.55577302634258,0.014090230734651479
118.83779842973782,157.07715234968208,0.1708634022549282
52.9111493689329,93.70211983385931,0.1022097693276107
41.37396307459207,35.70521305610345,0.059272059107648246
0.6638898593155729,1.5156013733612697,0.00255682147310847
3.2714108827537665,3.9242212226152224,0.006508547977251959
106.10468625199611,158.00706165761767,0.22098752266120245
23.975916329343896,25.155200640508227,0.05245898307571272
5.231509691201744,4.251018335026881,0.011145309898465532
2.1452485510400696,3.0155793541921927,0.0038894487161409996
136.6963615713023,319.5034500424923,0.26172305679862967
7.584076425544977,10.261873834314416,0.027645263516420767
28.567376280350828,53.86891594598365,0.043737592023356385
22.374948025649278,36.37379866085762,0.06122848922015762
17.963638317914594,28.633479787297492,0.037256994472003396
57.304400733303495,129.3245217674574,0.10273434608317683
378.83682648970887,334.8846674769652,0.4528177746953891
65.80715318307955,158.18676416753414,0.19278540192521956
2.7619585658238206,4.397967973758211,0.007034201237754749
9.420117104712165,15.637671177788246,0.03840961462229421
245.14268565710796,538.8317690414644,0.511051496331679
156.4232496334255,315.0980706452427,0.22663896399221228
3.4352769396680785,9.921399484328369,0.01082149811534319
69.82540028768196,124.36290490473456,0.09426176290551323
11.757666579604477,15.721235513850212,0.027614436841640125
0.9149406579032415,2.7622970551005266,0.0024023883308518933
40.76025435835466,77.57390962654827,0.0641733959023702
29.297645079919207,28.221227934274157,0.029225895300508536
104.98922224902483,202.87197411184377,0.24901250625315186
27.524307276263556,47.77311428907154,0.056562241645603036
47.04073075823174,53.233548784180236,0.04521289884861962
103.15837689773468,115.15618354086833,0.18854103578749984
29.994276551089712,48.12442707261754,0.1589505437782094
31.09721920581933,28.565803168108975,0.06473533911043061
31.839441286454296,42.215719883259496,0.048225103111589215
329.1038161862488,630.0968135134964,0.46428817335313377
22.003504657943928,31.1691585151038,0.07792060776291194
0.3989554484122087,0.9726312461541051,0.003134703385535946
3.6617891888739496,10.581757016462678,0.007343065678173406
10.327697574106388,18.71272714486232,0.06851969495102521
993.5272527623572,1556.5377082320358,0.8094057872117488
4.648893009237411,6.268203925777758,0.00923960297849736
81.8728179624935,116.90996702593567,0.12331403026610445
106.28853857719511,260.3305075824915,0.19931770511891594
9.785100012534786,16.941218279051753,0.017880139029970654
81.21889013527604,148.40715074619328,0.1947316852513753
146.7532484325071,288.23918322880803,0.19512377408192336
246.2377148469251,451.92692763040395,0.387677848649939
73.10694060380918,77.22522029708176,0.12618817450176056
29.822927702460074,38.0710620476507,0.06649173837478443
232.87312946845805,300.7003540345816,0.37817156722067125
116.1108854063331,195.65209133749255,0.3261529612613055
14.465140223499178,31.35112669655551,0.039618116484897166
73.26441845642641,106.5359807016837,0.15535663557170643
6.428744205917938,10.597335708867098,0.02469497922570923
112.66594033024896,260.90213480825855,0.22262089186126466
31.91251598092276,49.085732995926065,0.07136689837992205
12.21143323202147,18.769080744151633,0.027875463953689394
27.273353912158054,33.31071685975007,0.04733146803257608
7.777176414564567,17.826580698491387,0.009795333997003662
5.993945367902387,13.011670156560426,0.006206416323956366
5.1412382649991155,7.212934627525503,0.01029989877780257
3.953456305735996,9.97312111806654,0.021514724374627165
0.5523736862317858,0.8473818787307051,0.002779177482112845
45.80169214188237,111.5000325944629,0.12334833485673957
131.31012583708596,235.97845052989467,0.189412614066
37.643578193929216,49.146780280317024,0.10479682910802335
10.692048714017579,13.040703136626789,0.014514856078375674
15.765057609161518,22.28994440093739,0.01657407308698077
1.2138766302000037,3.3217180884539443,0.004395409234349065
351.69540038298334,384.9221833836393,0.40663990504512776
37.72829589489514,74.34329751923637,0.06668616147402567
18.639655385866323,14.31870042726491,0.037912963583825086
1.1472780686435649,2.605777616683722,0.0066304910421844734
0.7904932895169364,2.0188512905379774,0.002756573505826534
81.15598940535374,210.06326420777506,0.17452859778221047
184.82204810921365,538.6480469937786,0.2920271339109151
73.96087322004803,133.59177862051217,0.19093188238256842
31.865598554714055,67.40978267510116,0.04553394312427995
13.447300149519679,25.103986918116036,0.013482429036207473
2.208289890250454,2.210869315139728,0.0031430846491614403
106.70053400856887,204.44672074749877,0.12486813501077719
30.173435824367175,62.03011002200206,0.0412922543645583
41.43226236017315,49.68869826072236,0.10029370371324042
41.786981303274366,34.98260255160712,0.12319320697498817
154.1060700052251,331.3677079215142,0.275054516187675
101.5155413660925,197.50569830130453,0.27698161570667523
21.39097287733675,28.315433300984512,0.05641912963057229
25.888831351281002,66.96325169697424,0.0832131201989051
30.409523422139397,48.962505453566635,0.06957459500116399
29.078580987368607,53.69496935965701,0.07195354250402289
24.610024611466063,30.604539013136407,0.017363457119293105
60.23524459484521,124.64009222618675,0.0965369742159887
273.8507907144705,390.42122275033637,0.2700493337085816
25.554108212663767,23.68284145958745,0.054340783234794035
142.1161817758301,367.85077613133177,0.30028923743663116
48.01220870028346,113.40367734680295,0.13085131157041266
95.94573118532132,139.76381787777075,0.24119300382160994
15.709687797334922,15.159155402358158,0.030606214831067746
157.3811369347235,308.953223787051,0.3389984246679243
9.677373069943744,9.39546159266873,0.01292597621559679
5.426132676560655,11.909860727456307,0.013207634757002566
135.38644864262412,286.72286205338486,0.2340326408821737
4.504082518564368,7.394141150714533,0.015803758285805367
143.0350101578323,238.008850728828,0.3640940253896981
26.95515431172016,44.3682314209426,0.07872403627734666
15.905101254095865,29.04759012934972,0.04904910444052002
52.264584446491114,52.79853203470884,0.08719258615778758
29.8401090866671,25.62188986650396,0.04261733923509955
14.929142452458118,24.741980908842216,0.022973442015953468
10.58740548348029,16.76032594854876,0.019529506745693058
60.676878661557886,110.41480608421885,0.06123918447553859
18.895268107638493,17.029742895807225,0.05453861578421891
9.494406480892737,7.4075036792156554,0.025035195829823026
12.394958648255399,9.600199367350012,0.02418402771937826
65.39175300438683,158.99868590274778,0.11657041266017523
0.6481198619142274,2.493983325439809,0.004255718212607872
5.281867647547211,3.8687789941858743,0.014235916790349367
78.38953881662758,118.35740453489763,0.16296525144239604
34.536437345905675,70.2811702041241,0.08924316455708242
7.716451925508301,13.136691931327409,0.011402698764493046
103.74601688375256,176.74570862031138,0.29124380942222444
1.6324577904316082,1.6662627872423317,0.010809883354235928
6.314979398944132,4.966435350327793,0.01548457321784165
41.95190756044878,156.33661719992367,0.0848638554750981
4.769649109646818,6.868280807737894,0.010308713961325685
1.096653085128683,1.9213809399297335,0.0045617458590854814
153.2734856033536,319.624709186268,0.3471041050865142
45.87174706032505,79.50997942869485,0.10627481594184261
161.6257804323591,315.51979035164595,0.37747519125263407
12.244669297772734,15.311992102673782,0.012131836197552625
0.7921452381961601,1.5415095516536335,0.002496307646049452
89.90891630805554,209.10274590239646,0.1290698855979474
126.82779180544266,151.9500282712812,0.16501121207586159
153.68848471381594,397.65892401412106,0.36791158064797463
54.178960879184466,58.663717408654485,0.11380654741388452
123.89142359732583,275.2697866769532,0.15212337766325537
1.5856829112188198,2.733981306450874,0.005895554976004122
40.61865527314039,39.47289311086422,0.054719982912533084
523.1085040122017,676.4280596693178,0.5650233504463449
4.500555204867077,5.449797505744981,0.009983585936864542
5.323600548373966,11.558979822540465,0.009490272385298404
25.853359569298107,32.4794438544909,0.04840148208914359
62.550794193530535,137.4918755840362,0.11174380727655209
9.015830440165033,20.54299788282478,0.00896849189551904
226.38418886879583,346.6788731196869,0.3466549251357062
32.50021480076,34.032495695337005,0.08030898484323425
56.827122051386,70.75779439933892,0.07393343935447638
34.91598091700312,53.92272855822968,0.06078212778816734
97.73011189381391,86.46624940569609,0.1573076561401724
28.425712668047144,16.60832474128241,0.041825318443824054
18.75767718542016,33.261618513451815,0.06669611846277453
178.0944193607076,433.5915865614039,0.36353591954677544
17.757984598042214,23.495803894542348,0.0442462911775217
18.7038890572857,14.10266537949173,0.04091551907198083
4.839379909399949,10.295056524931304,0.013047702752882171
19.444826842145854,34.97850862941731,0.05409576500977391
33.316172393965694,84.67439168971875,0.06425113968969764
50.935642545165564,115.28712417138384,0.09841364368343777
1.9841979572773134,2.6020827785716194,0.004543252285126541
114.43940392342917,267.2589233541952,0.15505259269082697
9.881598473949557,8.642123218929608,0.026659948480429824
6.808847427625425,12.004583958737161,0.03636530439477794
66.45838633934784,112.19848728797034,0.10151313887828074
6.478420244863321,11.816438281051889,0.03760783190174733
65.47874981104145,146.369736942042,0.12427466481689782
57.40733342083392,91.54273836457953,0.12740171131361908
119.34599083846281,271.99168484152096,0.2979145809980404
83.07786921538548,182.11967213418396,0.18448301404881648
2.476145794694025,5.293478649787472,0.005262697640544464
304.9475689392868,539.2069861592449,0.6886538215627865
4.325269434857883,3.7897872156150454,0.00982839714961249
286.4885176977783,441.33544090204333,0.7048824930172787
124.77170834510153,251.42185904131188,0.30426468357926884
23.30040148823115,17.326444155924744,0.0503180918684207
27.488024378298622,24.282431977939563,0.0423601551437171
10.379643315436844,17.028297896758357,0.027167415456625724
39.039755116570625,46.69224872116844,0.07362962857316413
10.175400009283214,14.502784080840431,0.01807498256976903
4.48139722594818,7.6950287920706435,0.012414409598744658
6.14851379875246,12.478589881663384,0.011255561047903912
11.605640913357483,16.866574770414413,0.012217479923959359
6.0773157597189496,9.739135545882919,0.012399797723542102
1.0951824039913756,2.679787743688791,0.0038840304776903904
172.29818459807035,319.78243828850503,0.2350777785840807
4.310103631847203,5.640348640046382,0.021448111066201262
84.9350961647036,82.72547613397269,0.15447579462300634
16.551981289303274,21.999975040067575,0.036155396414039136
65.61686448155919,100.66346714111137,0.13840911628975608
152.2125057141654,258.7677699734324,0.37562598954901255
4.228426542550328,4.397297071712762,0.0073591038449933215
161.61230423072752,237.8343111732432,0.3178830530444965
14.137122624079092,11.489587785201618,0.027739014949200884
79.95361274021332,186.1570067307489,0.14679097896869203
0.18032817024940334,0.4982830020151302,0.0027573443944011147
270.52319743980297,405.3486032345797,0.5979085788150126
11.632475595972947,22.3352631662045,0.01841346129238492
193.84322919061216,348.27107105882163,0.36057372713898833
100.03741326738916,194.86574041221553,0.29968326676763796
43.80250812004863,86.57140378878461,0.0686896418773536
56.98685420906399,62.71195723594352,0.07112259358491381
34.79742207016133,67.21893660174817,0.07753751533058444
20.17474273331963,24.800933234762713,0.02945226910992994
9.958454482519612,13.22201888404262,0.013909309445077898
11.922646736550702,13.739159892495167,0.01953497467435505
46.47464404308542,124.7115688845986,0.10217403245147383
53.2366291945569,113.57655211129774,0.08593568620096272
3.9960913778553064,8.535193145271341,0.006421217671485765
196.0689533902113,425.19114871983265,0.6383482355267096
14.085548193953056,26.265426751590496,0.01948961801306328
32.00170046943437,81.04222806239824,0.040448331679601775
6.27332996249661,8.49147301613803,0.009760261869192646
39.789153716395646,67.54093352421758,0.13085679101712527
98.09509826451819,110.16205266850274,0.1616013219551313
8.563234948469493,15.281682162228611,0.011563087681683801
19.096996448980065,23.495696427019954,0.030715478369221103
64.91460003852315,61.57391055569178,0.11398941508224629
94.23347792002743,138.92656525208625,0.26249657033949386
218.67744180463103,477.10726399628095,0.3671614499844458
347.05906495098293,768.8407351954766,0.4524627713086682
60.62162328758479,96.92286640368445,0.10962673359997219
7.377243158765633,5.99439682643123,0.018052865463193315
2.256284330157095,3.081144633954019,0.0053804403523997155
11.068030880430957,17.88604538434445,0.019628465522105724
9.873813864604152,12.213114728946874,0.025951049322398896
21.010608455595385,27.554988599066373,0.048920495521012956
11.014303860084903,21.62427694248637,0.010920188477774038
4.766172990642655,10.651726762540523,0.012044480167771368
6.63876656544323,11.847092697392107,0.010317416555349531
2.139059391877745,3.251048510088138,0.004020055391508032
8.023993930412315,14.758237212122832,0.03630504866445835
4.389455912873274,5.549097255166319,0.0054875113432048045
131.99575065373168,294.2588413388348,0.2611239722960168
1.3927700710876882,2.868942834245761,0.011485079633421406
23.226614267828296,34.100460949981425,0.024060024332323914
5.279782306961509,7.479775658236638,0.01380906457269656
620.8439651587357,876.0305602624576,0.7742945460919352
103.1775371464101,207.75943752435097,0.15600547601490752
15.582211772570844,28.020673875606455,0.03908978462571828
12.508049471469565,25.3408022875283,0.016763966435078742
0.8246011437688622,1.3001059115017715,0.006078171509560061
15.725399572210415,26.63661574086124,0.07237718174392976
243.8719539941307,559.8902979681101,0.6054651242408338
46.72052519800207,61.88845760887355,0.10353454315282393
5.989457194550712,9.119064462374626,0.04307383997922788
21.642356301917093,19.505430638150774,0.04887464767494036
13.709236950768652,18.35274586446411,0.0579132015801473
83.03060480809748,370.1801521307011,0.16847796270863752
148.6530909636402,217.23135442596043,0.33612273702871465
46.470168426181516,42.03916960100407,0.17626981297140284
15.876580226517483,15.45141407208811,0.02907981447515786
46.90140032789321,94.89011462701072,0.2079732571785606
165.62856325735763,311.2203177382427,0.2669502889392681
32.67207284827716,26.504996373615516,0.044708523507982795
15.212979431276803,18.486315021799165,0.0284582864334212
12.224255332999187,13.766011618561834,0.01874935347258246
10.739831110005385,17.29452921421845,0.019404303674726286
47.87447790292315,48.148920028664335,0.09186463282533766
153.49486514843827,266.36737361122334,0.32914820704342146
59.41084148405749,105.57487208229361,0.11177118550630266
84.91131239394961,255.75794261929087,0.1053149367399308
107.2097815288901,214.4587747280848,0.27405692479556565
19.676716291209136,32.22470621561419,0.03043619666000558
37.28042418189915,78.08678653087307,0.04434936265454701
0.563893852811225,1.2426628303884673,0.002277072667321667
27.269152000085793,51.37687926513088,0.09431981349621765
3.6306051667060437,5.468118413290348,0.010541824408735405
25.332775045375307,27.08441046310549,0.04634570036668504
152.9561326063385,319.1052363379991,0.4503293139153926
7.901579477192426,7.32485086706324,0.022941663192591867
11.027824001544023,22.594163571418388,0.022628898908112115
3.0387673972591367,4.59081360017577,0.008051590434031095
60.9494627755099,67.1098420621036,0.11101100315790526
3.6407785484956112,7.269151192515434,0.013597279913990026
4.548344786196985,5.430817772388526,0.009988888549199958
0.11245005738181672,0.40359645883225953,0.0008218671442753938
2.4899047032101658,2.089263482926436,0.005599021610169636
13.69307929041401,26.20731369004609,0.0408107875944594
289.27078962804757,496.01824909456644,0.3654102481313358
42.89471362497463,48.24824284931042,0.07542622097052583
7.758535882866196,9.304030462390811,0.018044407099208477
4.694365395527548,9.470055198904305,0.011132072314562586
98.15110645406202,203.20718841868936,0.15996932481818207
1.1488705911732882,1.6478251505149881,0.008009067970189127
13.028071757992016,16.737447423105724,0.024059516781812035
98.43298866792063,162.25730012713055,0.09242729102091383
38.14980232452588,67.44744037242525,0.04641355781192901
36.94937735784843,47.476804050269685,0.08728865409565234
78.3205512985481,152.46190272623662,0.2901803782893839
4.007763663822759,7.153216000749762,0.009910033883140788
4.327949965990809,7.876897386421588,0.00791332019530594
1.7026185040367456,4.645511980608213,0.0034760819472589907
36.04155298718135,89.40865491933172,0.057063039559247054
22.54162165928851,27.828637807119275,0.03203960880366052
40.536968311000656,86.86979247866279,0.049149226037855966
52.47297924632662,68.36231423902694,0.13096317633621085
146.0838208441692,310.06238536439804,0.335387032208102
87.72633617348639,124.82041106901775,0.3013449665476434
12.048213213721743,20.155291382752758,0.03777312118645357
1.901059677325441,2.8911876950103244,0.008711051236604763
54.67624173714077,68.53609345463795,0.09641830949766497
7.049714300908482,16.576676956365247,0.011056244242382017
152.97417127453264,359.6797082105003,0.2237413896910798
1.661985311283956,4.244566317053965,0.0034284897316491526
2.697888159977255,6.601229040029148,0.006488650819909198
88.68020257540482,193.87484918786456,0.14648087465148515
3.9835265408509746,5.361257745839101,0.010201899876782074
41.58404578683456,48.79033228185488,0.0639658579977224
254.9306896149028,422.2061841387049,0.3951530130976114
83.64589314205021,84.52081541115369,0.24163945668034523
83.23071927097402,173.14277812869526,0.17966242441336416
40.877005422864386,46.41789537965748,0.08139737058752232
8.178597886213561,16.48108495541325,0.039517218390944166
64.8257472101283,137.98561507424304,0.1685611071844476
2.0488354407403535,2.389484951479312,0.00974394795443713
160.5463981118705,243.69052285205265,0.4144624325092296
17.440453907913543,16.10988904125422,0.04090088022637846
5.572733895458002,9.456101452110083,0.029138894994875583
61.324811701711695,128.9314988576824,0.09534704770707696
23.65038395348229,47.06452675474496,0.04773477432372711
99.67185298517495,170.3610751052852,0.17749207877061188
98.02831148635042,241.39249608472701,0.19126616671764635
43.452063363058215,51.59989457803651,0.03921908963460438
63.30888768163019,93.79727400480925,0.37115181124190966
82.51385945585815,160.8255501326618,0.15297331233646363
210.29460498634472,463.45011452637004,0.25602739911240086
40.200672608052535,53.694379387306334,0.10227180266817966
6.094405746896314,8.531782363319701,0.009321449399954563
3.6919949511932937,4.0297521081599905,0.011028217779187131
60.63127313329273,175.60319595232468,0.12791243248564985
6.047635036463821,5.537025292050294,0.01374532473190162
25.706641306355152,27.362270007789505,0.06216195314702594
83.98740366412542,148.16564198651093,0.09417209936423106
6.241312827472173,14.999023822521306,0.012223724110982263
2.416280825168411,3.7210516671385667,0.008608575651933115
0.5126862270850457,0.4111707178233337,0.0017352576037691703
19.798927100231687,22.316553353833086,0.02794312091087616
45.257081147351364,53.52750044074411,0.11078342139468743
7.053375028576472,9.371366331467405,0.01972914402209457
8.240642624370771,12.618082717482661,0.008372533463781789
79.64573473983712,121.74700359847084,0.18623819934520708
15.11373058031448,12.208834125059212,0.031264523461593724
6.722242755063196,11.773973567384264,0.025721109314683226
28.755605257752343,43.76217048418253,0.0956927445237562
1.3382788917753838,6.203126171755516,0.002956263923564825
4.265134473902977,3.478046490129592,0.010797791423355503
3.061379186045828,14.38130260836068,0.006272899499592355
47.78817446910174,115.62209534663856,0.061398657451906306
26.80802572808735,47.088618470900485,0.0334244097074644
370.4996600607733,510.4919776909145,0.4350066758849317
16.969614116431902,19.732263077133215,0.06747676408341487
19.900584034969192,24.060196614985827,0.0406175601883812
30.953645402815727,60.71266675460312,0.03545502649450337
4.200752916777522,12.072497355099523,0.015505871965061799
106.31663433604506,171.89167192610716,0.2335222379902191
13.301990135434194,16.91818030278584,0.01054458342929886
1.6728627549116857,3.026274279498585,0.004354737287637273
10.381894323539385,7.707758838280663,0.023190155873105234
111.23188178700651,172.71605347057718,0.28970603537269923
10.978317947736807,25.61646579658518,0.030665610167098904
56.318900883418635,48.11209493076594,0.09115810897837692
201.34867408731205,338.9375084431543,0.3076931783971032
38.5840472056966,42.797255870256386,0.054561286249437846
5.215843262598433,5.468376200733334,0.011663579712311946
10.202884269132534,20.055665199806796,0.013398051457715427
71.64655319199227,102.90924102697733,0.1904527578568266
153.96423774132094,421.47552753299334,0.38245611670802887
130.51610858283289,182.52504071984924,0.24250889744615778
18.99294739527096,35.64872029718902,0.028770568207931075
6.415585686553448,10.908706428946024,0.009511932305460005
0.36164551696312314,0.6853610850632742,0.001829788536260063
141.3211738853879,263.71198214033456,0.43460605622955345
21.389631111436955,21.48736981534902,0.030698059513074884
6.025332430833827,4.4589996331046144,0.012010231290722305
183.8230233615146,327.79384184636785,0.294454218864044
9.55473998925175,6.764969651517146,0.023531111733748163
417.8950118126726,436.56197387701934,0.45052856144539966
13.513809431029044,11.978690893634008,0.035295979031506136
133.38775567892,278.5387655855925,0.2808022033238549
16.680999520501743,18.67883514112012,0.033320439277431356
13.236688954512825,23.53532698420414,0.031987183511696674
223.2365478155126,503.62833178197303,0.4529838276199317
52.85607122113242,103.69808124151449,0.12184318454526152
77.16958950417336,92.12421333398154,0.13585594547672866
51.46078186958411,65.68664794434864,0.12126899934585512
58.37039933948796,135.42362920223954,0.09577330909658131
9.366216567574314,13.831486880136076,0.01721848901025662
4.867767876603044,9.573832642904813,0.009600330441949126
27.073730221331395,26.33753673702135,0.05984900803906384
195.84777252784448,419.6791299467571,0.44713098040122407
7.915573881111804,5.845963765500714,0.006307312983985539
12.985483963661771,14.363727501165485,0.04313618288937948
43.34331654122926,86.52878068761743,0.08053980117056606
4.489891210617676,8.32623259965098,0.005454795443265384
5.726298051156799,9.073892526913385,0.013727753664820534
5.518258179978809,9.628644448263017,0.008106239591596344
5.925974508887105,14.060807760547084,0.009139130317434671
1.264257376967402,3.4166342212287892,0.0038528001088677863
27.39882454268514,22.20927285241263,0.050000522193367744
8.800033269542643,14.871275186413055,0.06985094431683438
30.538890763460874,27.19698231464236,0.04103941181412277
123.46437131915961,282.5816254826824,0.27767167644936697
99.15597339370494,172.6151393465877,0.1715671117086737
89.6052352929896,178.9771499588117,0.18371979964725274
18.56380758068408,15.346502598732016,0.051543884993165555
16.59616115030826,12.786731360470014,0.030743468538002083
31.701427209515252,68.84212251399053,0.09528500911313079
8.100329676272514,8.702160318613856,0.014873274995878146
73.54152283574793,127.83593645523715,0.19194201655284837
57.243161396306064,135.70354622640846,0.20143417340223138
164.75994640894675,207.46994878077857,0.3602490216859814
9.039325380856061,12.103321174334921,0.018107176401938818
60.0306412515727,84.37327433039623,0.13139537754317526
9.386091884132249,17.417753155243886,0.017357381086936748
161.33576003629358,279.584073637826,0.242424887237666
1.161344432271468,1.8176404450264951,0.004715323285279497
249.92818506488462,418.29389301607813,0.27096569351569283
101.83198699456084,136.14675464813035,0.4006739432563985
51.55300957294508,104.10477870590309,0.12810059472000254
28.00307760900665,22.583938284271802,0.05138353183556465
23.27420780378462,34.213506886764876,0.04988093966322714
12.445923811478245,17.68352170763087,0.04523836887071958
15.072029984739316,29.05725841384997,0.028499750124638405
21.575019931862123,29.622734936375522,0.04040261834321231
86.643394361459,184.03461524790373,0.20535563062795434
32.424394781969745,68.84945340749853,0.0949074727962245
79.67534104652118,157.80140435194903,0.22979068927025006
33.984849040815696,92.20261533971471,0.06545985836629276
5.458084732356568,8.076526992944213,0.0041178392168289436
9.483502588822963,18.345331902910136,0.01592261697674807
49.78203861598123,165.3312081620183,0.16835351122294112
34.38613790994585,58.32856778800253,0.08865163471950745
61.14358274568395,119.53864385600164,0.16699299897126113
171.72227177439314,401.7205479929857,0.31542430923203246
10.018757141397204,7.639853013970963,0.017021020175261057
58.11576898058882,68.59258243681046,0.07070738462439531
407.92832702478347,646.071229437094,0.4391707865996575
1.8652862221713626,1.6989123752597133,0.005505962212847854
32.12884284350173,40.28740898090302,0.07501372885855982
46.70989323541393,66.82272641189567,0.054854761191767624
66.18139453510648,109.43652415586024,0.15514794924962577
468.0487439811019,631.1720217421763,0.46617715451687414
8.799682755952194,18.43073198798374,0.039096008664574924
17.23146606699453,28.336284613705516,0.029346864211954593
88.42916351670729,158.98995980567145,0.1624574036394963
264.76160494896965,509.3010962776797,0.4674365930466541
10.171936665388543,23.041699684834008,0.023297152570290764
28.31316755019251,54.538194839824584,0.0951855390734883
123.91143350523772,306.4644697505531,0.1334558980334538
8.897966683607693,15.04259792217274,0.018490898207079148
1.2821163346726783,1.7340744410566844,0.006303644436758231
4.145181147630008,4.436108412626428,0.0054990191471425915
33.30231127035489,68.79993926245511,0.046597080942197014
1.2186865675961351,3.403664609054109,0.0065564147402038106
3.9576386061219044,4.431159457254568,0.011260544841396979
86.80000644895951,199.5707420116101,0.20200648568966476
7.631290331148838,14.13802746955306,0.013807269900674723
26.23452134131954,23.223932147136356,0.04618477357608294
27.202082635752074,40.6509135467111,0.06138696640976025
96.72794385307664,187.36971867574428,0.15364689790066466
79.66709093452937,228.66535642820511,0.08468311608805326
19.899572146239944,40.60638633474589,0.026328117509060275
23.042163258787934,28.990299539133876,0.05790957890055299
17.3469551144666,27.134485473863016,0.03351250389959414
51.97532033091145,88.59429048914629,0.05179006695992922
77.86517246798589,99.41683830646016,0.11754465399427373
38.92612196756889,38.7949054552108,0.07545850381675165
0.36469217214221955,0.8395872184590786,0.003350049106869145
40.99265006489737,74.27149584120122,0.06453610388315817
7.442246837074163,13.609097344140293,0.024864252793417037
127.43039067762025,233.61737566814273,0.2927999279981675
6.503501651406825,7.481031454716043,0.0176329000611336
22.678428366019656,73.72926210252416,0.01995612641735254
4.793765622561999,10.249749019940824,0.012724478437974732
53.171651459695155,114.42807538511678,0.1599031171709251
1.507888254182117,1.463057347643549,0.006266223910914153
100.26923424246053,221.39960826668917,0.27125941982477286
7.650756090295855,5.920938528716174,0.014938598897927494
334.28118098268743,385.3319059476607,0.5098153626501399
599.2776447732277,1116.3176907056613,0.7762713717211266
8.368563558274197,13.299075963397462,0.020159422476243766
40.13419338406681,45.68311224048109,0.06296212976171692
16.91848055503028,20.022726080397053,0.03263593930687276
3.5067707040917626,6.28908263387357,0.0034389691553718994
37.61514639175957,84.20991098782558,0.09731517541894547
13.763316144024923,40.57099299970392,0.04188667872713994
28.560746563272662,43.9667259635817,0.08960818700816515
220.58345293563798,318.76109801099784,0.1732497844749319
36.328915032628146,45.5499828199801,0.03427491045902987
56.99627787132761,162.32115657447764,0.09451986029013512
24.961091012646744,36.02506116256486,0.05298275453125211
103.51426688112697,259.9335444642026,0.2610566031648745
16.201994137071974,14.224676197771629,0.039783990883039445
12.591038831988582,21.33200772784802,0.03561863078387391
35.82709321248755,50.23903090221893,0.07610810795261219
81.84611564888844,165.07804156804752,0.16948514972218487
137.63706143916642,273.08330197888,0.1935177913315494
0.9252042605972257,0.9428649960088641,0.00545622491798518
34.13788546814896,43.076868039422365,0.07664231138902183
132.405852373774,157.79627908075662,0.23499246816401598
20.53942351085599,33.99282400143081,0.05549427901808878
65.06988152456059,139.86932557856775,0.1255177139244557
29.258742208237546,61.74764331455607,0.040728950036681165
52.06922240087574,150.19796867932922,0.06615407197667483
15.817410919045962,35.41308660754886,0.016624355938356726
153.00560488433456,248.0493874151069,0.39975967002563134
15.726284918506066,28.96519223873381,0.02396154229971227
6.31450707043831,7.5434787289871075,0.010589660255393108
11.650546076516035,20.256824727314356,0.029648967850796033
16.02744717988203,22.048993894116553,0.016352296465166616
21.824098728803246,47.720744156884905,0.04830943865945672
42.71371468358754,35.799159489226156,0.0721060689333617
145.78907829387492,227.0733538644757,0.21614604656380304
3.2355640791749756,3.6247901005667544,0.008251882832451523
0.4557014023132928,1.2972999543318018,0.003712443865231518
18.260173206336237,31.49247465969707,0.015588212905928722
11.791701342095681,13.597899479828707,0.03180977740951189
138.6207417286117,233.541837737627,0.22722399170071844
32.35214161593495,67.95546967340408,0.05203192928550189
65.14394528973816,88.32847599103873,0.09885150744272665
3.5361449666013343,8.189059699041561,0.008269099207913142
1.1927692004682389,2.319083459089058,0.002571445897007808
20.368977986636292,44.94779904104654,0.04571121203368276
110.10336562353329,177.55657130295796,0.24161888075855115
135.91540951638387,314.44321543905016,0.2788983385245661
9.945014045914363,20.843994717204946,0.021274654537997557
74.88237737914558,298.7661763068362,0.32033818992548707
212.0177471189247,390.4038634754066,0.36345459733840385
23.832829138413413,31.59692770042224,0.04805631698854286
24.437057730477513,33.54632623519625,0.03838830989095506
11.82004186149382,23.426668496643625,0.023254211858143872
0.6125830367329979,1.849015942298035,0.0029567075440486215
31.416035743225226,41.524278178075974,0.04746220703636698
89.32267471454327,190.18182237640238,0.15293827705810484
12.522401161623263,13.159725166162637,0.03466850655021552
24.75563064813205,24.028172105539234,0.055447629098192286
14.300571594962484,10.958303141867265,0.03424431445949479
74.96331595924815,161.7623717259277,0.09461351030863732
192.74400023866008,289.58269809573727,0.36469294614568826
10.52601921924639,18.061677964054514,0.012717523510597403
6.07378567756635,5.1680271290541135,0.0217935234707811
18.365079074337235,19.84716812739977,0.03232782809485318
128.78150362381513,294.3543340079241,0.26120331129836866
45.95179203387941,76.9273591278121,0.0802106996353186
1.8646903654687186,4.1473451968363255,0.0057512050342716165
60.324415221551384,144.8302929700601,0.09931092590198008
2.9266072402592247,5.511313111995695,0.006028950369505853
138.002026873874,275.3138268854268,0.2560696126260893
23.55836171290186,25.764727901303083,0.0421242899187938
39.91799493674551,56.93644285398226,0.11567916727589933
186.31569094009726,343.1913982976831,0.3845989447366265
12.91324660216499,10.512063657088554,0.014161474677013501
45.183327847242666,121.81377311153392,0.1272833057960828
1.2592731327039537,1.4199558427443204,0.004031696724147887
3.8881962730675452,7.480006129201932,0.009829344679421924
9.086807608924055,8.167061924389884,0.012531709166237625
9.537012105042365,7.741017554597067,0.024208174915329103
24.244827757188396,21.414985129264696,0.04883444841741612
1.5113594777221484,3.9967418026691104,0.002902574850386086
4.290333213067902,8.224604339969696,0.012403978596184494
71.40160998309858,93.37585260917443,0.22282064804446233
13.472979872980043,24.72095830529859,0.013692726234548381
23.656326855917428,38.02233661824746,0.025101867861702664
28.069134175742082,23.45048861722496,0.04131200724816012
6.3563089376240685,7.934630500617613,0.015458251645472841
5.241658056539454,7.87747906413975,0.012991238935158323
55.700909373161906,118.6418409495798,0.10839197251245417
8.239859476311775,8.66775583691819,0.010430140210831773
4.474467640029257,7.639771876378365,0.013272152654139373
39.335294577944666,38.85378986111371,0.06746457343538599
134.38761556731689,307.1324469678253,0.3159192508664242
7.517874499721563,15.822756958653839,0.009500904939210814
47.6197233579881,103.68834160876914,0.05883478055596929
21.234504319779024,38.27541674502308,0.07149680346658369
29.183031752559696,53.562484031561134,0.05214649712458985
5.451284715257219,12.760429565210242,0.008517107212235944
12.518647434271914,21.675467769377708,0.01349914245381131
12.261281677281943,19.946249800816783,0.017287867441404037
20.927967577170914,42.546282674608,0.049574078716102685
15.60229214369772,13.150797743282382,0.030419710647451394
123.58137261446404,254.07749927269955,0.19620714333606493
0.9719960417640926,4.395908641702287,0.003456519284713779
75.160806170576,168.3981652149372,0.18771595152532838
45.58193772758831,91.3398809541843,0.11623595455868743
227.34273567716176,425.8905521290555,0.39621753991517383
86.53362744269957,112.4325049073312,0.141681296127018
49.81525224572338,76.2864686820627,0.06998873040998613
34.76837307352258,69.30855277414814,0.030956514764014606
134.14381062436564,214.22217468528586,0.3543079084770444
6.766770311269673,7.765645923288682,0.009713902244586443
2.086346860099949,2.913646459537206,0.0034164169992306906
19.1284172750563,31.898644021174476,0.023912192566010543
648.6665422557126,1111.8206056555237,0.7382485117456832
12.15001597765022,24.448163525897357,0.016253679805852343
8.413492189153578,9.873416483776895,0.01133642468412995
712.5186078929192,1103.2002570575316,0.6493383136768579
0.5545145402345049,1.2935226907312702,0.006106245339858811
47.31020687516044,67.07211493228766,0.09189012480863588
45.234827178749946,76.16173588519773,0.09671207642948076
62.73534702657022,123.23290228596302,0.14919900318624313
10.729885176323,22.206126693695044,0.03555071372068836
61.0271474200548,84.11509374514698,0.052266359218807804
13.26959696743075,10.163490128288105,0.020117029861468738
1.1015711031278184,3.4086455076512934,0.00332603518665886
47.205873582701486,76.5159779437663,0.13008392256742463
0.9857200830488764,0.9821981866371325,0.003956391236468491
31.091183642065083,50.470471507350744,0.031598828429840624
28.817349240929307,70.50076827518346,0.08960412268235961
181.0571475653501,289.41136468005726,0.27400486323932005
133.40649738924716,233.77246031673337,0.1930735481602201
74.41570899348751,129.96074777706525,0.16988768341969848
0.4915815858677182,0.4503797734751504,0.0031349717536499886
65.28162308029378,101.59535218648698,0.13847189006542773
65.57630627392844,71.1949356999858,0.11587353583473163
326.62306353958974,487.5045189268885,0.6815253528893193
19.80871142082833,20.5280452535967,0.030486520124772817
22.363259780723876,27.953181985196476,0.03317479024470394
8.736206762011236,16.082422043753848,0.019563976376656838
34.28136171290961,61.14304489618546,0.06513849947203885
215.33786544373456,396.2431542645743,0.753439818769129
4.96924172197686,8.797547124025831,0.010023871202570445
25.64177159502619,24.103769054255157,0.049063321712046186
44.09488115111589,96.7327278078938,0.04559854788198942
15.680233331145965,22.7543977310482,0.061595316184754514
5.751897978504906,7.468402423371817,0.01193511657690141
14.03735789841047,15.802358027296334,0.033687792487899416
64.8128635334422,121.345759558474,0.13218408707929982
69.0522453926104,100.22680485613202,0.12654508911309983
42.25243705502108,70.02824068914312,0.09808396861735817
19.1784021754744,21.28056264175941,0.02231317296157151
1.0386608729177207,0.7915104217310558,0.004240681694323761
56.7243853053971,81.48868670221663,0.1362511281584692
10.71048046608573,21.038771840127744,0.01798954304533941
25.418576314113466,39.13074456855543,0.04338320724377969
6.899149678709441,11.644256658317982,0.012172809296444188
9.309581395419057,12.663178525639966,0.017175818537017235
29.487594562943205,31.22663309226986,0.06561777705022508
4.191021011511802,6.6911400908895216,0.011483808417919981
0.4415811918322418,2.1487057295521033,0.0021497696464229873
4.982249213443861,12.791931050395949,0.015148861459142031
8.568821170303782,10.055321054844933,0.011495125390437873
145.47510714785224,168.5295505699654,0.25660943718629037
77.484031864313,94.16350139383721,0.17970796469980346
46.218911346054824,79.67857895982146,0.06709517104084509
180.76952074755985,276.42910547590975,0.25334787175423973
68.37508767928166,99.88321653920586,0.13693105591087418
62.45034878036521,61.09322113257436,0.08206264015314939
35.66512774935922,55.244611556051176,0.09596880428563297
99.32733051876616,163.40088454048922,0.22243871951640853
65.234180477351,118.09689088226028,0.1724439054645653
3.333916518814419,6.485994027302125,0.008263354666667494
9.167326284123572,16.48808194447209,0.025047942223955743
5.738968968374215,10.605068521317392,0.008726604030242719
12.514991698317809,9.940133522625183,0.02666133782078503
0.7756874403468798,1.1612198985599405,0.0028270926209571596
19.10925042597694,34.79258523990902,0.05742574738876059
4.078959880739302,6.323145543137831,0.009341462303726341
4.308018118614464,6.578928137784524,0.009956055261436116
139.32671450516307,240.34477160778582,0.325696923984386
148.83939385916707,285.10528990049363,0.2653059813101367
10.263012645802807,10.961903862907539,0.01510544077143383
75.50756015608276,186.42079864303193,0.17356473690622387
14.488438860482017,15.639256332564127,0.02560728190244411
2.235615248338897,5.120136746934441,0.006694010252627943
8.421117548765134,8.112460060437128,0.023952040234599316
618.1057681296021,891.8303768892619,0.7357359201120408
7.31149801019953,6.332815095205208,0.0071899504992018635
15.133925868614664,30.65749257590499,0.017360108930483512
0.43200056625535976,0.8941689162994525,0.0028264882689844717
4.753944308917728,5.10563677251337,0.013800159891489064
4.5908678009314015,7.773681448153673,0.00865325854899876
39.26597842627761,101.44327545506405,0.07159051545252146
124.47314951964736,152.44841226181336,0.13408916078661043
2.95530434297094,4.687355389101504,0.007292100772022505
248.59258215692446,489.4141501836583,0.49424895179044265
55.32837636197163,52.12409395490717,0.08877977249441789
8.173900864241382,11.511900770133153,0.025569860072296714
85.41960208391795,193.85655575393784,0.1432128324854967
6.435216638839557,6.815389454934723,0.011555405692598093
366.51589194295036,761.5345093790154,0.5112494019249385
34.24825380652441,29.0970726910144,0.06217686742301833
15.549301616221815,27.98635779948598,0.06194464543794936
97.28623918525123,141.68218994207444,0.1609194747272566
22.105810547711943,39.467601691005264,0.11029482160007374
198.29368032294366,201.3451037287056,0.14030809420746165
100.54589829415413,196.36902719037505,0.17702430824169305
112.057171165389,165.7677514468506,0.3170219667349019
25.454445576730592,43.91434380160617,0.08086180043874855
1.4389407782040669,2.5602838962779377,0.003706339193117909
0.5566763821655615,1.5275167023960623,0.0038385102200119256
251.87263481457043,383.9971150818588,0.6540005996070352
4.175705409128575,7.72467769962169,0.008992682912990574
4.5880702421354895,5.38760166646035,0.006536523404249492
6.090015422105507,9.772430353903124,0.02860604421610328
115.40170947811274,217.71524183717474,0.22565397255434114
2.1519771096802356,4.331349643511931,0.004309039146522748
49.91972916698315,134.11892620660583,0.12340426040052228
1.4980586875587605,4.105904397106978,0.0035181476462314495
17.149186522951897,22.73573686327745,0.02119044423684529
74.67477339820843,125.99993445885761,0.1397516212455799
159.43417489673536,187.5952350503605,0.17402472290612508
1.1784885732843304,2.1178303141195154,0.0053944387620433135
4.698842279280689,5.115175344075557,0.01252998180224301
71.6969841088145,147.8230221003673,0.13133854158685765
11.944577242445455,22.60340179484269,0.01295162725329055
65.34844913886151,149.88232347770676,0.1709148598999533
288.7151611237785,614.4027636625019,0.6693406483058351
0.9752701927412797,3.6952213574549977,0.002808006726775605
88.25706289608112,209.68174713324697,0.2397765655601347
23.62222699667138,44.487757442777,0.04114155254604228
30.834089111275393,48.41415691869113,0.05115055103752856
62.337379341810724,81.50385582178755,0.13791039744437913
0.8382542970312997,2.111301139116627,0.0017561839554547216
4.607252210751292,5.8595444267219445,0.012381407059262104
4.484019917075241,10.024248902133193,0.0042740771823085895
338.4882681181573,468.57368919803963,0.5200102671360758
3.1268612078485782,4.688587755884533,0.011458315642254713
10.467576701837045,11.718984453777395,0.023282387465347196
7.112564233816137,10.94348610021742,0.017677278190217714
23.369064830530636,21.64433278719542,0.06496199070429956
8.444323069417695,8.363449177614788,0.01406540522135686
8.91598869577161,18.810347938139742,0.009643955212834125
18.199614127471815,33.66307585656034,0.05382400166321132
25.301120952806052,23.165871916116057,0.038916906066558114
56.27064014811137,68.08601059736291,0.08843807008151452
28.448960372811296,45.4958559585524,0.06392617364602181
136.6814110453332,225.17387252991662,0.18871425609455658
90.0171621705023,99.79779768257434,0.15841719337533344
76.07100716663935,173.44770676551553,0.1127406724772496
150.6387617132846,319.78304376491803,0.3454829422365363
3.9792230534966597,8.028156041427462,0.006910722008115884
3.4406445913829606,4.5584761170541706,0.011624130131597677
23.82463027872343,22.89355671278591,0.025657911158793945
89.92939874880678,147.7752857447087,0.21928805788631914
43.944266893433515,47.54169002998736,0.06102145956083431
3.602583020789548,8.936911398378573,0.005006751252287961
67.19711256551359,148.95975787308726,0.16361510498987986
22.161083288153815,38.15920826653175,0.07632653398099669
3.79810506001493,16.247485358761825,0.015033617794546922
7.17200866649416,9.462253206070933,0.011653663099771706
49.17891550263556,111.73100930685,0.11889259094303467
2.166795296810313,3.0035138482079162,0.004226474886682
4.2626011081712765,3.6298300515950044,0.008501955513667754
87.30110960500174,141.72907930971652,0.22396565455839
1.2632963463691342,2.0295372334461987,0.005884927060297722
2.3451752948792297,2.9673584095285883,0.007367973720059139
1.1076227127710208,1.4747471078344343,0.0028039039932078805
185.4268442970031,400.9814749636874,0.4148145413971334
16.789161898155513,17.758305972091343,0.032096128730412316
39.82222471176176,53.741473281317155,0.08259768952748715
92.60234115034363,251.99631616353886,0.22375663851800032
33.35549064637758,31.677741416027075,0.07511293499431845
56.38995813696265,79.76734444334836,0.21944232542204084
0.6731596657482247,1.1290141792339277,0.0024321726107123577
117.36748756430359,273.3659333259102,0.1809369621925414
3.4332847281159484,8.359292967441759,0.008146338370768532
4.274301287126116,8.410772791071293,0.010197886930887015
15.29145645480801,31.14069442449621,0.015767722254705158
43.69142915598035,62.138780129841564,0.10449425718275762
34.230648119202336,63.49941861006069,0.08905481342470545
27.214880709163573,53.72189015673428,0.05766264651695558
437.8399091501287,1033.2093725514123,0.5684117258129423
12.639177058043211,12.671333502834925,0.034538075443365394
0.9841855046738375,1.4690645398819322,0.0023760573607446616
38.01401549669667,92.13092096915248,0.08374145051652479
8.413771600423614,20.19697256379847,0.02157598632480842
47.166684317169256,46.107795305596945,0.09330268376052753
124.02096911298086,305.00310050853454,0.153271832677077
145.74935358195026,275.11020352444507,0.23180197378856796
20.892543731311797,48.36980665370152,0.02137156864461361
23.538961762678706,17.460072393694062,0.05275914862229548
50.90912274311416,45.78703346675372,0.09748419933597456
46.09479953935637,62.36029520688925,0.09310196148149714
47.63945898645021,57.838988073465664,0.08198233145361372
13.657885817244177,13.976570686739175,0.02260348193577517
5.655720150293546,7.169235952635016,0.012762856360662114
73.00625927323397,142.70544825928212,0.09225601178733978
3.60594618790476,4.775138403908538,0.023133058622766208
1.9355414654608747,10.641430057431867,0.008665298713418854
129.76501132433208,329.09719875601417,0.20250516200258128
158.98024760318054,299.3838221569111,0.3365147413425264
160.9419441936046,270.732701787628,0.26047230936018007
33.386614996805825,55.10871808659471,0.05039013130555328
5.766207904584449,4.616150377831629,0.013206649201121667
1.8467350529618745,3.639246852186483,0.004872716467476747
51.316113975830895,65.83796555099813,0.16777770816321308
106.43132949957679,215.35309352327988,0.3369784329535257
324.52486099730834,573.8189102251374,0.42214047804855515
24.696720126388836,33.55371543942738,0.06784382623976992
8.127830022939474,16.907190894721975,0.023379686836004582
95.99108283728543,156.98261577983624,0.19360228698793364
100.15105048729298,165.18487717242155,0.24152013580297674
4.455916689690628,5.4151862144829535,0.009509717174420456
98.87899280325874,136.29636949462906,0.2682925277873976
36.99221622978802,74.87380800984177,0.055559548299705865
110.13301628638966,288.49611361740364,0.06314256401561762
6.27683861598411,12.843705586937782,0.013045434609029904
98.98846309849024,204.11998077737977,0.18929028975759007
5.822280929560166,11.106601915487458,0.02038619598685857
33.23917711203773,33.17838336102282,0.07123484974081817
20.245767919092163,19.276657280023432,0.03358484091658585
5.005161087925461,11.326895047012389,0.009989938827025953
86.8056586099548,96.98298388318055,0.14325691120624065
33.28369382819922,57.70686011068139,0.049816476542844705
4.660424890319959,5.2127602775299735,0.014286374884736316
281.6826346061005,531.2804518041193,0.45486370814876176
5.471793055820051,7.970023582844107,0.010248803538526056
1.1483830318723367,3.9272960098003136,0.003966674163990467
11.0780255881732,12.911903613076651,0.02880547488289745
105.38056536204705,128.75073884864057,0.13810254923878412
10.951398373345631,24.374394652341977,0.01776588331322492
61.61018947195832,87.98376758453612,0.09751581354001888
154.41179643317594,270.50006180562394,0.35679654024270546
219.18577178356108,253.23039065358353,0.20349873853694508
110.19613988068858,174.04909762767343,0.2876434313189676
2.650625698392122,2.3688835772100467,0.007090663862995237
37.70912843179215,35.761046465358206,0.04885010362083731
87.52725112248852,162.6500741072582,0.19324909284186725
23.91303300014411,40.95035625124136,0.09067061225368139
139.9268941344029,161.78715684300207,0.32218854487933535
151.61076116240207,292.601261385924,0.1770911683261862
10.81949668263765,11.874672120537923,0.02097197332486877
74.69693575502473,132.2159157419352,0.14863510976470462
24.720194599773276,42.29960542641828,0.12235207941747779
5.386460980069678,7.9676453940800815,0.009539929428757334
3.579715429773699,4.044354816300506,0.009636152961239127
39.81266725478765,55.86004752428418,0.10994829952218288
37.59008843183034,105.13632246316189,0.07332907925877705
50.08142761348158,77.3374368748535,0.10909754797667218
83.14031551198426,190.7295516134126,0.25290351633154323
38.94877621553337,59.06339879671985,0.1139538047058937
59.71050681135534,122.17318093085912,0.15669712908727154
7.479045389300084,17.733935254269948,0.021648823560866885
70.5516112960916,66.92337375806746,0.1177418982860469
21.725987426598934,30.978838569281614,0.05158919870065691
0.363186324652011,1.2647665451737917,0.002923901944061123
2.3275867205929095,6.3781087647551455,0.004110880235342823
1.9997615888835452,1.978140841235404,0.005986326922737029
47.728543114573405,107.41150183633471,0.24201336869642198
9.57424592591786,14.205671364324582,0.01963611274387663
12.115044261596179,10.462747854314957,0.014302501437709983
20.63977299124884,33.00988740949579,0.04383153824281764
44.46096826370024,71.68695080717443,0.11630675637243418
0.8511897734322468,0.7429473396019224,0.002331917750382725
23.51596656037402,21.316053323947045,0.04778341981998306
114.17590080002577,198.7510621303215,0.19545775710226812
0.23746583318898218,0.8920327110272744,0.00194315540330957
0.9125401001047344,2.4541536748967268,0.002576640099170739
3.150690754265216,2.4392814227926225,0.01430785616427108
116.64187359225404,220.11764125887524,0.17897682254764807
49.467696271300504,72.2641288596508,0.14339504218292676
198.4171254339262,382.64375880042616,0.29269995457298953
142.5768210037138,255.73512428281765,0.31495162628721063
3.250493232996931,7.2763662696489115,0.0038228178744785786
8.602678211066852,9.800016270138357,0.017739937635983936
1.3163939506550417,2.5829655947167987,0.0032185698962518693
3.220875224303499,2.463741363353976,0.009967017391486512
19.8552334381752,20.31303107354412,0.03335400681815779
35.70680210730831,96.57128816198208,0.06931852270494117
13.854650119211815,14.295802252683213,0.03394679128633256
57.49391504864199,93.7765210191917,0.13468249336470722
83.41452376965697,147.74271032523214,0.1915310952072802
59.18319863019491,110.68077525546121,0.10979054403509764
103.32249091618247,203.30337814827914,0.1364496888179054
51.9611321247148,92.55650147285489,0.13929749381240702
38.829207415392446,145.7280516859656,0.04417741409235146
5.224926831089041,10.721866929113817,0.014525874190531312
126.48527335268234,274.30546440012466,0.22750712201513518
37.681348249231625,66.32074186603249,0.10217301470205259
8.918785819968473,6.809277148154605,0.01236477577027148
9.622850685530548,13.075029155547305,0.02969468859853372
21.636393337825726,26.178727395811233,0.046935353819833596
46.87503041076385,68.96502687934559,0.08223610935181824
110.22608286570419,180.7158452662662,0.2347821893709366
7.2404671154326365,17.268017881347237,0.02234715007685929
2.5477671452779473,4.343718990448573,0.007000722262074492
2.493009903828793,4.263684071024833,0.01020266994853621
55.59232954646941,157.47504921877825,0.1079267334503742
356.7161763413967,643.2623032136122,0.46013795760939125
17.01547515959212,13.038658100794986,0.04308898348202803
59.436716510502414,160.71226311012617,0.07539115002662514
104.65354361547958,166.20134425084308,0.28106713132460176
2.1147766111562274,7.4542344736062365,0.0036939790995835086
4.236341852834109,7.065091602382551,0.012585702643921693
3.1311954787894223,6.877902644005811,0.003262915720685313
139.49536030609056,155.30906984135268,0.29655405468278057
41.551368330757185,51.330479820680225,0.037656773784130085
5.512047554043388,10.570713565136382,0.013907451341316246
26.282713413248292,37.270298542751064,0.04655926265681223
2.200822258758929,6.804549583894672,0.014583083871830911
0.6339436693550974,0.7432101713752248,0.0035420036927121578
107.75956845614334,249.2653091829516,0.32685866311223666
2.074316188177638,5.121605195425548,0.006521555544875101
67.32958700738759,53.36434469898539,0.10205809420790705
29.958810075157547,41.10358924450596,0.07582634417603706
48.76584313425479,62.68804366706091,0.04557984554904797
54.54690078095449,73.97701656548422,0.11236836210140186
58.93417644066093,79.84606847872375,0.13169191877885159
19.415506379792852,33.73093060583666,0.057687988655233384
46.41722957656594,44.663971046242175,0.04870605764856744
46.93789310945498,60.576671039866724,0.12460482509691166
19.607976717138225,21.413996668634272,0.05903007460990104
0.8083352699548948,2.3707787467095693,0.0034577343469803018
31.721427984580483,29.02926032123348,0.05792255572132651
1.852954210881649,2.7067302062628995,0.018810545093565684
3.0350297895866203,4.773486034153648,0.01015229309210717
12.162370595099071,17.519428206492556,0.01781683593108488
39.58251494122193,62.95319647373445,0.15138605986313458
10.93960996447522,17.993448899744887,0.02106757665130969
7.17225983736779,15.420372959043446,0.013591546741056225
67.12701510853371,129.6110124564986,0.15145908887379383
7.349355234886614,10.771639509336211,0.020204631275441424
2.9779930571578666,6.726480623727441,0.01086875582941883
83.68880900268837,174.00598248125593,0.2221489913175871
4.472429070959323,4.329487429597031,0.01618624187730548
92.60740916116586,183.23559471461476,0.1637328315426472
2.0645739714998994,4.909886270432713,0.003259186680985697
76.29020076503281,186.64751649311543,0.12432161095939974
16.278434649842573,12.093831293717571,0.03600597482099568
30.481706607591263,51.43650277106574,0.10872956202031399
3.4682330047881456,3.3969858857632738,0.008724024462223466
19.816803536167612,28.431475869462606,0.05297314843500841
4.6797905787810326,5.481452277650253,0.003945798891308352
10.914297626214237,18.491820121569088,0.02904337102595686
10.512388977436093,16.533338324394833,0.028032468804076553
23.319182595644122,27.853511542029697,0.05149758278398096
20.533437753700138,24.932179711189924,0.04820383831922587
11.319394228116717,8.899651428306724,0.035811443306651154
131.94415789619111,290.44869279470265,0.2608356786364913
36.38399215270692,59.56932692128477,0.08466665395469036
8.91226717527141,10.23260204918758,0.025745053093216185
8.246276587813801,6.65596380234585,0.03021755856899993
6.460784124254279,7.716496804270766,0.018154940759346608
12.424127982257328,16.045600323429145,0.02882300411185858
44.609100231263675,101.4835477243293,0.06865184987827921
25.00985857033067,27.980604567851817,0.04464444011126664
120.40666209905741,295.94198535183216,0.41462769293775875
0.6040428683956024,1.5722681635177134,0.002701798260883757
50.302763797960395,63.696064306827644,0.0896871632752427
16.502237326442586,25.72631734464109,0.04789282055704363
125.8988438785134,264.18293659159593,0.35480864560261693
12.91244259323911,27.23941073184481,0.018408127978516754
166.9383801202117,285.35636363967683,0.22277039691087286
1.631571631102781,2.6244335037683495,0.004250860857943137
10.196641916198308,13.447285656130635,0.021835816036384716
2.0311764851581007,5.6062045694914655,0.004930629725510948
15.971761060937503,26.75460182499056,0.04588160345742976
86.02514295065188,173.0277273314398,0.1629754662516875
72.29026069592527,56.94222980836412,0.1289727608909008
16.905062095380895,14.463658454899644,0.0344736626110371
1.7747742177283488,1.970384576973983,0.004552696810388033
1.492785527039805,3.737535604393262,0.0034328899684596135
3.3215631908025225,2.6984909225917755,0.006825303588020806
33.390407910589126,64.5900506963412,0.08329150633824717
19.484797928684184,16.75084788996589,0.036863589466685935
13.096799441795559,9.999834217679025,0.031849857707365224
67.70788284431072,135.74638503765152,0.12430014450062743
1.280825037105048,3.5942634878536226,0.0029037810442882
133.09552730734939,239.47820504163613,0.2843283323493928
57.51189308456481,88.8797572513066,0.055038339630513085
4.722471609723137,10.065848770146962,0.013109309651612906
111.5837246220841,276.9235203343023,0.2799518277896851
2.961307656588957,5.1205765929812515,0.008443532962439701
44.42669136503511,74.86849518195834,0.10251629096199613
71.3304135611535,109.42323127665229,0.1604092900241764
5.450984433599353,10.959534883521963,0.015657285094641045
78.6313828355253,132.35056756126664,0.1915140305968766
6.641124396727195,10.293935465297167,0.02135539915571845
120.16879869517489,244.9854201314477,0.3633306030348216
69.73870583660668,88.96312368123982,0.12118726520755865
6.027394290461159,9.931522167360571,0.010366325068439267
1.0907129033526877,1.683901936445819,0.005470194343025331
1.7345370323379365,3.608897485927079,0.010133006723486247
30.022161707960738,52.78800156233745,0.08556867477886394
4.462471016347104,4.372873414705931,0.021839716159651728
24.21014199110466,23.37463230411587,0.04537939163958289
29.38222016348366,56.84186516148581,0.044516817490457807
34.148502073689535,71.13019095230491,0.04031649105586755
82.46199515889523,122.79048808865836,0.1946115291882929
9.60754791080117,14.384450439613085,0.022474051413246612
16.84243809597468,12.915483745589963,0.03772440033299343
26.204408673994088,38.04297423060953,0.07643603645477076
18.46012829711309,46.75746276287466,0.015821781529855413
16.263203429723614,21.571243160303894,0.030294129004640756
6.00752655966931,9.486741152291211,0.016951705902269045
12.132349989268643,17.51311479578843,0.021777848612601156
60.47024692211398,104.33413397909649,0.10024584351172579
7.270130879488557,11.269478619027701,0.011748752191017307
173.69924768343446,368.8857279437075,0.3134936595856505
134.64217907304945,223.48893868779336,0.19927903813657333
184.7228873933882,415.9550633282382,0.4419214813916188
11.278412737078645,28.177264675749463,0.010130467479702218
27.96641301903007,51.8015681861006,0.0633098909511441
227.60883642860438,417.6473505188549,0.3098683690868602
116.01564581559556,158.2415454304747,0.20294076396493063
15.506967649900858,21.29953862670327,0.052886900443221925
56.92111593396259,112.84367636254497,0.13859107925646427
2.337706813252449,3.175044816729197,0.0046444334178519535
14.502044384727984,24.640563409306825,0.022129246850196942
9.16353982488288,13.212812977445047,0.009729962629527278
43.68422279475898,56.4026314493552,0.0594702583513169
122.01151821980412,273.35256849000035,0.12441889654360602
34.25796422869627,51.59438095628824,0.09466959507210213
8.383384887534605,7.854983433910138,0.015695969910153013
10.738819979614915,9.12146921215421,0.018780895769771877
19.368359074554565,15.837131913792907,0.038482672019444886
3.3034523894692844,4.666055998454922,0.00826819381535802
172.95347965188154,276.36925046076783,0.29482488835645243
95.28753050229523,203.74692288236852,0.17625597957403555
47.471225633553274,67.60618994766138,0.06119066561905982
49.681177223142804,111.12666305171037,0.12426348923168723
10.241433062128745,9.04786457756045,0.018462532526150162
3.797047817553468,8.382764890391588,0.02220014123563711
39.62316111591728,48.43687974650317,0.06355624978435438
15.528274173407638,22.247593417438615,0.0388777327591726
45.53235737118558,67.3916497996886,0.0628911031359124
13.808073915119103,20.452152592968993,0.017482223730923018
17.070418901828663,19.066465696509766,0.03900279549006572
113.00468877257907,183.26633955665918,0.20548408829086992
90.05018684835261,119.85335459568823,0.14788707976689291
1.564379653220751,2.482001619068168,0.011665991576865166
53.415632361471,69.31437177239083,0.0908682740557208
15.183784436508784,21.811929598714148,0.025067521866615906
247.52656293119387,406.20094617494306,0.7335270695436598
15.88942501652918,29.080555614114047,0.021523811247426635
29.672946188119713,40.35973033044106,0.0764195772817926
20.66115741811474,21.356564730949245,0.034755835186461435
65.80336937578798,169.5524535329529,0.09610486767712945
40.71108500391668,68.61405830193863,0.06344111991496897
8.316890092286695,14.126712617397986,0.010704277101762008
66.1685827609243,99.1507052826669,0.08034256518355161
81.0134079933867,124.82901553209135,0.3781488820415466
14.14990150311982,12.21851775099313,0.02947901069900616
19.548889472777937,33.29868424274296,0.026356620003618797
141.19501337937234,333.9769025469144,0.32506070302641504
9.296476546324795,20.494818813869337,0.0334651879402454
10.738592728328044,12.24767188075949,0.01714073354805266
178.22933529977553,316.92506635997296,0.4201212656463099
5.302585622124626,5.007471929435949,0.012110473037906046
1.8147169564058376,7.2342594522441335,0.0038122850907494673
16.0804499749439,34.63653856796914,0.015254952250150309
44.26974431619581,87.87737169835334,0.12661950265541916
4.89336678016865,6.5046322561521315,0.009959229070052089
17.499456206531786,34.494972823652404,0.027111605987417655
7.9738760328998115,10.93968558595803,0.01190028544721174
22.88070143919987,19.012121996209128,0.057515328972744015
166.3244148531188,188.18624913568163,0.27189059290330864
209.3558771823881,336.1222944041985,0.6864442925134108
0.547826525827544,0.7844415133276869,0.0030758309170888943
147.53798753745323,197.50394317482034,0.3033859641777924
42.00969208935857,69.05885853139279,0.07995642270305013
13.270620041449842,20.87679904712983,0.02057017990585862
149.045259824213,243.61826501312254,0.21323987986471635
19.365585276853615,30.307380655199292,0.06442884066619187
8.296895390613091,14.644687120504303,0.01602483605602585
192.53200722714666,396.2785557707032,0.2963546945799418
30.913772413529653,42.75871759120264,0.07716555762290563
6.361056893977713,6.077771663155813,0.009779443007869525
26.057428086710324,37.575094176950664,0.07380370796431544
47.523208120669665,47.33064665745718,0.056689433815613026
26.59873677600008,19.74228374086804,0.07331083380667403
78.72139851512291,177.15621414051975,0.15764992792104
39.722423407408414,50.84532462129035,0.07346105513565082
285.52213739660965,422.22779971250736,0.25737801168751895
34.12937060038303,74.5855316441467,0.10558893079043402
7.155629993373526,15.114147901485175,0.010088385973220187
26.468084315282265,28.378579357857348,0.04970654483271078
2.3731782451224466,6.162571118628543,0.006121367519110697
10.01260219955948,8.730028297661807,0.025254621796893754
6.810040674792733,11.929064068638613,0.017343145767798197
345.2141649433709,418.6153629683828,0.38654792597567533
52.698502198640924,74.37721911640857,0.04517871213573132
14.924018529311542,19.26107915858354,0.033350360100218863
0.6176447378032298,1.713796541579993,0.0025234285607415316
17.733944810448904,39.908548733252154,0.014614559566550061
136.18870786307266,470.45685765828534,0.24032809928827564
15.751101357281824,15.026031433470992,0.02452081543326042
1.9783886376983355,4.9670170740901,0.006917990222189564
63.945416834661984,153.86832844091833,0.1444327611032004
53.18292004272163,75.74894838813485,0.1144378320757869
12.411118124744457,20.999740947582968,0.031184372709667785
60.056257707298684,108.72344087861207,0.15922600913450768
27.82381595621163,45.639208620730926,0.07601299973780568
1.4481380568458306,2.36232227540098,0.011825536038655103
11.821273527106337,23.12976970392823,0.009254417338163757
100.210580151038,231.83656141226172,0.23529194779748738
4.740620390544405,11.240880481975115,0.014455418595445607
6.16950117870481,6.352250020530681,0.010440613504916362
2.403020258172417,4.2236647442184205,0.007318716288298204
6.231285657022226,6.017634461525177,0.015682791388382383
7.0260913686554245,13.13435164633128,0.013364450706430055
7.65131653847803,11.115593874988924,0.019573913088192084
40.913397239392715,109.06058357092425,0.062476535857057224
18.287494845414365,37.28764412744894,0.04011717708189034
11.912674103681372,15.367548492599068,0.037847093243557894
58.42227660646989,53.95657859839935,0.10650736659167014
22.53973018784938,23.46226612144516,0.053099933808451745
7.569532635918749,11.834063409243637,0.03438725920888117
390.3704263616087,851.2292066046709,0.5575031771408804
28.05673447226855,35.77809536020337,0.06009837667536051
134.91316882010074,314.7055036272668,0.24962508842228673
222.54768257314294,538.9064669350784,0.35344368164357864
52.88451495826581,116.94609341081907,0.20797825095251085
4.90672971303157,5.346721881621437,0.011878382159034886
55.07768613447465,112.82339657581167,0.27427019490260607
11.207977762469017,9.629265982929335,0.02389271009528333
4.822869494414188,8.300394354909967,0.010942320409144583
18.62886732662959,28.606360478619155,0.024760805898765347
5.174454582810986,12.856387728980541,0.012134466471131044
663.1993406218131,1181.680533783514,0.7693574907741175
52.84199742566343,79.96287418876668,0.10808259622795321
17.21407005374941,20.00656898146357,0.05268792097700729
25.4499694982201,19.8858632539977,0.06711079643125094
41.293319765250715,61.393107815668394,0.08064600343176613
59.2507206821714,62.827475973611406,0.06874115786569075
10.679466929361535,18.39884216060041,0.014957316215187396
127.83311089078234,223.50891737069242,0.1847583634711816
7.456302978344097,7.207559103650545,0.018041966720579325
1.7565188144119104,4.016184212032265,0.0053388026623558274
2.6279429797032323,2.334824300912738,0.008097979389048455
16.031142169219322,28.495526542904752,0.15426052264099258
61.26643751979509,65.92401177658175,0.1129721417211353
88.09099323725557,191.07756689877766,0.13402345321140088
5.729574719043542,8.921939971059823,0.008502130062458329
47.25239317135152,72.89867868652314,0.16659064624968684
4.826087071008333,8.285340245867541,0.009146085526267961
124.40954697890261,249.42175819183274,0.2561329829609151
179.45273621883103,289.8938241589065,0.1834054616842454
37.11101716571226,42.99305930245123,0.04467808395947269
224.53050576541887,402.6099935167777,0.8050684171794708
62.70967123805228,53.84249915056858,0.09313883015649528
1.6433238638677108,3.9202330560956486,0.0032218499269494483
20.635263162562456,30.32082464254879,0.05339616356198271
127.95739440489889,232.26061033055362,0.20688348675401436
29.66314979794918,41.572832390884216,0.06134714675828216
3.9114809422644963,16.472323036257322,0.010114898629343345
23.73724832868497,41.6410638054502,0.04177085589646949
1.4317156871353796,1.9308425000899112,0.0033671455017796367
62.34657256014237,123.26403689660194,0.10881317747118198
44.58634184760673,54.57910014911395,0.10981606309760128
7.404674354222465,13.915952243540298,0.008147103199589162
1.8469748956676129,3.7943212362113132,0.0033270646552538835
110.53218195242646,164.49753492585913,0.258009968908034
14.705398797121536,25.30952521633698,0.03201168609481153
6.694166481902984,13.372778632848826,0.016331023325283744
35.41956954385664,78.58058994462858,0.13153831193590082
84.25010454154457,98.17260810890971,0.1225639886720807
12.216495468031884,19.485494127539102,0.013607680885900393
211.33311612905175,279.2178621393979,0.18415503690598556
43.21030464230553,104.55804740567339,0.07041725492446181
7.547500609977293,10.325065077501872,0.021992246388154495
58.57921118399554,117.75176632686777,0.11111028403141067
16.663357236344797,21.076609243496534,0.028201573111069186
62.30034264632183,115.55281785266168,0.10612740021013255
16.847709546044683,20.582181325722267,0.020920595092333412
62.731213970477555,70.88992098483558,0.0806597712964537
80.33447407568102,237.82044124897476,0.14770588193629414
16.565759564700137,13.978779556014606,0.035495040854735635
89.06078911824768,183.02596356397592,0.16621716324625554
246.19278943328885,404.6125154895913,0.38125125553041833
158.1332586668926,299.4778053140673,0.3693209505025098
81.89834058579473,76.0412218405812,0.06507582763631069
13.587896657683615,30.25471947892853,0.012423482833557742
6.968009878905864,13.378461875315764,0.017564331728368524
45.17166230183381,93.19954076491466,0.08165889945206882
94.40270793732917,172.92458658094083,0.2520539049256744
4.0521692223961585,10.285302341741955,0.011834880331741243
32.022610429234504,33.4056076660918,0.04246614002239723
41.28369436020861,96.11764347114217,0.09975466911927632
9.519234493547744,16.459910890375287,0.032628017389764306
41.28971010485043,58.63357885244197,0.09326229704222379
16.300371319360668,17.890268505354012,0.03639636057291822
118.70025730957649,191.48081218869996,0.25483690783811236
9.28703479362736,22.321573299687966,0.010184113850624345
1.243756277738171,5.08861457524682,0.0045273781063186955
0.7193285157420597,2.2052797763389327,0.0052866516828542305
45.118719634026796,104.90794243574274,0.05703340407879777
80.59594290086504,173.69260812727958,0.1786764501256082
35.04079115809874,61.19887968364518,0.04107607707202199
32.133242752594334,25.716481727874154,0.05521612558173002
24.76141052377568,33.62415867062543,0.06561133182421977
30.750362202412195,37.32340146826878,0.04221947448891353
5.196635555668315,4.847451834793537,0.012433468557437016
6.081410353546542,6.761542539894112,0.00878267136817599
29.991187519548664,47.37839111587184,0.03532476324277693
0.4897816267444043,0.3710872795675574,0.002290300211134998
30.981272030446398,60.063105383430134,0.06454268451299969
116.72618664838555,197.08546885257135,0.27411725084687316
135.10158837175197,286.52854785826906,0.2667799811860421
39.5130464292404,47.48308673779857,0.07483090803829365
37.10293166175168,45.09691132374245,0.07787482392349289
90.99536512608238,130.69820414282623,0.2600709064115107
50.210034005701594,99.43571301991201,0.12657571636260762
150.44578156061814,322.6109508837896,0.4394126255243582
6.505785932058447,8.038441677739238,0.030574517498763748
2.7003183288456016,10.326079940285188,0.003487482954509691
3.5911929743394686,5.260315991119612,0.009207472883255966
37.110777805840485,96.24464259023016,0.06267933717498148
146.16161622064422,231.7129412027224,0.3206497393652955
77.144948374411,115.06418319851822,0.2301735151647185
1.2696360083249811,3.264088927021693,0.004450283873264575
26.385889792555687,34.7377501931446,0.05498190374216312
297.7014594389454,534.2692797677059,0.5156914935665313
66.1327023129937,95.80065757582899,0.09252218160291294
34.7657031389508,33.670105831597134,0.06007054829537813
248.42301357130532,512.9071019778273,0.5058033596475482
11.825833619185449,12.152197988915733,0.01412148630764603
5.768253962299185,14.192345713113733,0.014406102657250498
10.029040811674854,8.851646032051201,0.031312693902317855
115.43110639474108,192.8283934556375,0.29353635722345145
24.830109875326148,25.50381839850275,0.06847554709622103
6.916597614864848,9.033427547201129,0.011046841717322165
0.31476348265752824,1.2906852048539688,0.0017758479013313848
9.153044445807653,9.86590522741205,0.014483994748960251
10.082590748497248,14.91163641317786,0.027186702347436736
1.6118635888301938,1.4147769575055391,0.006690434692471597
4.210230634542449,8.731386049147396,0.008577886158431986
82.93565626823845,144.44554494444827,0.1903528997607857
10.905295703572534,28.63569517939732,0.013400991551560316
48.89859142759907,55.159739531702066,0.16372300926527475
2.8371361198815115,5.437171321827343,0.012909816012966186
16.986479611027548,26.646531997667875,0.08595809656932255
26.078932127496802,29.598006569097947,0.04629905897916438
10.293158449036946,26.63159665827047,0.010681210979202943
94.86535452436057,161.10240875730398,0.21573976318093413
106.2149173380469,220.70924845847523,0.19098124974108088
44.93571903154568,63.94696677553885,0.09486994545380974
91.0707267015713,196.275365519138,0.14717075310507988
0.7563826833749648,3.055539506516113,0.004738194151192923
123.96990935984645,288.6902412603932,0.3109126877637436
0.5782997985142919,0.7578411336259769,0.006808647994012734
25.40822263238861,34.26519595711257,0.07965862546200891
53.955057956695846,95.35870923201527,0.06634467002778077
21.66939266127137,29.451226903285242,0.04886448207902134
151.61913180212548,300.5471292430654,0.37201484295793463
832.7876669880294,1284.2718252463453,0.8585467511689405
191.1633796219272,359.15317563202126,0.38974592308445316
168.83071431662327,283.7521888837013,0.3962398714530002
31.58441633050755,31.39292086677179,0.09847275867422653
64.77378589088845,95.52652714738409,0.13570811241901148
104.07045161509363,200.24886502418028,0.18120076071266777
16.795921213439104,25.824899415945183,0.03687242035762597
22.492932373910023,36.49479771535962,0.025376702464761702
58.021295620085404,117.7862185780994,0.08111200327916641
50.516085722048324,129.5938481192709,0.12869707722399348
16.028315303317182,16.360546854037707,0.01809865040863083
147.13487444625918,316.4351289734711,0.29629973543139776
3.9697085272892667,7.152319651764445,0.01309951659120919
47.705172177226174,113.90756803474596,0.12322776012726187
6.595113582003243,15.09545284358164,0.01073859492959393
134.36787365249705,225.52782970540574,0.19005968876042725
10.422413420547205,14.29300344135234,0.034504691366641464
2.5008750094266023,4.561719069526721,0.008540903724190516
3.231658464585518,8.798584937629112,0.00426652073679241
121.4912629192424,181.32603083741174,0.1777834132744813
18.888187544878708,18.266205703528236,0.04210487281324638
15.501124754302033,26.99371169684794,0.016098899079652337
0.7677932370442765,2.7552726531016694,0.002628000789834001
9.33623953688444,6.991673081981484,0.025576891127725015
101.10498871574734,168.90934597865882,0.2550492585737255
9.767189944200506,6.890272672730883,0.014945414025140234
68.81854463149917,72.34061115260107,0.12007167287289494
29.214353836673936,51.60158102898034,0.07216570568216644
8.76035801382911,15.015357542898911,0.02657073448059754
56.628948139402844,135.75994136745896,0.0851647117788535
53.03544060148015,136.16993957699012,0.21123872938400257
101.31655716989098,181.1902621932292,0.2896652862163707
35.37198689544741,88.62112586917482,0.043198180857434695
1.1370311777845297,2.2545341913666967,0.004985410012282997
345.840018297579,546.3906530274709,0.5001027815835928
66.4884385439525,262.3631220517842,0.19062733259920872
61.05193422429656,100.34403765827193,0.10882888039014083
81.8714076954738,134.4681390548857,0.26509128608264604
30.40371311515242,58.03213556185519,0.04674067026494297
102.07820098315749,151.43866313495857,0.2819224674031463
50.48389439587599,70.27799037666543,0.09185118764308484
0.48838143303170606,2.0155745132378082,0.0019996061862574046
20.38027661513123,34.94317809552414,0.01816421260375868
14.920731151956208,15.674721066734826,0.037705195713629035
85.95830831591493,87.05494911673138,0.14846991273246304
1.7563119810320167,3.687253824074721,0.006275304187754638
71.54516451406367,151.43896232025892,0.15639057377565055
53.59803091243488,147.2987474819123,0.09074337810347592
3.7458739367888456,3.321836536056398,0.009223575449693535
4.748052873994799,8.764684076269003,0.006789087815540645
78.58366700733856,136.45166059938393,0.07545490028252645
2.138010761232372,3.6920709041824074,0.009433126107049798
168.5583584931668,246.50092008314914,0.4917045097913074
234.23029446576848,541.501199503644,0.46774083627172175
17.4905127803081,17.120578672679457,0.033441557360194794
0.7730883237203133,0.7338097756664992,0.002973972855472911
13.124303520086205,29.14079586364826,0.024736328055552027
108.55459510961917,197.48844980265372,0.18940041010686737
101.1742077686531,112.09881095690208,0.10752778762233021
122.01189073049203,216.71915034453795,0.19096079394108578
6.922950878763546,8.156571695991904,0.015628344092302772
50.54948796462619,120.6781465563588,0.1251450320784701
295.5148012231633,317.5442737726466,0.29313543346351467
1.7961258907627373,3.70362061110344,0.003712308466988433
20.95098911991388,37.89023882635805,0.042753212304539545
57.11195457227517,82.18236114001672,0.14387159424964266
14.135168414562825,13.40793608666507,0.030381431978666384
17.29895132994617,21.73179168229572,0.044551362923464906
59.1604206904872,94.83725975046644,0.08042952082803377
14.973953503050579,16.193697092927795,0.017911068165149317
15.942754703176586,35.19045517441576,0.04804112915117817
118.3949262318521,187.10848829741423,0.263867474142107
112.35588858663183,136.47417268122476,0.15499937089418725
23.30220321618646,24.863069249149152,0.04518708175531512
6.301692249330129,11.127637977338964,0.0070372663306386305
52.31192303624869,57.200619954169355,0.056696953063903696
2.1356118630185033,2.6434606570762456,0.0064258400295083146
4.720014509710239,3.8699563478964665,0.02122003420780017
18.85993445036524,25.32491834261531,0.039957824427542275
168.42781987899275,318.246146664845,0.39166406505004936
11.287089836441867,9.139582839892155,0.027886392529561498
42.407262740208296,113.51576663725089,0.08585026595748255
30.157442157363366,42.00196892829118,0.049049099420530144
20.610334584626127,31.533792218333822,0.0521558155985299
6.319549655822495,8.067266651749483,0.012531632451812236
97.78005799879986,121.10112629104546,0.29056945801918543
81.54505640364088,212.30521399768745,0.19927248210991397
15.219382306750624,42.828562311796,0.019020101102478277
4.451714597719753,10.18879992761569,0.005854457970162168
47.15003259060386,64.93467199884535,0.10879985155724092
1.3953223293063008,2.2474279444386553,0.006509830126946421
4.60272286841591,3.692094371079072,0.0231529963636654
15.675866731978257,32.39783261440266,0.060869283763331956
2.848354165544936,8.587581541997652,0.004245219541741317
24.13469835298603,21.288788781916118,0.05336263077172572
97.19787226315758,195.56243678597676,0.19171832274515685
3.3184538862602113,5.017492790798775,0.00281103540315788
0.3419551331483502,0.8460628336538053,0.0022002456649016454
118.72148256912125,218.85749359008403,0.348254099686904
71.1538054493911,96.96905206731448,0.12258855595746501
9.225872234146804,15.288848091390483,0.031265813962294664
87.89473973166209,115.28187389433887,0.14525226421114254
2.991032111967207,4.814984287447983,0.010941604394016608
6.662384557365007,16.100173136805846,0.0074919710245366315
2.549978415870984,2.3051769133249365,0.011188639200102983
4.488606951852078,4.613222112163837,0.011638692931458335
49.7446090060514,85.61450709473495,0.05103850953345796
1.2061642477386325,3.8988854314772294,0.003326347634094101
68.15807141171982,61.17037827294643,0.16755466492731222
177.54378854475505,303.3438354398243,0.2613015247519182
4.8337563137778465,5.39800400328572,0.009504909037183535
5.5937274942991735,6.564409957440972,0.012810473094063109
543.4269973926229,723.6514932364564,0.680678992671178
3.1266803218019454,5.759130812079714,0.008318026270325874
4.391493796523564,4.386648978460403,0.008652787902091365
0.5692048878664405,0.5300173819564375,0.004180347447762038
225.97605624411662,295.9115539264516,0.28722174219906105
7.35264303111052,5.6387188042339105,0.01183746301432499
8.450295486621847,15.42876278408324,0.043810524444411726
2.46723041046119,6.782254577426352,0.005904746200582213
4.952275824543468,5.3853833570442555,0.013675356045199935
136.8162964982532,245.65743439885426,0.3377635957840765
71.86556560227575,183.1332547549839,0.16412629693354505
104.32220584140997,260.94781247549554,0.21687450633079383
20.120105137953814,24.01861603336654,0.06028159038554271
22.6322186382257,24.94955301524584,0.04578122982289733
27.815162442230918,38.674347387503445,0.1035784853710973
1.4886630107312135,1.8648436752659039,0.003466717952958094
9.706043318960544,11.82225124989976,0.018513381545159933
43.2580084578428,74.95391469040707,0.0884300128303955
21.44383733309261,34.37500695158451,0.04687721478205662
23.984610084651507,20.346713821003995,0.04329902203046286
17.468264255275216,31.578449987821468,0.04833072422732006
203.89892684112618,221.19057649509662,0.25640452643152023
10.390125697558249,22.680213031086076,0.014150035904367182
10.101862858920345,14.407225379840225,0.03993867277200139
61.16156485547219,63.879288632048414,0.10669577243025426
6.3993062379086805,10.159004915350227,0.008394040378890737
161.013378134688,262.7216073435356,0.26350516528243056
12.9431672112177,15.74696345070111,0.013049709156080393
27.77281193416034,24.07615968995427,0.052791361473197025
18.988883305898938,50.716690303577295,0.04067405185382555
37.46312458376507,62.10292627140676,0.06748770678258022
20.902602499765504,29.962329343845504,0.05841103559889493
14.839803964042886,37.502379142983365,0.016171076628153588
91.39289306467975,163.6457499337156,0.27269950028055123
90.19738676193764,183.94757734743013,0.1531864122012949
1.3842641098295225,2.039776440872999,0.004388719571993305
20.458749286014374,38.37821087292678,0.018099702154319674
35.12926683106371,73.25949733789179,0.0822406098966252
34.01996478800924,30.378003139240217,0.05210725078688858
3.472715429781101,3.9829899082817857,0.009308909303818596
16.08826222180553,16.931437318606996,0.03448477806038443
3.2058356738867033,3.5814733595027657,0.010386181039004773
0.92410155150242,0.8079496095997465,0.0032153183760801544
16.880574460309212,20.107801876523748,0.046950247541172746
53.92578938940994,113.70056164237333,0.09333181654641888
5.506597028527335,11.523823919633507,0.01201170247311286
4.086287598840624,8.422336191582247,0.009883545722073674
122.44689286561669,165.8622515342855,0.20024349532661864
171.88557635105423,248.1156559563167,0.3316675715741057
1.717554579073921,4.499468060483583,0.0037751924511899484
36.246414063687496,43.54304718375255,0.08679190094821458
27.885968914456765,62.90397747928319,0.04143330811939457
50.930978408341474,73.77111471887623,0.13149331212848472
1.3995839935895746,1.1679730542315532,0.005194042156885163
1.90369379656379,4.588779665177175,0.00485592664098648
120.58624419477344,223.35823120528173,0.44805411637238873
14.037802196260733,20.797572533416144,0.024224945056900763
84.72610014560702,158.60602334885343,0.2101664074037641
41.79602056021079,29.278209579505383,0.04467085958441081
0.9802771932077339,1.015104084522503,0.006719824139552674
95.97011428127591,140.93457276207232,0.19825619691827565
73.05289770716358,138.33700885240157,0.11033404695492928
3.0053254968677843,4.046887992593452,0.0123954939386051
117.04586344767485,230.57183623369787,0.21675834892763404
15.654367915640409,14.74402266271569,0.03909212626786466
2.376096966286744,3.757242924384497,0.0041086927848902315
24.828453960731046,30.999675777457572,0.05177787757399532
20.91424446384784,35.71696074224937,0.0589687848215909
31.28168632863784,45.33833024933247,0.07705532029971772
30.982842823328028,74.4788766486041,0.09011070980661282
112.98215663959517,308.53382010305353,0.22663539361460217
25.709986569252145,39.76452325216447,0.06564722363908838
17.448403078703027,29.201618205840955,0.05355209020618782
8.05501133759352,10.883704818745356,0.01158463130453552
0.5672431054180892,1.4954222796650147,0.002530582023639921
44.328896375642756,53.2119275414817,0.08986681053949808
127.79380098651669,206.82527833071669,0.2917318372325987
29.250631410578595,39.9948519809897,0.07750817174551292
150.13607520988955,335.00222078288266,0.4720720850764131
28.477492249469925,42.40595284978669,0.017148233983893382
1.802556965608514,2.854076921061521,0.008665843989876876
93.71920506084663,204.97784083649387,0.2620241001865053
104.65066955175052,166.87970171119244,0.2393542779928307
95.46930748098515,242.92555869898652,0.24198714142229683
221.0349971998967,440.91822652937236,0.3586942710334156
5.647455804408753,8.906175283999954,0.008953401881476633
23.173456941631215,39.0392423081789,0.08910680868577717
3.974289694635955,9.828178014492282,0.00958963908898154
233.06123423448972,488.8182536396151,0.35582967317699365
23.3380802838966,16.06052338066332,0.03226089305888252
92.87631920995018,149.21804912631012,0.30578648829670335
31.578873613874265,43.88210388556117,0.050982981071013164
16.62118431709062,11.998537875816378,0.023075686382093792
33.5689981682505,88.77214205516435,0.08684610130313455
0.8516513914252939,2.4711331657048126,0.002613744122399323
436.8847651239598,844.6559251251136,0.5567552661833524
26.57869125875246,34.01395503428364,0.037694785371941174
29.990776694325024,26.844187972467836,0.06996375380670138
8.139161465210467,12.553952841157248,0.026307193421489402
46.160616573584996,73.60852688917633,0.11027852517548128
7.30653744884726,10.753659500742542,0.02731213245813701
5.113651415917305,13.538246259241033,0.0041128087881169605
17.283197732593436,25.392704682010674,0.016228859110676553
63.6606596550459,86.69407525631401,0.15454811777305189
17.235132275178557,29.013937443709924,0.016492714297954417
55.87596222420957,68.39900612157896,0.08586725395198491
17.301880719430443,18.379449827103276,0.02375426801437024
147.38673016684257,266.2662204482147,0.19978219527722096
40.34203147348826,60.26203075106728,0.08034336084946751
199.95931447212996,449.87261541348494,0.3746835827219384
18.470018973388054,23.80354309363105,0.043831483832244666
63.77264937634287,153.32301679703664,0.12438072850635949
13.29249465453849,19.76805402898878,0.043047686785804354
91.62500265018777,118.30332652721005,0.21707541350046924
65.20604742796297,106.06504807758122,0.13645941689576108
85.91644605955901,155.95156241423447,0.24747152341315384
233.00283511293748,453.0630079376536,0.4422810108184112
262.2002730437904,556.2073226921758,0.24130087088682373
4.553585057811775,7.388611815473946,0.008516720351926467
603.268212937398,1072.3848177250272,0.8435314174628832
146.03232528822963,319.7174582098594,0.19968443586787016
7.727997679914414,18.039249794298488,0.009243514781642705
25.704098098106886,39.41604588117914,0.05677644757561224
316.3971310983876,539.4232081953444,0.4315116771836671
69.31168660113231,58.14847561075616,0.11655289854921731
40.52004646638005,68.60767623066555,0.042918378366133145
6.658404514022695,8.18863500455741,0.010869893640279606
29.550228440354363,21.577074065125686,0.046899378027854
40.444237400181485,61.532931031825576,0.0836853392185321
20.824383776132937,51.87581069337908,0.052267752786701836
87.98167714408592,141.71810665038197,0.11487306892977318
0.9773437580764267,1.5478143639246795,0.00355406802108605
12.228906903297595,9.97466917492667,0.04160441748518597
22.803048523788394,19.940668114363913,0.04937960664626045
101.37640522961429,154.13493392719528,0.23037258060115842
109.41735418836103,224.99588501624103,0.26554778446271676
2.4125697356088045,3.0322565536600807,0.012197129680967143
34.40695057984524,66.52470691630653,0.056820176478688825
63.977149648340216,53.42328111815412,0.11279892262528497
22.731704276450785,36.47351786264884,0.04938846276896147
3.0146880116902364,2.5629718538856747,0.010510842994465966
6.653183621492719,7.128655568942117,0.010317392479078811
13.533580982317188,15.990440588193552,0.03547488418859267
14.418062415123764,20.353925141919742,0.014700846577097188
37.37637699064652,88.46287696011431,0.03920783583451678
57.35525109261459,113.0746016675233,0.12951075740711687
2.9153537778598486,6.462371430294467,0.007873480162990311
34.48811184300745,66.88737015777339,0.07079008869134285
194.41564619516134,364.8317333206795,0.2818858675631285
65.6820664487013,133.82930294940746,0.12336057811894802
43.27505836665639,111.67706108139267,0.10720550588622696
2.2396652568358766,3.9026331860224053,0.010434410670679833
46.61182699683666,90.67191019922234,0.09790419259344368
76.20745965771731,170.29579404200746,0.12590674375475402
4.993860235780817,5.188849487243559,0.014697010462782238
65.70168927710732,154.14282228396846,0.14627815376151654
25.255291827413167,27.547780173606817,0.0827891433535842
1.353070400680769,2.024771158647975,0.005198838629628909
84.37993582875387,137.2588517248127,0.1690481422942093
14.242332014934876,18.515265474792677,0.03865211796586048
10.095693970833409,16.837455704758913,0.022726937204188835
82.9085881130211,158.3734443417987,0.18360246416269277
57.160600512532284,72.80533402351197,0.11236943263894048
65.31691488127734,62.11213628679602,0.12152340958434557
5.636095405294153,5.016428114043478,0.0141575817401234
159.6798451384628,349.7674499418866,0.3422314853155454
37.61102879511907,42.922682941249874,0.04947930797575062
78.78244060561138,192.2350963901649,0.24604136676399063
40.39370379037432,128.46150243005164,0.0753465054068002
209.2220564163414,394.063298412489,0.31670451913863873
33.26347607126497,79.98180759025453,0.06885505567313761
46.19629593860638,78.25296400730386,0.09938301386711974
7.730502250477421,17.050503872060236,0.016959509030452728
0.47111673714743313,0.8921340138671289,0.0025499921146331997
5.6266795673999095,18.676896988309817,0.015364176669576964
107.1289099420552,186.8675936681363,0.23407279888401356
8.634222490422669,15.729424315693157,0.021745013958853605
129.40414571386515,273.8597201741355,0.20557135497895668
131.43377699278165,249.090224016555,0.311257359740878
26.30395061221633,44.47901217358382,0.06961873329912663
31.063470328491185,44.318929198128586,0.05030656490818777
36.302738766967956,35.942517144766356,0.1115595845973069
9.153560540812485,12.651180543984323,0.016401910987463967
129.27074120084123,326.9457962979369,0.19346755074596747
70.7432078083017,159.90708192954602,0.0877873539628866
2.64230265716204,7.085044930981089,0.009041430732176876
209.8294762872758,403.63327826884824,0.4131788891178866
1.1163300646053995,1.5737354105726475,0.002677717252520897
29.286093791092416,45.778519868294495,0.07053700817150046
28.099546234649523,49.90081182182711,0.0907836191854812
21.68295624952789,51.60945142059049,0.04367371741507236
11.620000482814456,32.888577962120564,0.007998866315170067
133.56400691053574,226.71988101995973,0.3292455345422513
127.36880109404055,165.0832461753148,0.3483447620387538
12.380017932170189,14.644523898197503,0.026596639919343665
96.83870755264365,204.025513121425,0.1660286922414756
21.275286010746463,37.370685853894656,0.05713967332043018
22.357960937967118,21.609090418339182,0.05091682203415423
56.840194129424646,110.15516795801784,0.07567118795538937
101.01635356245022,220.85681829249828,0.16722762210239947
102.43780677471618,184.75951231763108,0.18859600837170332
67.23421357755987,138.71367578484333,0.12054299382413956
62.88518192032096,99.51334952750328,0.0787657705141073
34.18626602962712,37.64900709456656,0.06490024913242629
85.9923544895806,118.2662691796728,0.2095259517280693
14.797022166605279,17.441869822852297,0.023659113154470102
13.409839530826385,26.345712465691296,0.02381954245998564
382.78820151389897,424.43402786599813,0.4079149626845834
15.884626715817683,12.994961935535704,0.025085081771551308
20.263452939260393,39.756043266947145,0.06710985175079857
35.63717861580332,58.95857702572178,0.10517261365015072
7.771688036674553,9.25722293678713,0.010116901521084506
5.271038301216059,3.8996679495921716,0.010701697332724391
14.15620212287991,18.595527877390225,0.012199495474859556
2.210830295502314,2.808741151403522,0.006592461890948436
271.86234487655054,528.5076747800325,0.4599406888585691
1.535942167101907,1.8667802222700318,0.005476418840247242
16.3356465199868,16.939181087124375,0.034260583844167684
2.6695827296036225,6.05328166305937,0.0054729985775228895
29.20680704092285,43.36044648821528,0.0714314587530635
1.0543382485501203,1.3769445378769407,0.0023362171890364946
442.3840321392408,945.3286858515124,0.6203581109712734
105.02818923233696,185.31568427571042,0.4181772085323462
8.037620490503251,14.991568639822573,0.030134202130751114
6.772515697091937,15.74120576635969,0.010655006420989514
35.11123006305715,49.22828164251543,0.06860179964018819
20.758074507628663,28.040356993403837,0.044231783750907014
62.18197374874618,122.79927827783747,0.07908320752140914
66.94573698954535,175.27002661726826,0.11559820180000506
2.4364954365407465,4.424182554712829,0.007213196525379929
5.302676095710121,6.977038467586724,0.012277117621851753
250.71106193395107,466.0133118817865,0.39694593054011806
41.61551776242986,67.73249594282939,0.1731572486924331
83.97434436602578,130.97792968144404,0.2112397576902083
62.81648651729881,132.02503681909883,0.11536133268651204
22.72841372883662,54.99487851025838,0.07116516100407723
12.508235411891803,11.078020702838039,0.02034904159398467
5.8910628658767035,8.115971423093665,0.024142384127831082
13.67108310726392,13.805527750919355,0.038923714227191555
5.798515363681925,4.837695253990307,0.016481897939034467
19.797751125445526,19.081959790794958,0.03148271705292288
32.23009806339372,30.676962686352287,0.04548177905948046
196.05306258721353,417.70273743853267,0.4030151297804104
57.65874482734532,92.74638401234051,0.061755841972677444
11.849380454366223,12.942894153622605,0.030104057389899883
21.815102515925307,87.38525418918874,0.09234920227198204
17.79269026292301,28.007747433821592,0.06001365455941808
53.31932552969841,85.90006570315637,0.1485545509757971
81.41329228270006,164.1009510536091,0.12685328619232514
0.8752191471469659,1.7472144613550569,0.005383307177952751
1.6414798041083847,3.9855552891241692,0.004391966897960959
23.475118950145415,18.27785943966441,0.0474429204588101
1.4161009713486448,2.2090648316319124,0.008402357431532163
0.8425400081933393,0.9354522638939342,0.0034564079974645726
17.70992177160534,31.660264282471363,0.035559555469939864
19.95613732616873,36.89140589248846,0.07870908183687376
12.29608854232438,29.00949068097243,0.010168061903910187
9.794651381785831,12.486000619409452,0.013962170494040997
1.2511530824713302,2.0161196393224916,0.00283119296318182
16.282724370686417,14.154146186877155,0.020717136398083393
6.099904630968806,11.315779517880237,0.014079190694902181
278.5420721116907,433.0834073919364,0.44500429238527317
10.190571251868803,15.125955009601473,0.01678698534015798
187.07924445567326,438.1471600955616,0.4470412501596278
525.4146610774372,1010.9205540229783,0.7060719126877182
29.64372173517454,35.4126367252604,0.05338706994106475
12.539605854841344,17.262411434410932,0.016982666099461512
4.252349041247991,9.978338019312268,0.00823424102329642
183.24909448371298,311.6433419680648,0.43574990654827817
134.80741477879235,219.0775770750678,0.49176070837013264
24.395365521706513,44.08690094373986,0.03554314925981305
119.56921242744762,181.9839089430143,0.13831037497901089
1.3963816896774848,1.8254044885969951,0.0038252779811015674
53.189388685270146,76.98014051401555,0.07328402546731538
2.9314300914880627,8.156034082403343,0.005459082118105129
63.078980691282716,78.27130347687208,0.10369523234962238
175.45125863406136,303.7470742279492,0.30689672974463117
46.07134627809316,36.95855929723385,0.04705004245951905
15.76747231686867,15.339589969287047,0.03903861854559556
3.537010389747234,3.180162949807413,0.018615409152786134
2.1570930832468544,5.450217943656407,0.003635851432155133
50.386487736230585,109.1958420015717,0.10145315495194397
106.27834909575525,183.68124366744337,0.4115503855378777
83.81143643333125,196.7678567082054,0.304332467622908
379.68918671663823,680.8033637902159,0.5372014704137076
2.8788129843035635,3.113419367647546,0.005032883010143316
53.782673756241564,76.26292942836233,0.08939310312058157
12.627893681438879,12.187443131981812,0.016995265145121362
68.06374208556592,90.30698382417005,0.1224540936362064
140.30654185193148,273.77830396776625,0.29290586274833463
42.460213979835544,71.87465664543087,0.09556663635889263
6.934277754434989,6.161528816504719,0.0131537360027332
66.52787115980541,143.63256614353784,0.19450990768385504
195.81571576029526,316.99669740935315,0.3616616702287909
9.990275508363156,20.006857155424683,0.011249794359819957
15.665237365481577,31.19415823648418,0.05940972064229088
19.874924188541286,41.49864346644352,0.08925066165951202
2.1913378325143955,1.8442061165647134,0.008003731030788025
26.535873970179264,34.66834590973287,0.06560795433642112
3.842463969165541,3.624631174177068,0.010024461719544242
60.79594129605118,75.62156042400805,0.1053444742638853
23.15601369247256,53.52940879623802,0.08251409761948508
29.612878203836154,51.178045986378656,0.06360127177164349
214.04567129924385,582.1850678618766,0.5177478409807337
15.235422631387632,12.354732460748004,0.0316914734743293
0.7461853307066297,1.6179715781994553,0.001613425413288386
8.794696191869923,16.649504515722935,0.01649030345805528
41.09753067885386,106.29027708439477,0.11058355276952968
21.16285725053847,30.898357187742334,0.06600492379829087
58.57296023167816,91.8695841466591,0.05717586767408457
8.925302817960176,9.01752686708193,0.011798001970938544
12.142750084277907,12.43706957266715,0.031702212067562414
104.71460677091069,215.34286779111258,0.2689384119024755
2.5810432282190257,1.975113514768921,0.007338755068874161
98.18195943192929,188.200614053492,0.2506877756554432
5.445065464682655,12.89133073876268,0.009502300197719051
52.920342909632126,89.44506444728529,0.10588759155761147
115.2224902409247,250.9905320424567,0.1515351688137917
55.39970625624337,58.70000161030426,0.1294613643203029
5.88005658667401,7.742065117788789,0.008528389062131861
7.251287659319047,7.435694619018259,0.02909984845150985
234.18010732781408,342.7543946209513,0.3385905171903588
13.50286937126664,11.553972329531089,0.032486893836361365
3.805160180754106,3.922262518899977,0.009166777293992295
80.30316116978193,111.67988817077895,0.15444469133438282
561.0974506300266,909.1116029061388,0.7730872942828825
71.59883869592814,101.88060457577087,0.19728223671073863
20.939832081503965,15.56734039004264,0.04686260851864963
160.37379253622254,184.5286925279339,0.19566476858004542
40.20520756757811,123.73784536299297,0.11273634204381841
33.92935984764309,54.80109623823322,0.08316061675876776
3.5854389977789833,3.3007029247442787,0.011230125811966427
95.94168626743003,89.48021158592319,0.15266281507951204
132.2530781825711,232.47739783309981,0.17050569674448185
7.994046876816531,10.212982597142027,0.02345816780271072
13.068000822128594,26.23755139657546,0.013801995773515485
77.12017647462507,156.83337745384364,0.1989615372954955
16.100760880548737,14.4837691921054,0.012079238444648038
53.72647646679942,73.2206886071889,0.05463672441164521
14.593332279270438,14.39942379667196,0.03733804609628504
10.516565521625298,42.40597051546862,0.025116144356958383
621.530959560277,647.6722890652014,0.6238117626910255
0.9314450039575896,1.2816194801733651,0.0025485246716567974
60.6483553381534,109.35659574038691,0.11615906137853131
8.54701966643097,12.319268954982574,0.018586941300033404
147.17940356142267,307.6519814969428,0.18725868661375142
17.991883514401376,19.273127824334026,0.047321156195610496
1.3753614304776678,3.329978079319643,0.008907536068074673
26.836149297283207,41.258776355093154,0.09644840880479275
2.0891092358957195,1.6160027828264352,0.0028700791736136805
14.849953308068649,47.64046490157814,0.017298882139657083
9.127757733141816,16.675621441608047,0.020313810717273405
47.58150278805428,102.99541008182858,0.0819669239322749
10.452642264302517,14.11286922009059,0.038287323344059855
31.358526141022157,36.17309853539148,0.07229138329174117
73.68879705065167,103.00461861791068,0.16151234131837128
5.106520171643322,3.682801219923985,0.01152969620664737
17.05843917382213,28.687795216226064,0.01685976895576309
12.763017735827303,21.572296125863218,0.016423436910010247
229.32143957710386,551.833392866185,0.2764625755363339
199.8497628324707,357.44745531066087,0.3254708699986398
53.41128741881266,123.15056909335301,0.15015160002706485
40.90158159795995,83.08686527318801,0.06120365531155361
64.41102748053459,92.44403998049798,0.1292546838173285
1.1378706833338106,5.6374968123323015,0.006538451655108092
0.8376255986660394,2.3537750486985782,0.002773970069898936
0.2553539943099342,0.6573283981440181,0.0026946429538695525
7.622848422603185,9.167361342861126,0.015637975737611637
133.55534591810462,297.50985495166117,0.32564235798688357
4.495050046564771,5.438730688033667,0.011992482471275111
107.85662666152578,160.17970656293244,0.2172844308160912
53.35475180604634,120.11373724699875,0.09895395090823066
31.812985238268872,45.53531811315752,0.07862232941266531
48.86041605194112,142.59092768722675,0.10765310635261104
14.721013456982565,32.64056091070717,0.048715708528104334
34.16176700499625,63.883353907117325,0.09428272955933854
148.23951271022293,192.98259500996616,0.23204061334224121
18.28172361505193,23.189056045480626,0.05768955283933402
217.88624414057648,654.2835290346837,0.5139045547698228
177.00404089064637,331.7412948753318,0.29119050282025843
13.515081262309629,25.583965213002603,0.03470490486568525
27.64532073640861,19.276518816694658,0.05966686764484635
50.17013674653174,117.80185097320661,0.07538416446638861
10.731422477396347,13.217142494135379,0.02475957483961932
128.2713381103213,291.6681164597858,0.2603346843817816
4.009954474186241,6.313357045127942,0.013628411542198016
22.485627644399752,25.97126981970854,0.07216430090759819
10.011290086861923,11.310299200772063,0.014091850395880094
21.773331084545443,44.25196110772243,0.054218865860205766
6.290033275980138,8.099282113987476,0.015438221282058585
8.153699328998645,8.050760731966419,0.009016845573113684
109.90358371136449,149.07054280558046,0.12961217964995433
28.976084457097734,63.07214811056884,0.056414145737648434
8.35389703886839,9.01708371136504,0.010466859762058092
97.64117536017532,97.71383332763597,0.14883795870825675
107.64524946816597,207.99223654710454,0.27256015735481415
11.01806544295079,24.187024324718415,0.02107612252636085
22.941649933973515,50.78382138501831,0.03978158887603497
108.1666369475776,201.8881844291839,0.35184485445415997
8.268214119621684,12.042220448957753,0.01226719576958965
2.3673583732397185,3.874005080028257,0.006684441091998416
4.018717491351961,5.897790478373204,0.008724422021864919
230.59171628111403,397.5596128193433,0.3976076427020965
97.20163133433883,179.13735908486157,0.21594900692585137
129.5327236254139,328.4951356456595,0.30827080487671393
30.063814585976832,61.813522934660995,0.09169354373627561
117.61707734560937,104.15429190277203,0.25028606600149206
2.577359967560531,4.250161385385892,0.005930072139468512
6.451610364853871,7.993407429202524,0.022228258680596674
8.89920749690344,16.905999795924565,0.025588533090689678
15.363998439457148,18.101404685090024,0.010505441197362011
26.122711246773246,31.220582008464962,0.06025687752175259
11.239412426736363,17.789595690052117,0.017781987945745186
13.93221523095749,15.772151902371037,0.03116293112325894
0.2996807872340338,1.1978180738034325,0.002147946929925696
4.895784875437166,5.783655295044157,0.01258505261193333
8.120694711131963,16.46692677809015,0.0133914294011277
183.54993874060696,334.8276341689147,0.3310485660931654
0.7126910912545289,2.356681677706454,0.0036889115183530653
9.553088064839821,17.62870481862854,0.014229032289118017
41.865404492039396,58.63943082220246,0.06778163220965229
49.83439873012428,61.13580661869056,0.06541028604686756
18.22907491193522,38.36733870678674,0.015416279372671338
174.9666189234233,313.0936326670179,0.4207999589585925
43.17880219115998,55.53738484639443,0.0743133540783099
0.9787147922969293,3.1627622995921865,0.0036109564236622795
23.038119907224836,30.226895110673333,0.03454464586280469
13.979290585314686,23.139517339444563,0.024240456888521326
33.778779038632,51.887613843707136,0.08012460127773544
40.924202889751605,46.35991336424334,0.15246958688968143
5.845939083885791,9.234392664533404,0.010420793257967303
5.301410479759673,12.658306903745713,0.016985505039373055
36.053024351460074,41.63096639302669,0.07183447793340594
15.380935179344315,15.189343062198544,0.030938141822497683
71.15872528381308,95.4901230688519,0.1353141069636212
16.26613923514472,14.827120816995775,0.04597048681546194
212.25824213689668,389.5304014601723,0.3732462238677885
71.01607512542883,135.4540496126653,0.10066898996867749
10.567794408991318,14.433174669909167,0.027644984372365143
69.55846133405998,99.85311357898101,0.08082286390317935
3.594443034928803,8.402784630018653,0.005185931280728775
61.61128506757104,167.99739204595537,0.1590202288207799
146.52296507133147,248.86287457258888,0.20847502564239215
23.03353626531501,53.05162547927556,0.04975571747916533
52.84860235866978,91.71296131882798,0.1281858357664196
32.28610482717388,62.14647863254709,0.07620084517023504
15.192416349834444,12.791820178732303,0.0322022512443659
5.2254688938545515,10.107368827384466,0.01315928378871088
0.9380285630562116,1.1197452539427624,0.00630483522529173
47.50318570423895,104.32861975516836,0.10935411174713175
21.561177250676764,21.40574045324632,0.029272662192383156
12.441652464947692,9.221925202112693,0.025555401575917694
547.9206250079719,766.9168743941639,0.7561385790957036
7.620416833862664,6.5372400521396745,0.02344695232992155
0.489743218050483,0.9270317112569645,0.003956990709911398
30.674575701436233,32.718907996316666,0.07975962590264607
48.20174842334645,98.17873763144637,0.09482939027818253
56.9064102242585,102.64259401817561,0.0948114647237802
31.05461162225259,36.90353254817089,0.044767118037369324
265.69836314151837,474.79339199177326,0.4614679110392557
12.752081710202082,8.711183831814637,0.02616328736382188
24.641321472131157,59.31847667294934,0.045446730396602374
1.732546810786946,1.8241805965442626,0.0077494324844928335
30.901548982142266,49.277999662599555,0.07216893049222162
212.74643496473814,410.9040557276399,0.3799862935368734
30.018123598237125,45.95392176959506,0.022057018548920948
24.43538290229123,18.752661588836247,0.03231785000707623
41.7176045276849,48.98604675537695,0.11331010883152198
135.42066397079776,241.934105363642,0.21894831114805205
1.2983648804236207,1.1588952002082185,0.004408044643748599
24.669081911453112,47.2793105301799,0.044356066277765956
14.372845133803661,19.438285543473192,0.02758837422167283
63.310517710949746,105.01780227134789,0.09747792835867657
167.27717652015755,331.50966796023005,0.27726808145242576
23.070233766708736,51.33208668120437,0.053130714456467915
95.82203228597191,160.43675834610494,0.2996285390721861
28.964615577022595,27.472774260943975,0.05578371484631338
14.896901020907091,15.380748380646654,0.03136197569821206
6.148077937792161,4.848626914428617,0.018609976696047595
22.859482667114936,24.107795975583265,0.040857336080076835
111.25522871813236,241.33583260415034,0.29227955420360596
3.2074899461354502,3.4312786450274744,0.014444325503034686
116.67287921387563,162.0805809553022,0.25497120163931775
10.926251472719976,13.97526753972623,0.02638678862873658
56.434109762774355,43.561757411053904,0.08650849472246047
9.995402193443988,13.177861603685356,0.019483377378457425
5.581379294146291,5.74300605588297,0.013244944015676526
5.996654569328339,13.521478334756527,0.029549707388289163
45.968771768319606,76.76226916681225,0.05958014595276579
7.983899225168029,11.79536031977676,0.028970378693396682
134.07385328169917,270.75718763600594,0.4833162034658912
19.10507683466241,35.528975883007654,0.05383928721149767
17.154126781529364,28.30515794948403,0.03812564549099236
44.05568911462336,59.10609695488953,0.09021975923502627
22.183017930922645,30.848903079505778,0.05605272848189623
218.53616616886646,399.71569255375994,0.3428943975775284
6.920374178506226,15.946566851899165,0.01091804170791527
4.486020513366351,4.746783858605968,0.009584627215742913
36.09014740196329,51.652905455825234,0.07882587323985955
4.12058694312981,5.023388792038056,0.00871594579909092
44.19287849150613,94.24664576147148,0.09883806106518571
0.6219121862515689,0.8674268879319478,0.00236533923754634
10.164610674931513,20.36028989033339,0.013938736198612363
12.312986384693852,15.81999125006208,0.0335851422303888
7.540096734675103,14.015850802731455,0.026224473727783054
204.28390393090152,351.6071217083175,0.33687762518954206
21.998273009938284,22.612710296597765,0.033771772568508364
99.67464752091202,194.3144515497346,0.17053844017198444
8.828361213404145,6.947580159317304,0.02416269105360914
21.303089404439135,29.25963612053813,0.03148310701176465
3.2861763168685543,6.250353261332959,0.012599170134302874
47.210910338850645,93.89911221449078,0.10844602884734267
138.83402729787517,237.87871794940196,0.22212860305971188
3.7726024178764255,3.8823917820613887,0.00674642658452759
40.77480670508003,55.746668889711636,0.07860120733411469
66.40418359938174,156.63882163153454,0.1426670261427488
19.066451729242303,26.08666896301941,0.04137622255936663
52.72350913321258,138.13337838387181,0.11015484008903041
284.4175346055988,567.3402818376877,0.38396088506829396
24.02305042243926,38.606391341697325,0.0716362474015255
31.23583817571454,36.772302002615504,0.047808843524874904
3.765690609906904,9.767895441895998,0.004796193928749488
0.8341493915432052,0.6633865933751644,0.0032001749676306415
99.4588226857435,219.04864656710822,0.2295344920801643
4.458797005231422,9.078854809316294,0.020707066722246318
8.684799179242228,18.925823645919806,0.015133241929306512
8.836987660172477,15.117906643140667,0.0139691523229238
178.6802588536189,232.2637397331524,0.3918409292863193
7.342485042764932,20.154645491863832,0.00880626933825788
13.725369337152825,17.72372116285538,0.019962991454997966
49.37708825256726,67.76515327529259,0.09856543309699459
4.732035270670847,8.099545736140172,0.011391711314929434
94.79600764081053,145.54327358547334,0.19230119064202367
14.272584563655021,13.592720316159637,0.033887508743817046
83.73631395547586,220.36837100689567,0.1455419378475729
8.065565929373614,15.937823410973056,0.012700399260442892
18.805685905304323,50.518673895458754,0.0440490470012933
183.84797773824133,239.55487182771822,0.20138590659512864
26.11481225291247,50.47659364642059,0.047384033662506056
33.45488067109632,61.35711650866914,0.059980649302855495
152.71107213789398,349.14201622987304,0.33609884184001804
55.42152697653774,105.4100828186012,0.0885524589370285
19.60421407691873,21.434861296822664,0.06390622591442693
2.169410946259763,3.8925455341873265,0.007674344936551046
46.44129764673686,83.23438242097879,0.1360312654928435
4.192743865983227,7.173422208248217,0.011680006289322517
33.73213067317315,76.742527653945,0.08926376005050977
4.891999114567944,8.802068330382413,0.006128696862649901
72.05600944892139,216.14181383615968,0.26604207494299814
46.09299054543839,90.97816223639889,0.12348444692548101
0.6441534892981295,0.5426900363842074,0.0017590441139164906
60.88453084265824,114.27184445063271,0.19679034564750778
3.519694205708729,8.114547932423953,0.008019423766178535
19.177557748769303,28.52839908725448,0.06200825689297467
71.20489923002748,142.54326623480006,0.15520065477536057
14.086997887571783,20.034564836531377,0.036750739709817924
56.21173677224743,64.70029958042255,0.10583965189044757
140.8057889679983,341.1669305153607,0.2846240886082915
18.11702580473967,15.931870302852763,0.0440165765126714
15.46226180983297,38.564972345457555,0.048600804743793344
21.958843356011986,27.44727626543965,0.05635512380375781
27.054189968639292,29.616842881847447,0.09804644413908689
76.59305553993357,116.56054833556483,0.17210881539804385
0.564699618606796,1.1988221853373415,0.0024702400732162554
10.93905102782866,13.144809611672025,0.02637998773129489
39.47872121354613,39.51155784296804,0.048866883066239764
62.71614878974003,144.76606833864662,0.19549730849061742
8.0884238264863,14.595152399795548,0.010332418622584164
7.53121437214623,12.529295206455924,0.011994223446003083
170.18705199636258,220.44019378329648,0.41687541557701896
14.159260711048892,18.142564625757938,0.017636777306169485
41.876524390474785,59.65840795989464,0.05844365166987229
54.3678874345882,74.80370349600163,0.11247720874998755
66.84216562197982,96.81478619876869,0.08406746779677858
25.18427165278624,54.41061516414907,0.04817524559956045
22.03144641678865,20.2683433820163,0.05121169541591778
105.88735953106051,177.56827076871016,0.22602150346604125
4.4468124309924555,8.968323547986742,0.00847984162555004
0.9282376513453688,1.9844622144038133,0.0045769527179127115
18.30358157039108,16.740054967295112,0.02355458277643471
0.0854638356968265,0.21293221274046933,0.0014250447218438617
3.7635923035163517,4.879158447532441,0.013551319488139495
118.76178670900205,232.0846940449786,0.17120224547078444
19.309008099693536,37.501845964991354,0.10545682905689233
136.43986404337926,207.37604848246187,0.34498351713705117
261.3403933081711,561.2534590415318,0.6953406300267398
5.357378714166617,13.43895845851339,0.004123429010460486
23.680624419719866,58.843638220630496,0.037925051554770266
75.7702165127708,140.31923181663277,0.15558485017249724
4.301552324833998,5.092794273452297,0.00807209428590181
404.02107688396194,589.337702416283,0.5298196185816537
14.367756255214159,25.529012518729424,0.016653321024161203
5.400779870906956,12.594158985977312,0.024083122144223132
61.23941066627956,96.7098566686282,0.10726221572113295
14.495041787994927,25.123639783134564,0.028669079168439374
8.66049437080674,8.08205920128922,0.015863803181467424
5.157302968774572,6.967193882597507,0.010932863659433
9.92289445929522,17.00568897847649,0.024066281150596697
24.056504883716972,39.637136525603914,0.06948490991166101
2.413965615096791,3.8239457990182544,0.004571197798907803
12.482062449298565,25.794953639168206,0.05831888314149094
17.58464657101568,15.502364530970619,0.030233252986694523
132.20748553937264,236.6508975029712,0.180066203688716
37.00034205806532,63.1003913116713,0.10748891329465089
43.54614731682516,71.79505305406096,0.04080596348187136
15.112084970169667,28.60068272717546,0.014344898875619102
32.14424770201188,54.542801876047584,0.10191044923898335
0.7478416722508808,3.120760019504803,0.004087833654856586
60.15430079301235,76.7738903600817,0.05741238667777347
103.32843779247324,304.54783468162435,0.24649783254498753
9.723358097716218,11.410769193991715,0.03012570748039527
98.10673217825384,246.91008466063246,0.25110778044319815
7.997557321352438,12.126150803418614,0.01239111797196076
2.9726233420142956,3.8327815604802904,0.008086552193061019
3.596121758127942,6.924271395118646,0.006284527482044051
25.993285417297518,41.322274844015155,0.10919826283563593
56.81307109511984,123.70523663594986,0.09149588655120366
26.949551777910344,60.01778764598021,0.059555397400103544
4.630357329817591,10.504955479007231,0.009339197137267543
31.628115022972928,36.82126017055244,0.06256523673179228
109.3048769581467,237.45623643466237,0.1907432624954335
48.30278512322825,105.04343178469775,0.05469013276186834
7.410592140424671,13.782452192134423,0.00962554179018315
3.378914889316451,7.66079563859576,0.008265476176072687
3.2042470926963613,2.908310010665687,0.007371768564913986
7.377445768161686,11.461908777628555,0.016894793480107733
52.405357841758445,98.46896868381174,0.06318263939366577
71.15652260450669,159.2213749473994,0.16475442571532703
62.902484275360436,85.04036848932118,0.042968037945935934
28.51151985131369,26.083491282799947,0.07260571414032155
33.61071172755377,68.42319230900597,0.07156579685619047
13.324023805811319,28.043876360172536,0.020645339674903257
64.44965186288476,115.8294080982513,0.12357328328510087
1.2002166916873376,3.9888642381164905,0.002977201059928823
276.20578393948176,576.7906058800355,0.350489620964539
339.0043968446576,643.4609911955093,0.3452030446204986
36.42393389744893,34.05255268053277,0.08870210464006804
120.82131593874124,199.05366264055033,0.1927699836325333
257.40691973396645,443.2523621404816,0.6727997879314445
51.63257565016191,94.45657319719567,0.09633814731616636
5.835504689813411,13.718658313253336,0.00516625632181941
80.89452834252795,78.20098494864308,0.14903226854672302
191.74912210023487,351.8375942755121,0.310694306379752
19.837560784428387,38.41299568259193,0.030885424786994783
10.821565384508668,8.776287277475749,0.013760708967389297
4.443201721886675,6.2355189882985265,0.010276083822420953
17.485023296977744,16.134330689420324,0.0358541060479378
0.6549523794860251,1.5015504375331092,0.0025458851615211015
41.40034235272394,79.78768185692905,0.11603579826674715
87.7299367609255,167.360107348778,0.08640062195528804
10.402866826212952,18.74459388275247,0.012977620639857508
8.027655985550563,16.813179834695347,0.008403113837783948
12.811111320781642,11.06254790328949,0.018183496094359545
11.239860594299154,13.841273004731267,0.0287129386878805
351.2418020818934,411.66674523413,0.3867713463759646
3.4008689495237236,8.663910954661427,0.007269075046936618
93.012506410378,204.06203474645102,0.16395259286594432
70.63321389393465,109.29311396778193,0.16351604821787716
7.1730660627410305,5.995587073900835,0.012351971426980583
18.50980347612735,33.84378415842918,0.02484479099114452
188.63917436579777,352.21089052044493,0.21291607598459372
1.2308400004890523,1.9453100923253968,0.003841186595768863
12.246784950109795,18.205972423920613,0.029063625272834622
26.17631854671366,28.762500890684578,0.06733444618518769
43.25902859646669,49.14829089283549,0.0447460232216572
46.77754608928643,61.51331809850353,0.09475293365606695
1.2138424357885167,4.890932569142976,0.0031676533816957218
183.59895351476652,349.95166910803897,0.23756890787858131
68.11389040291162,149.7084040552502,0.09885459686075697
5.9600145909751,5.250206392765906,0.012439443346165901
3.7913338149912654,3.4811979089805822,0.01058382160240517
37.9793403888444,61.45384941423732,0.08875438714184034
153.15166414048605,321.4975253132332,0.27963738271979105
75.9782245594443,151.49764490861241,0.12934842740753427
11.605589573403316,12.058334744316241,0.026402939404672136
64.26479497443472,142.8745177678757,0.121649370434688
5.554911786631465,7.235178329562093,0.013968823676212794
54.24836240385115,78.6854298867941,0.09564789199479498
8.965690921091676,10.715503253558422,0.0196997794566298
243.2737943693424,469.6899575467326,0.3499558124101907
8.87820997293824,6.423326881281355,0.026838631870362496
51.277708761647986,50.91118346737446,0.0712959774312046
218.36087362619307,360.2903604120175,0.22452722308577266
5.676226069632624,14.274837105398197,0.011888344059718343
103.94098531165581,204.09194737376063,0.2346672878748721
3.2934918444691674,6.448151524205121,0.008306122274346593
10.777707562275358,27.62135064382817,0.03674760441455481
26.242383902527965,38.26523490610621,0.036430785123649015
9.187853182063119,12.073979459720476,0.02047105588613774
16.549360039079506,13.05055875582276,0.024407736873622167
156.53387369328172,316.2706269499662,0.2401541144780818
11.383106953559656,11.635392196771454,0.02494546380193124
16.455859977242756,14.250396044174838,0.03781796789328808
5.745227039756584,14.771970756536794,0.006261132460780282
10.782143320992388,8.574971993386738,0.023971929726185656
64.03463438623821,128.98701907135305,0.10522128749957227
7.350151751389191,11.686090780041601,0.017650116324553496
36.2353245744171,44.73885561523772,0.05924134520463108
100.00555833071661,242.71857459040032,0.16271800738456904
21.425103283921764,41.2326160668746,0.05414959103306683
11.958423397331128,10.455407263687846,0.03225473817181007
173.7625396826336,253.45277384045235,0.22304348345988353
13.792206405785207,25.425518217655068,0.02587650219877376
9.814838057756763,11.483640961765003,0.021110550940819286
145.69070730152228,252.82761084498895,0.31497519289353937
9.707071078680618,11.954851950283153,0.027958864488490102
33.542732955640524,91.08885396060705,0.06901354862605344
7.674501263822221,7.632304156738773,0.010515656232868115
5.641121218734979,9.561088320022513,0.009545482044358131
64.4641649070689,43.44602871297004,0.10961121749352196
6.2905285937788955,10.470646780139681,0.013903424881849823
11.894622617857607,14.49637149413933,0.018477026616760553
33.09280159376729,37.414817124268005,0.05863121159387294
111.58793196723562,234.75732970763667,0.13299659711315728
0.8276172320978538,1.6965435267353708,0.0027095222384955157
161.5668423380382,292.00024345973185,0.21790171860973956
4.256095494988957,10.027694582023269,0.013949734075977068
28.951868770358416,30.483835708561717,0.05653797296517554
46.68278873149785,130.62489002162624,0.07833895922517001
2.4684273004900295,5.47302167492262,0.0052660568226962495
4.063096028804504,3.872593323848302,0.011722536588037348
109.33234481129804,209.76663703868206,0.3736643072188691
88.49471759164904,93.26127249945559,0.13192755624042102
4.670850359464584,3.5601515369746117,0.018370275378499296
79.72990514670308,157.64948910412733,0.12952932070399356
66.2294378594638,157.25596879689655,0.14453112000035598
39.099354487863664,41.05562415843545,0.07715082299291134
18.574452038318256,13.161174733017711,0.03631159237840169
37.29000867744235,87.11725323948205,0.08233682860189201
84.57202323436296,196.73634844344613,0.20479935123424894
13.767150212567005,11.46015592442228,0.02504578248314265
6.172941603752587,10.75507908897871,0.0086392549594831
28.890328231130113,33.39271619280025,0.0619040297048124
69.75313928682858,141.5796047052095,0.129264782203583
90.99317879185782,128.85178025997752,0.12412647853360752
21.308202867627163,21.909558798812842,0.04592639469396252
53.035717360140346,79.68560156996281,0.21823228032511877
20.851495438973522,40.319244379402065,0.020575742233006514
1.4755953812078997,1.5072759117110843,0.004484932120707326
162.79163648152118,361.9043703988968,0.28812972211392796
9.097652656075201,7.295395396135565,0.01619232930939612
6.706968336808063,16.912311605275534,0.009484028020409893
24.259605299611263,42.265477135771995,0.05164058351109692
16.425928324925593,16.75640398170573,0.0397172806000326
22.23046066096476,36.568382894667785,0.04674407285622481
37.211153056806786,51.51782712996795,0.046286905050548145
183.69340561492584,156.1065634766501,0.19068847952680767
37.71848635220722,90.06357308247037,0.061171424701591315
87.19324539801772,141.49944386047082,0.1317790760153148
529.3718416250185,1022.8583880867587,0.7277780060873559
5.486416686435606,6.684007065925763,0.009094795031599203
6.335707684384313,15.080302384344202,0.0082246220681335
56.66314118709368,93.05991057547033,0.15548593781764392
99.59603693142022,357.87783777539573,0.2544332603871954
17.679429517884635,12.624822804175606,0.04249722718092854
122.34959758783886,278.180748943048,0.2252505026752275
2.0627413808178625,3.487072031781448,0.007569308547926597
13.291546548078465,26.872273803273448,0.025593663298910746
133.31337768912502,315.2187435823655,0.17521646177328323
89.75063007607059,157.5773030331865,0.17448397604571392
233.56679787983845,440.08202772681415,0.3572555819912331
6.686254123876861,26.5685782340374,0.03269660031820856
39.748512003120936,58.29257639831525,0.14168502051967805
13.464122116547069,35.5265807109044,0.06923405415582928
292.0356716062523,471.6653477980568,0.3805248117220406
5.4723352887724985,14.21681948361538,0.005910536604085083
6.774905912419802,15.59690844577449,0.011315623690596372
2.374187203145959,4.877148995310314,0.005684628209315937
51.327923684096326,104.8730729846637,0.170172027642135
4.482764929493704,4.777725175421775,0.013174458733964651
3.4695809555700095,4.315050950653726,0.009792335583524235
28.168798528868454,43.24940740051509,0.0912538156931483
4.067186989071623,3.43306716336334,0.011833112489181017
55.25839086514066,84.06901734444286,0.11405299133144933
12.895391335830986,12.482021231771112,0.014512204075573262
0.7783536643772466,1.5359567052635432,0.0024689394884958864
2.2349042548085927,4.641058445364153,0.00568629676510982
19.05032432782073,14.192203418476971,0.028358161554721352
36.90075137108203,41.401747215266404,0.07654798690585796
283.9367516516115,522.1689999946868,0.3956478362670368
14.502546692540324,39.185092154898186,0.034710570317469124
6.015953896718877,4.775575501649974,0.010260254311845188
23.116721440885385,19.670208922532023,0.03448905137444721
5.12157348183521,6.431902702318652,0.011164625860509786
32.408009899764934,73.5421125105077,0.09476915703322983
39.85468826932183,79.59240674694969,0.05243957515077125
144.35337365679283,161.68705143447082,0.22374717565676583
4.898360766240965,7.369049603018441,0.00813080495927284
111.51807683233467,191.02748920946416,0.42031615181218185
230.63065881403938,394.13687287318317,0.2372999317251914
15.679235837241574,27.02002314551491,0.04468139657358668
0.4686808002101517,0.6843355375253193,0.007118899105251481
75.74494395099744,162.51741744471644,0.18424263222257245
6.100477567882182,8.774185585878826,0.00814175087528685
123.97676643431275,264.3456111341431,0.18713584351645468
36.51994519124678,49.446978860402126,0.08730658482996771
0.8904644816959859,1.3806721015954977,0.005942314201671886
1.473514701740707,0.9376485153866541,0.0029927463478896022
12.023780858793412,9.524695210970878,0.024754002883570287
2.1071497201484544,1.636905500148174,0.005947384620659647
5.78939355127851,7.769776946074639,0.013248397314762218
3.1549164298211,4.737044880945307,0.009482793653163363
103.18550635509858,215.8769184532041,0.1300552974515233
2.1662472188398647,3.3753219255631692,0.0036674472819791686
7.0357533702647075,14.09091622984471,0.019895899519510245
15.197988447797474,37.150280737150986,0.022061975589487654
151.26977984954428,295.3742734565891,0.2086005777975991
4.881607014354671,5.60239994617888,0.011676443698135919
17.32643110693412,74.29492579573318,0.027775999377312517
13.306107749339688,18.30522252917428,0.04335607189531243
73.24447880910638,181.75800255761314,0.23259707511531688
1.3514512449138927,1.8204783609708457,0.004012818456015739
1.0657877686007204,1.1879646328057394,0.009164251682594785
52.62599062016303,90.89892626199912,0.10644011681287217
6.599379131010611,9.559199433228473,0.01012752030595744
175.1200030859121,362.01555097527574,0.2732852714003839
5.767576052052324,9.75010892267545,0.01299902812384824
6.767031975145792,8.285907032904506,0.010008955809200434
17.957838760170688,30.30623675524825,0.048117721969651445
8.347081120848477,17.885158170005912,0.019356803775107734
11.923349454115673,15.66659446514691,0.02393093168157863
6.035773962144052,5.126920713288405,0.011813264666591767
159.05511696392048,336.6513806174491,0.21795709045616177
94.34971930140371,181.98763724233754,0.1491137080022927
22.83458677331215,17.404041610888974,0.05118861910133587
19.775002354446524,25.106413524943566,0.06102727709579974
40.50443968295221,91.62827882462729,0.12268718401866374
103.00541242710732,201.51873636170967,0.1743951036629231
11.875722414990445,9.685720541141754,0.04544446338982407
85.95231216587572,207.37807918678075,0.25024704785742513
61.38458001554573,53.98731618646702,0.09134225140035325
2.823146104886201,5.614917435874217,0.00926569166973329
12.674331268706258,25.35679920205466,0.026570822578610834
401.2346468937935,655.9250560037467,0.3510679458063254
95.50694134003597,223.91663271977126,0.25363459536609745
0.7975739802113773,1.4052826885223892,0.0022500718185047165
127.36611871599455,247.5474093190876,0.2734512267897098
0.6322123546478269,1.0939171646985932,0.004312439479806464
1.405493245342456,1.156279494299786,0.002500323786454809
1.7372336655836687,1.3545458249692757,0.003515465516733103
44.58139637709819,62.565503118871284,0.09338194432845161
33.561023205685316,48.12087120319104,0.0731124776384837
112.35256688646248,228.22419780837296,0.15450697364503274
3.817993083458111,8.298329226034662,0.009013288631988706
22.1540888901168,25.97256492928703,0.04715044687003603
3.7335992655531016,6.228944788438564,0.01010372445790507
9.394179540758213,16.57810601247758,0.018675999007292957
75.81814668920029,232.84713156440802,0.18773214985706074
222.43769046836462,205.7066265587732,0.277922627148401
35.62452606850146,43.81557214218064,0.06601437761863638
3.5706154425193137,6.553111678221785,0.00459911095282597
14.583238937252897,10.773788008415847,0.025399045792537663
10.388798435674461,21.92672201780573,0.013781734653126598
12.865906037538586,27.953673838341484,0.0292780627567402
69.23754624945664,168.91165788532228,0.1278603027691537
81.82187701585227,106.67859348185918,0.14260480635105363
2.7646492453491787,3.6490954816223606,0.012190392130496818
29.395816037187906,25.241378353164627,0.055582679484881624
12.63031994821486,16.98503264781335,0.027491451413382672
29.16186722083924,45.05437248660136,0.05175395017641542
13.23294405395013,20.716320212932334,0.012691491356246387
17.026430010315476,32.098835132447086,0.033936050230881795
174.9298577020615,339.07165097742944,0.3097223780250388
114.38365623634174,168.1474665633672,0.2922429009950186
2.042498036343672,1.8614017224704411,0.003664499547054571
5.934802364217796,5.634604188516849,0.01646280944600624
54.14853938800238,84.64221974754284,0.12889388384696882
16.6074669767918,44.165036603210424,0.01754324066598761
21.140225938988088,31.61248439133228,0.027930438778246455
56.62611031205228,57.61316673417026,0.09854760647583775
40.97472531033793,71.3317154945311,0.08026026252558893
174.50557964319484,303.61257526071665,0.2261087089345864
0.41527284659551067,0.6374904692779364,0.0024508572605979302
30.612489658691718,22.006046065869302,0.06089832993683746
183.7303963866814,129.41244143969766,0.2218044002197192
227.6666549851979,396.15326313251427,0.30691443220319076
3.1111705748198504,6.275014845261466,0.003292730639615657
51.06969000299222,72.3347538231832,0.11544866273074732
8.597357152425154,21.432200568314496,0.02641360288514393
0.6794629954515696,0.6246365008367826,0.005650422779129576
4.443591496193873,6.693657841010872,0.010655825870285698
3.3429465996325307,3.723128344138431,0.008880328933755342
13.332548279518415,24.535105181228857,0.028948295919756707
1.500625517792942,2.933196617178817,0.004877214744676434
92.04027106081398,135.59573453879682,0.20500673719105608
11.937590053227238,14.706223815865801,0.017431702178769173
42.56862019500419,116.46030438982984,0.0534995716441401
5.40845741577878,11.29672082161668,0.015334703658731868
152.38833998071524,239.61802947209952,0.3496002911821391
97.97104248800842,222.88700654119415,0.1934053943009347
159.1056950841577,340.9025339990476,0.32324292045726005
16.003414449888844,34.293985964552995,0.05912320142547466
31.445106400156163,54.279872712255916,0.05714124496753874
462.3755325620999,802.3414350190101,0.5348499335885734
3.834786018753147,5.4877272609687315,0.007353551057625356
3.661122913660094,5.6251565925282465,0.006968274311583572
29.291083761441318,25.688496872385613,0.050636493114014684
49.59279386857465,127.55000260346091,0.0990006949823481
48.444491993524665,125.78708094789138,0.10290636474165203
10.368082427340015,11.145454135589953,0.015403603431511833
56.004256125190324,99.33937592711428,0.13345378734676616
5.689720222552298,11.896188276589191,0.017337892065652474
142.26503232143207,349.59542865219044,0.17540022926212315
51.95717916366696,110.52642086737126,0.12039293290660875
28.894219192208446,61.249212699662365,0.05883801154085131
44.978542575544246,86.52972226913136,0.17145541985240637
87.47980196274831,125.50266476406513,0.06342455292411558
2.787017199619394,11.135644765132891,0.004426918806767363
53.14971907810274,97.87408152196525,0.09629850111641632
33.598234392282485,37.881471090191255,0.053470401152216684
9.40297582886834,8.4440337966357,0.021880441669820075
112.28321981451678,216.69715840078177,0.2941022785532959
208.95968297536285,418.1109763801448,0.3141080267235623
121.79730941866623,204.9417686339584,0.30068114474917385
126.51039156323158,215.42881963293036,0.2948329922547995
2.197917236958812,6.991554625458495,0.004024779827915657
5.054237933123226,7.8597906088921565,0.010902533313492677
60.73622158059188,133.1477514019484,0.08789134132375076
40.80198665892549,95.1067171375894,0.06916224973416935
18.781467440068333,27.196713793839862,0.055952532698979096
105.58467246751256,156.50319901967407,0.22852815089913656
12.646795746787108,17.468279848728454,0.020932382091225752
16.28183281093015,33.93295122899102,0.015980242083466933
4.205066047739274,6.735051827826623,0.010208089663377334
4.568392430470992,12.573785431392407,0.009190432671939497
5.595347985953214,11.365307642582103,0.008049491468835794
23.754206525952796,32.07925597807115,0.05170888523198198
19.176060004511623,50.71438604473412,0.07468875828001831
1.1237606433932008,0.9121752929040984,0.0034788951331057843
13.595502754506573,16.948619552161023,0.03234107498472952
38.61963379639442,68.38826037789588,0.05916176732241624
40.24457155188808,81.9745572487687,0.05635375985890961
3.497724381866602,10.080347808777272,0.016643236063402133
257.2083814190051,266.3683357168208,0.3078380553053841
112.59549910064338,205.6862171404655,0.3167166578652328
9.705767876709277,16.565093011435597,0.01948466201939552
47.04226254119004,91.85102977746406,0.05675386559757415
1.0407199682625607,0.7567466723073908,0.002295066444771744
38.92012069838789,79.59954360662202,0.1180549744542808
23.409052676862018,19.791929298695983,0.029603748478630548
10.329599567537784,21.164038624984848,0.007627592171229676
23.50014520690298,20.07837870994269,0.05149423942202156
29.996567205381417,41.15590506443227,0.07828308607195435
6.1366739482428665,7.235239887698672,0.020077952532803704
7.33253817994107,15.47088164844436,0.018808880447726765
42.522299981669576,73.86162784932144,0.060524487930342805
5.388718649707193,7.921324766943933,0.009991893779724375
64.39291089045923,99.7984370549259,0.1919777689893674
13.540950948980248,19.345494294868537,0.010846475868106728
4.571790090407808,5.800201275480309,0.009969022370945784
106.8564564821322,132.5979707452808,0.17032497661882368
536.0090122227514,1017.6037349528725,0.6304468815501755
133.3028655751412,198.21963875710756,0.2121471827296852
27.35512922904878,26.995744513728653,0.04991966301967334
5.379892814083848,6.396484181523725,0.011638420612871755
2.1837715572992518,2.5895715753687556,0.006487170473948271
5.644563311580577,10.209804286033997,0.01993485885902821
19.538028374534942,30.104264847773084,0.06033395777299327
36.640194701880596,66.31059923003735,0.12893698234245027
295.36069760562026,754.3709115393527,0.527902042232096
1.9671614284814272,3.1013235454489037,0.005354368157064827
32.24604874796427,45.98325380725707,0.04561075954000187
34.529446596903576,62.082342671784986,0.10117630073440169
77.02237595509898,116.04709201384016,0.17650130277807735
181.72487669479665,227.54498337053317,0.2743318468296903
28.17318078928645,34.89891781018302,0.03434605473136983
12.355899620871131,18.199149795312746,0.02489024237847712
9.230809051721769,15.55387284417285,0.009758445497717134
88.87350264479369,171.18521411313677,0.20759172901216372
1.0591645390199371,3.502098888175182,0.00442334191119006
14.917233101410813,12.413867313510522,0.014388205395338836
51.24262507074465,125.42601737939874,0.16415226390075024
20.856699752403884,34.48758601188062,0.01861735098396758
31.70046769303398,25.297175088073054,0.06679044152780686
4.534150322348529,4.284501899849985,0.009201189149431126
0.5490965068797098,0.7712631710691316,0.005307632635454005
61.196591661942726,97.23988052297723,0.1471188614102742
101.16078689891671,218.51278926264743,0.2682595809903718
15.479252219885606,27.845258044356477,0.032653534847841906
81.56865357938072,170.9630156673145,0.12530205533128655
3.4169759117985925,7.9068489838136236,0.009125081766561115
11.881982929609034,26.67830129237678,0.012764232827816894
64.95178132159731,73.88810785157905,0.1042189353986636
94.04271206190555,159.3635310972906,0.31598274846962926
104.55280270483428,294.5994065729393,0.2828202432482606
31.964920887209264,39.2285102268603,0.07358608948137202
818.5473521605013,1429.0145890773608,0.7660983307553392
4.454705669220312,12.010462389845273,0.005240910285333228
95.97315655174287,168.73737439686252,0.1715404993415343
80.83286528057646,132.28607684059742,0.1449929297720586
28.700429087464872,27.13992606106683,0.05234993494827786
83.61448019606587,176.24923182267565,0.18172441007851564
17.044770758919967,34.92981842255706,0.015272825462543792
56.54084464220802,135.41069768305175,0.13486665031465456
186.50009692697793,348.1852746866977,0.33734469678774565
27.638739460062865,42.13483555358312,0.06527174180496674
123.0124572836804,243.190200812701,0.24382172308771724
9.561528522798579,15.97151652400862,0.0087808064335047
21.106918562941335,17.698536357799927,0.031798660769032885
47.2092182183832,77.65296605007998,0.11054524934394423
1.4382718026052816,3.477145366472021,0.0048540018658156416
78.17394293664746,187.38399624308184,0.15659917810077453
15.131616911400924,32.83203798669993,0.01505481986221658
41.43023021953385,48.04413344469486,0.1190823364242786
13.449454385867474,17.4770645414348,0.0295338420465459
341.08694275440445,655.5212142827787,0.48949183738533375
2.170669225374415,3.9351068096167414,0.016387138198476585
36.19657041885216,98.54852839130393,0.05512078302071315
5.579161763062205,10.57766025098921,0.0132994584650991
55.991769963123645,127.00998755972219,0.10988578416646667
28.584671645879183,50.82277328173711,0.08374809966967472
44.48126169624359,49.478963443089995,0.07715249073695883
121.94296883948768,215.18624872374195,0.40718048296657855
39.04583388756717,52.79183239875772,0.09715227690404749
469.02373903682985,743.2181375578301,0.6051968296121724
46.13834102699091,95.9100455193609,0.13820128764991715
7.967068991964735,13.206899451388672,0.008689210996380084
1.2214917875971623,2.367010776595915,0.004130027832704142
32.17907264205904,83.33762372565837,0.05717705076508584
12.641082740546965,13.555002674341722,0.03854922774857771
87.10253470250144,166.06974274803775,0.19856782791336
13.799479475884437,19.355873733240166,0.02005639718088374
25.50134396232348,72.90016300159789,0.07063168435565574
26.47260967885167,26.81318060146724,0.04370433585656035
4.223719067778218,7.352817814256264,0.012941432137587743
11.809145224517735,10.154166707616064,0.012965738144111366
2.686340107400362,2.7378047450203535,0.006131617496283459
18.790838797884028,26.895367930498725,0.07423393204738875
33.6897297986378,52.524488504866326,0.057196075304681473
6.769488965030915,9.708798733475565,0.022726982655318702
16.363129554362697,35.7062300215463,0.03599074063898688
14.563548277441214,24.134290139128673,0.05063434873697351
30.353483412773443,85.91099658893891,0.07342934660900353
368.74287671708976,684.0512525601195,0.6813457158489614
67.33930050838782,67.23150244061002,0.0834921779917592
18.331897963377852,31.039545635733123,0.03828233843664827
7.225235215009581,9.110466422601315,0.0125307206079111
123.34896335033568,244.7477390384626,0.22231134411113537
0.9139547955840801,3.7392886188148604,0.0024270798808848563
6.330975861473086,6.995527518684014,0.016215682321544522
29.551645095344686,27.175275047531755,0.04217319338112949
1.274787609317218,5.668476772135171,0.0026061327076765564
145.164820600382,323.12649489229483,0.23464667464492017
26.22346029919661,43.5488568970151,0.047094563782063247
19.610428508909646,41.29477628363846,0.04111711042565368
22.188830273705328,18.70557821216938,0.046351405507392814
15.08082861723382,30.37989760870045,0.028510565631128686
3.397570605813,6.118558358784359,0.008006909841421009
8.726615141247562,8.963967731701207,0.018228790484229172
14.168277422151842,11.229322323846832,0.03214222022095792
6.387014813392917,13.819714785229381,0.008614436306366753
166.7617751212977,304.99896211111934,0.4755661894553267
17.89048086033435,14.101640782703692,0.04637664996099689
85.45317399488334,99.370044140249,0.12257675378384995
4.8605171817570705,9.26674530232202,0.013340715627385922
25.486246726497892,50.15530243423751,0.08804364409706675
154.03660294138317,212.9179106912684,0.275172879742604
145.17273557152768,318.71399307678354,0.3175154217804489
137.9784670391437,225.696283799938,0.2762263411138728
170.1361581261996,304.8068806852731,0.3517543317001675
61.67074328557912,145.61055942236223,0.16674656592845466
3.451874444639066,9.309019982120054,0.006967516061984354
177.43065138835465,386.48217671259215,0.3712520231395503
94.87632451639679,145.98372431736763,0.17754148516443602
15.001143285028288,24.103078697880083,0.02687618685845547
1.1189578810891487,1.7940283290494843,0.0042387102045641206
116.70616648423893,180.64103295444818,0.2482771875414326
144.53360670181735,260.5877203886665,0.3612645106926625
319.48369825824557,347.8308924820503,0.4895535921614279
209.72874757399777,399.8519237072083,0.35473982296880435
50.465860698402956,57.79814358521657,0.12113269954453447
4.296578338918386,4.050456074359947,0.012441081432303948
3.9741213553586325,10.23941434260708,0.008467743550431948
140.96360031107687,263.88049609757104,0.3687461172125582
12.235998906975134,16.612655988578332,0.0379158717297015
3.0764893555516797,5.023839978391816,0.005706846510100478
5.815526823867199,5.214278111089916,0.010064306080987018
244.34744560494957,490.189258487561,0.5541470586604341
4.179467477133587,4.800769820187521,0.014463798547305347
4.756172995566377,8.311407945987009,0.00566966788804901
35.92669174844646,63.4451614349424,0.10974544289918445
20.05040426430296,47.87014707090939,0.050481488259061146
24.1414043162071,25.047699609990882,0.05171415297647866
34.52972146885007,57.33811090729833,0.03249924403432113
58.91369706609609,78.02570806070806,0.10440671417220634
58.433379691486444,132.82301227651323,0.20008461656282614
7.433367034701208,12.983171825380461,0.026544519432045253
6.4652883650990605,9.845630942986277,0.016010843850056678
14.950243380121718,29.986106645419696,0.01470883300463158
56.953539953011,74.57920416335459,0.07101014509816411
186.2622204486355,290.09624629799947,0.4738625713634606
1.9787179762356304,2.8904997429102495,0.0030753750064044984
140.67371725622138,218.7599386017493,0.34403861940703695
14.76249576913493,13.188467980883015,0.02932344191224941
26.272836007703,47.40622006632138,0.0786267061047849
27.115873902651035,58.33046382176184,0.04056576324527497
32.80479368470574,72.55501288863138,0.053426023722233956
195.60722556226892,365.8032670739154,0.29236814474202494
84.7985043319175,157.52975248118423,0.21458736769320128
33.02394534065262,77.16148708176357,0.10386957565094536
1.770045691530887,3.4891040729607976,0.01860614149497238
86.60099221088497,158.23745219614244,0.22237537722745596
13.341267554278055,23.27943007054652,0.047502377751468684
10.219273586950655,9.775366601442421,0.030088544927205887
2.9842090260254657,3.333819305872269,0.00986640014397998
87.97932368158389,171.96682509605557,0.19301144806306614
2.2594206426372576,3.2766498233057746,0.008716022452559822
138.44903360512342,222.851793432453,0.2833516293324302
106.11071039090565,209.72365284656493,0.15616342486812299
54.17586872637977,75.28198368014155,0.09969049198844708
6.955014796705988,5.924683000075839,0.01562513870058391
2.030800858943142,1.5632136660831137,0.008516090495787302
54.926489494039245,126.99724856611745,0.12998121740170565
81.9578085016366,114.69238845472088,0.1750962904393665
17.045357844006023,16.358764857379416,0.031336773687898715
6.529084127716738,11.334260967555794,0.010189020095510913
3.589357885820355,10.857342050604887,0.006328979240652471
235.91998407304166,358.578625237739,0.43082795184175615
42.59393445521207,53.7166896953126,0.08338240703256442
13.222419909276095,11.590016773276915,0.01351332652054734
23.966180834349295,30.089190573163165,0.13370867683920773
8.169529931091613,12.356563489949258,0.01688415367299821
442.2255533047181,807.3151947102891,0.5973529020048892
24.778279140095886,21.93123776607365,0.06518598870829663
3.0877461591806714,5.387095489259584,0.006227510985174957
5.606019753485662,8.900695999888775,0.005825061069467792
120.40148036256879,181.07033876416716,0.2800699362117414
39.382940050989944,91.31362031680203,0.08794308502388491
26.496642831075537,37.139064594472195,0.06337960905548974
360.95102520176374,730.0391737226282,0.599414129732974
32.484208610344176,49.60131424157938,0.0840436476498236
1.7848658714482228,1.523529919269992,0.010644885596965158
5.367227813656331,5.055481201542511,0.01509955840357772
17.6777977753231,14.24625015233183,0.05250992245457541
23.30327884284407,49.66009055970905,0.059354685033904925
147.454801027519,243.87728442889772,0.45334623547962644
3.454384828138517,3.503263224866025,0.009152061517141359
50.849086788271244,60.298076199450925,0.10103764605693993
6.636746759947433,14.792152473696616,0.00751077644043397
0.8010844407479274,1.578067340719991,0.004202609559818018
19.7597465226056,24.337854564667744,0.05029839682446743
124.81710902019475,289.1245934157204,0.25761070814136144
3.7733282761329443,5.649604548448554,0.00896283301938392
4.421316287622508,5.6853225445130455,0.009897314567302038
3.6292392780016485,8.094531093225186,0.01375940878393949
4.725724711078569,13.925544215837796,0.0031075603524709197
169.83446269053252,333.2215605347696,0.278818403264332
61.296739740190084,66.1961400731726,0.09522299755485951
17.936673497107563,17.652224728816453,0.01664118081810948
142.28793412339803,237.01195540738075,0.20488478398475718
20.531512118812486,25.12896233120438,0.05756751531084929
19.760988314342693,18.21360366374547,0.045578733148702366
10.35455870108619,15.421581661960916,0.028450230394247104
3.1047473886811323,3.2827472345347206,0.009550481197394507
4.781754035360502,3.9743430531878006,0.013689860715942699
89.43208723264895,181.4261291135026,0.201966271472124
16.451048781894496,17.869627037115954,0.0332183924675687
4.5758183091836635,5.9296584958570735,0.01088965521937694
18.855989548568527,16.95111006870953,0.05110598242177095
46.73061920064207,83.02171445227394,0.08038924301924412
8.859793250804795,16.481968427487253,0.024185736720530142
82.08133695543579,199.9658547336122,0.11977318477811605
0.7425651668627935,2.9240514947551337,0.0026193123654220597
94.52629730105538,101.84863016465452,0.13832015160285116
5.963919385566354,5.342877272389069,0.018226832095193744
33.67186592386621,92.42934873807823,0.06323956739660974
21.78977144894001,21.107585086953087,0.03988538242107343
240.64893967828,547.2764751064639,0.4408115140044666
10.935749573377851,10.875953157691567,0.03629006238369262
23.58526935562418,48.876167412878104,0.027537208549867728
4.277150191049438,9.46485273913931,0.009662491994056858
0.9847152500132873,2.4499805411898508,0.0034387876867554928
10.994622200613392,13.852391896144779,0.0303638299503947
97.8839513723571,146.77727907771106,0.21173481462427007
10.771930002948531,19.930849710281333,0.038183717890961796
7.587460930910547,12.53378425637379,0.020700641733331936
10.21164710731486,13.235521988139567,0.017596452961152018
1.1464441944746484,2.0732431449513196,0.006345719841905362
5.794776442087193,12.83984124350655,0.02057148761047412
41.95446965635514,47.06981147190153,0.0818722552835139
26.14787003428871,30.072602211172093,0.0348343418031513
30.201404996967607,53.65097655489195,0.0788829641688804
67.84031146865048,91.03410080391335,0.1907354845090404
115.13043678885734,191.98229797810689,0.11358205962031369
2.1127103322305754,4.396243294998872,0.006371888546635081
2.6852594796801665,4.156817286287905,0.006182478565135994
34.08812958049822,60.8020134450363,0.08280369242621144
10.283119690550851,15.765006855825591,0.02378964171704713
7.0442398093075385,8.54565184859894,0.01118189697745331
54.603606118341574,80.92416364010765,0.07288770769476341
8.538719158866536,14.532787255295725,0.025184223265388328
62.52930823287372,74.27529513883722,0.0997498417483686
31.09434009673862,57.53606144037467,0.06867452168754296
5.487722807184278,9.914687144709442,0.009426929374520186
54.2638162906612,44.258632377135044,0.0803620257040811
2.302112390959386,3.8120258891739693,0.009845995529448183
2.206852142676487,5.330264952059061,0.0034445004103428006
2.940380558928483,3.866039119673434,0.02120771830354883
287.89276994340804,564.4215889168399,0.3688859432279612
3.152356584252539,6.069776293935575,0.012971133347050814
21.7242819713927,31.82756406120223,0.05067411226152812
6.539728252275469,9.98887632065796,0.01042479096598071
41.7442046309388,109.69645886229657,0.058752893474921915
12.743941865642926,17.96285745105124,0.01556153101475387
6.963032001131332,6.747768429482852,0.010013765741809986
50.893008567641616,71.43212852230319,0.07257178844349668
147.34436696679526,176.63825799834083,0.2660548922580399
33.62225276647076,27.831701925732926,0.06958430811138025
17.621884997492028,37.63767980724778,0.07062893845684877
10.21361232089275,13.344298648405584,0.028293408597681802
229.4817897133143,458.5798460684067,0.36521281200638595
35.68487225645916,50.980219117452705,0.03804149434937561
0.594417699395614,1.904796777254669,0.002451071912305836
108.71899418617791,179.38751883364907,0.22513935279491018
10.78099751156093,39.35011535292744,0.03793289671539157
55.42127119999358,60.63614405239961,0.1008958943156659
42.656811190264726,95.39918004251304,0.07589394411485893
286.45872666552276,476.09811864036504,0.39980662875212636
2.3962462334290104,5.472931344295567,0.007327155017589367
6.656835839910318,11.272473182278782,0.011307859264098842
411.39199463444595,371.35591674623527,0.5467371990835125
202.6405198905935,301.15691766134665,0.2528732269311361
7.633352118912837,15.791683298418661,0.03455107960867206
102.5979296882358,267.6982806754225,0.30626387683990614
1.0077085896274676,1.721838869380502,0.004045671069009424
19.789131613678432,23.820674725056836,0.013791687014135995
9.425639834928884,11.283386687354195,0.03252112776938433
47.07412635743367,68.37386611197164,0.09677023268171941
2.797050260179609,4.527660204851237,0.017761055559414735
15.211970445243056,12.536024870732344,0.044370029873539586
152.93823224697547,182.9477096434837,0.19298433219496686
62.40699369758199,46.84495464557103,0.13442438975931378
180.9866696724544,423.5028402416537,0.2173715283786516
139.9246896666143,244.7701899855663,0.3185443240705231
30.42938632210931,26.69980770028454,0.05373711855632236
0.3343241518959337,0.9823463030269357,0.002447136269114241
111.2386017799695,218.40379964107373,0.24832375117127092
63.22248761589325,160.4798377391067,0.17053715591839355
26.87055877295367,21.944014424108037,0.04796887740938869
3.4077135197471975,5.458010787682207,0.016731243283800004
206.70886213221513,361.06738834828025,0.6628714492040432
76.86326205586471,158.75487789763304,0.13255527505564388
150.19021930964047,191.16978622889692,0.24701744397202702
46.167001114523124,110.45284504043265,0.12444600048185932
65.61098450308026,137.80901438998617,0.11093757836779582
52.47382706523954,57.527050578549556,0.11269975751895805
23.65996550125116,29.82208083942088,0.051230419017852566
276.0292319016451,451.3077670740809,0.5130537315910972
131.0541680282333,230.63041022397599,0.23011067413490824
4.9051068283916885,7.967565615533542,0.010579670061179925
5.437005315051653,9.982652217093893,0.009588055390875608
48.56401948178092,85.44553511107222,0.03189849081001389
39.20332806374627,36.816522851569964,0.046486477312106575
5.763944970900896,11.805563206882937,0.027319603722702507
61.23739225303205,121.60220818778456,0.1127519383186175
117.4789125191821,143.1441341829294,0.12325935081828845
1.6069888704251543,1.5003691041281912,0.00804573852076674
196.83159610545343,377.33437248718775,0.3135463406977671
18.62058559476301,33.7042050542194,0.017455189377791478
21.77881589192757,53.94707410873338,0.06869925989774048
33.13421854522963,26.76217891587718,0.07508955982542902
65.2891687049952,164.44007643555437,0.12836516895671202
71.26274539810238,48.30515243250762,0.08660396664189128
153.7724709956614,279.87879793512894,0.3751277554423914
3.0361912211183695,4.795402329007299,0.005835794788687914
5.65208715933884,13.117743840975633,0.010381801913727375
0.8816503958341737,1.8503796354555646,0.005227806845268451
108.12203673649184,209.35785734892823,0.1830653957335046
17.174762780309415,29.8183516806878,0.10482796806604204
39.10420661916261,48.822049381631636,0.07887711747457544
12.239949076952557,10.590105744480434,0.030529031919279775
18.238707994641683,16.08389207335457,0.04044808523151692
75.5307236333025,125.51569856366608,0.133159360719675
39.567613310824356,113.6138482910374,0.05497027936322135
93.2337739006829,167.05215546425995,0.1603364004841471
2.743849957039429,3.983859856629098,0.004578818703165349
21.597217477540767,52.63583244545825,0.031293886268307355
9.412871075493983,8.43916872607387,0.010141391188640353
25.386114455252372,41.4543450978191,0.056741167936039824
32.642734524668946,32.822553990342676,0.05420524507322405
10.065704601167388,15.850033910457865,0.02269585904675229
159.13728288168664,297.0840163059175,0.3104871968824214
150.23407040626861,245.31191971781382,0.2735231255500781
13.108838150565294,15.849792442732642,0.03488092027762736
25.675928772947888,40.916806652554286,0.05423935636355655
7.923934715121145,11.690180700540155,0.029677325050460994
60.507346670669165,149.3754075723621,0.19397695692423642
11.46206067633308,24.855877030483214,0.008195350530546978
1.0520266333367503,1.6169448928413988,0.00618906067938243
4.914279371419703,5.407247880534919,0.013170601817197513
107.28098041433576,210.000191081765,0.17932182074725905
0.38127967903621546,1.1765857929497454,0.0021587649380139418
30.654713115138843,85.77685724800835,0.05372972994775208
34.32106662111495,55.882803185159624,0.042720500658001447
0.5921747820320267,1.2284848269831585,0.0029014914114295475
74.98483715368484,152.61182535195604,0.15184213798899232
1.3847351489073716,6.181923139055072,0.002827106136601935
58.55302899336075,90.051751115671,0.05420682391161877
22.970834065243757,25.53113611286352,0.0473446414296874
8.94018398684647,8.524032989836257,0.02555707757883936
1.8275061826388188,3.7982786128786263,0.0050329299343828335
4.533449954831947,4.575804738831548,0.008068357627516025
4.0354803457960156,5.415639736531907,0.0062593572302708615
60.92639948350618,78.36870800357075,0.10985325480810235
6.136472890295673,7.348879003363793,0.014977779442967704
3.0132971423523416,4.668768265938385,0.01351946770319167
5.31992143453205,4.982340261032386,0.01685877659366961
8.511147365880927,19.491145185101036,0.00942020197103232
25.546319761457212,40.14722834317904,0.058077057409001646
4.301252392016638,5.9803962262300665,0.010843363625529996
48.07496358352365,126.32995753645669,0.09533084899099394
77.85470772355595,162.61718312915477,0.19570655023380418
57.3134862590422,117.73204002106382,0.15283784455296257
86.97325902552733,161.19602659955493,0.2024589511754931
11.596601919506973,26.062508194463195,0.033022701204912124
0.6845242864406572,1.5686198245572465,0.002177916632574896
23.454134601586034,33.28827995208508,0.03599775749848352
8.14726573560579,14.26726327093924,0.01661173627609953
69.6192920565112,183.32946464214643,0.14724605124256673
329.55523307597315,561.9365915675824,0.5971594082765115
3.951033428999134,3.2510103863175908,0.008549711830990283
29.186069875518356,52.51047251963017,0.04261425698495166
18.5047439822602,40.22736747079422,0.020619790570357937
9.270902595281175,15.217641811389187,0.024902091304782083
40.2615721690119,106.4069108966919,0.12524168078704848
83.45335516690696,176.2541713112067,0.16100462760575734
41.368960433996754,66.58154568068439,0.08689485893509706
148.90885910667265,219.48388235244687,0.297299457419462
5.669975321259191,6.606535683876587,0.011875220879571645
33.03937868585887,38.84101261349028,0.05086723098148911
14.157260911483123,22.525562168359155,0.044196721508468574
122.62571987055938,245.43495050129425,0.24396723959893235
46.95128924073201,72.8453360643939,0.10943094113047198
37.907679850652414,66.5468726095536,0.07691654010608866
10.472281106048301,8.828015715163723,0.014808819849187048
3.468668992406508,3.9426115906738755,0.008641755751794945
14.653824742661604,25.058212762137405,0.017180614004693423
95.23883533449123,236.4843957671615,0.14233478468361851
4.920445809557996,4.2426984565566785,0.010434235784232098
4.614228007708695,11.299846891096811,0.008046504856830849
158.13427782948932,311.9635589703102,0.37696894419954685
14.452183921999948,35.492004546236764,0.017987767256936352
19.360168244563834,35.00428717090151,0.05309959906095092
3.652676453315363,7.613261849110192,0.00882079867232031
7.476160256808483,7.428065189353813,0.010846906908694803
106.09855872179762,210.93558123338283,0.15731622221885236
4.637320307414562,7.842868869059547,0.011531071237533521
7.726939419700037,10.71394299832331,0.02240054134751261
18.018426287950582,33.179720707667286,0.05204273370328836
8.399999686323211,9.556534245312667,0.023950997827471524
13.349757624897746,24.21841051766132,0.020857712340282396
232.39882195065607,372.28771398370054,0.6438929342415094
69.61324479014245,123.8765137877429,0.1703530872081854
25.352737029522828,24.715938570185532,0.0426540421725332
57.922370775908654,67.86848894765662,0.07907196596982514
133.84289079929408,194.4096473254468,0.3665783350895672
3.559652658012405,4.329250175187488,0.007963934710410854
54.798736510089924,136.70520353591735,0.13254413790245662
4.947007064275724,6.824664043223511,0.009731933781868953
8.146180958729355,13.449153344582106,0.009138628662118868
20.244119107463423,35.33400115660645,0.013158288244173873
66.97713723326905,144.7658504685268,0.13108095823330934
10.704694102062396,13.639716432558947,0.025387769673391493
18.387349673196073,36.439591585441654,0.058257122371935276
26.7701594943943,24.89970075812602,0.04545076365666987
64.46425137827941,78.45580670004934,0.09941988120349288
8.47694930325666,8.230825701112046,0.018604608273707832
2.4881409340200604,2.9432699708834864,0.010218067966153523
79.40169245912749,194.68872934176648,0.18954768388170068
4.951985455314928,6.174623999857079,0.013118193155256358
38.610762996988164,88.02216409258995,0.0493745230241297
28.41465504927684,31.271525697835926,0.04923191407711884
5.262200436266527,8.511193735303596,0.011060518338848217
27.232854187340163,28.86896493356926,0.06763272999829777
134.95104717613938,228.53393134499652,0.3431498881673121
8.060749204837611,11.750034683577097,0.009113070275805074
10.023646291737055,7.508078216583608,0.018506736191269406
7.115663114463022,8.02770574050519,0.008528205039788768
18.24901336809835,15.038207393703237,0.04046072770189629
132.01950429445762,208.51797183260396,0.3419955337544549
17.69075135550086,21.27078725606012,0.045109505497136056
56.10310679389187,142.7494900739772,0.1306516043262164
103.7544019165513,153.7945172318436,0.2402596960265029
467.13069833736125,992.7321855791768,0.7785868894670214
34.889474214078305,48.49631661385089,0.05039843760581292
4.0013208079682485,6.408759644575742,0.009487977311882678
1.163303708324378,4.556900469608759,0.004198397308964424
61.73155638250871,172.32760841050106,0.13929279611057327
16.26396473024348,27.521165302633456,0.04308621811461151
41.89821888643169,93.79493161526015,0.11437209789561938
10.563152198755574,17.583036936443886,0.025692044352113693
79.16261263943586,123.48024341905271,0.3836930628727398
26.979927625489598,31.78527439755357,0.06670693163451429
34.27230435186713,63.093596500948564,0.07673930757824218
21.670750348164724,55.47773147733296,0.019555528521935317
34.16646109444599,59.59478543800866,0.06856130844781362
3.2638096066048052,5.933373222652219,0.01785785771248771
4.364269034239294,8.403280535175846,0.01645678410331516
6.150109005855436,10.69198676964343,0.017982318993084084
70.63483574526305,142.13573020122382,0.108259838825091
151.77963007917907,281.5820261550602,0.24105643671628718
105.12243851672908,230.62039934034297,0.20380632317507502
134.01082563704074,341.92179801981274,0.40885119066915715
19.521981186708064,27.588506896857947,0.028094574757294745
80.05793352077683,139.79345780286224,0.15652027117386486
4.5997127391242465,9.973056168870771,0.006734656944288665
162.28385966171393,245.42137893486884,0.2803275612093838
206.41540794868405,364.0690420299759,0.2840270024120722
574.5442560817944,778.0691619221504,0.5502908315875015
256.77973538132886,331.6390711326894,0.5287427795768269
3.386644439775916,6.37886447762672,0.007745446250614189
185.21552598304868,437.3553895418953,0.4504455870190201
103.24514029693712,187.83770636631533,0.16469266672920105
14.567785801598937,15.3528278006393,0.035252685515639835
28.05549755923655,34.78275718062455,0.03304346185242009
231.29187752185342,448.6618497152956,0.40080337696483376
44.08650599955904,68.15858106803046,0.09521587192839451
64.00947371659554,145.16308972627186,0.101795138970824
17.069221898878958,23.01412975088596,0.030102894574179324
1.4634218161959598,2.3163862656574814,0.005769554976569171
1.508359088408375,1.9951772531708143,0.005003081101736823
2.782607310422692,5.097206136799202,0.0073681735540648136
83.20609472022726,136.68990913426785,0.22106197098634822
3.4530136639286058,7.653828100980399,0.006323993082558421
483.1912820726129,1032.0238834105965,0.6564916946181043
58.822937976421215,115.29147421352607,0.19162430470225605
3.292175902261916,6.269840310450036,0.005260891275296859
4.1756098704645845,4.164038221547033,0.009405232171700507
2.3983794764416877,3.3155775712546625,0.00833168615516212
19.34979967071124,31.75161463334271,0.023021154578968733
155.1114337075482,299.582557659082,0.37776991834841217
7.247899580700773,5.649836719321279,0.019713478086149386
19.062354206710975,36.556254456441124,0.05035729194735875
19.59147390316678,22.16255741283131,0.04254267649261423
207.7118301587396,461.5702121429739,0.3582715179585462
63.62074244950237,55.65221058313709,0.08963654426902525
17.090368007627006,41.01367776093181,0.008237140156018792
95.08982205933214,298.8693329954545,0.26008957095974766
120.5854581851589,147.740947468655,0.22216995359689984
4.185444448727193,6.961670151297189,0.011078756773895984
37.263357837456255,43.30271366258109,0.04528631223048062
20.91249608201899,48.350701275476254,0.02807719910762539
2.540025194952812,5.9248733416777375,0.005942088771128455
32.3237605736847,37.31804307194507,0.06890472255433586
149.0912822060368,334.86151513021014,0.2941731811442641
93.54121340815662,147.07646574868494,0.22914348841459425
102.04358915695153,280.8493509661625,0.13950198311578269
5.297858971558742,5.0769538739318705,0.012123015601048939
1.8410647378189962,5.125675277703545,0.006343997228278299
28.09026622766091,60.746593428242,0.12496881771518596
37.408285500598744,31.249237352511834,0.039482884746485716
5.684442343920706,13.843704706375568,0.020312855416727883
101.9260779832244,292.3358581272581,0.18478863634930517
2.4614899847987552,3.6566008966008403,0.007857004315955493
88.60025129776479,197.55451170934853,0.18111015815787412
116.66009011409078,196.98248718909323,0.29278334469699163
7.249256986634755,7.470481118609637,0.016557145506780252
45.70802810923074,43.531754350895106,0.12216114735931098
3.9132950513472347,9.954908369162894,0.004401558501150132
2.676856311859092,3.2370055841423744,0.00989711934240173
4.440253929530937,4.052823716010951,0.007392799048348193
209.025709668324,437.77312523496397,0.4200035586489833
22.441284450874576,39.528320194057265,0.06925888702149376
113.95718947764931,191.18618856661791,0.13846979781492982
120.44523985464225,287.5686741391457,0.20069178094645354
15.335244342720992,15.580554460220162,0.03677320834157713
12.177496796554792,22.27711304489842,0.019425974745772276
148.3409977714923,315.7407040411369,0.2834842759194151
289.9116165237205,558.3672187688279,0.43467860622123516
61.929899851004336,171.3306843180441,0.17081923727217235
59.226681088503604,110.1061482849485,0.11690594330630423
10.283222822032995,30.76757908271231,0.03466652071631046
8.740990652782507,7.089693307411275,0.018473480166658892
89.02371884795298,196.75365773156247,0.19073306611061275
160.55499512427787,241.64012296690916,0.3185021256359487
28.157712363829194,41.06721457852664,0.0606311869194928
56.196904493957774,114.8531810889173,0.12391584926322567
59.644023484434044,86.36612090661372,0.12057706386617431
31.05730408105199,56.31023412128309,0.019404950540970887
15.277511136359939,37.53216988295825,0.06124343122598471
70.52034054935262,162.5816054269598,0.215417267752631
37.28664820119628,41.88453436883546,0.06984162304051861
5.5671175288143475,8.697462687295571,0.011778645873662105
7.058058715734308,7.587328294043547,0.012532037043854275
114.486445867604,192.65231088417687,0.2527515714755662
59.89464165268835,148.92883692242913,0.10379101750757509
215.25939641792968,344.54971350517457,0.3609201138291607
35.778748409401324,65.60151196571567,0.0569361197633895
44.61326572051352,112.90099714114417,0.0521593074110305
27.183297456431994,48.704558832002576,0.037755783334961206
11.474129551723975,31.18023941564347,0.024428112001939804
1.7690587516132663,4.404061081712958,0.0050435697255608505
2.9456402472075323,4.42733699643985,0.007944659922674813
14.701999119124794,13.382515114276842,0.053396911795208925
265.649466424066,466.2367748171194,0.5714044894606156
25.236546394989546,49.562372661050844,0.02574559741201998
0.5320418694927734,0.502994016130871,0.0022092158381892386
433.85478276245533,636.2412936978915,0.5115029988255285
75.9064269798855,217.53846288417415,0.18117050447142857
3.3543108469039016,6.867921164660605,0.009656039175035883
71.40723120892608,156.3070300620008,0.16107753258607868
30.851489859532165,41.88870219746937,0.06577630250516779
16.167255740914264,18.65151745698054,0.03415626621123044
51.10871438632488,70.24010622793361,0.10319776939554526
6.8259004548270035,11.320026917997806,0.009967715889254877
10.595881422590786,13.329884069713287,0.014913631498387021
46.43345786520954,47.79125081304292,0.06725650075023618
105.53000006983974,173.78026797877453,0.27089795805994543
36.65606980405208,85.86330639965887,0.17892493263751896
122.4928450338285,418.6690504731783,0.2467575439594684
47.115940931704856,94.64728540935356,0.12276501453531402
143.56643894704933,186.388195264609,0.34260345240784207
8.886618446863586,15.136769357667063,0.010852333245612763
48.19847441197027,53.76142794336009,0.09784248568629653
26.429468642688366,31.252653749317115,0.07284173170332878
9.252736541376686,11.194326721508833,0.013677378159983314
0.6945668235307297,2.0659972348636977,0.0027386012534890186
30.43467176688881,43.623728555171844,0.05086546609044548
52.52543579260443,63.4051163292089,0.11675763314714019
23.27237712276387,40.847710552877274,0.015585918683457486
312.2096622566668,520.7715515804475,0.5056409772946701
99.09339570803247,150.1558669055234,0.17676411147561602
172.90290340145114,199.2590799505897,0.2545707902566285
19.059169949703303,28.933308095054702,0.061451237532231064
21.4885488622236,31.025210623434162,0.06612687088186878
48.40204879055831,51.5617307286416,0.05977352197772172
0.6719182044450476,1.6552443767312555,0.0026968005453493725
6.9183313906128845,7.104297025207234,0.014752003247979536
24.811288591440167,29.393929729378264,0.03427274746057267
13.040524520146702,14.712767524202814,0.05176710936309161
1.164644911401381,2.109776690237038,0.003657286591037438
102.16017194339304,188.76659504100542,0.38770398363461034
6.467305182844313,18.523364861639717,0.009245268554938584
37.55071659376771,92.40184297862122,0.1417940996014029
66.55118937588254,105.35634289844202,0.06670771409709346
23.06001267638489,22.003772010186474,0.06356286317751066
365.1781569750347,543.9793369638747,0.49118671464724095
4.663899418351823,6.649203116043068,0.009151884962830606
20.379014279794607,38.06667025462203,0.06581908530596901
17.167279132011252,24.83775427590172,0.04257626780529469
50.6865079331438,96.50717414215295,0.06851495013789166
26.6182723753063,32.604392133210055,0.07072035676193714
40.57955661062331,49.03667960638334,0.051958622216004155
45.078193063821224,109.63244940976432,0.09388455095682909
324.9795155376234,514.0553688827767,0.47221886906882093
65.36873670442324,155.6720740064692,0.16148175527853834
13.994314156695237,30.220173538412052,0.012053639877924538
62.18396572803161,80.13402661993254,0.08146751226986343
230.23367199443197,434.97019076604926,0.34882168532090585
0.9715143192768585,0.7999012352484155,0.002949228111152998
9.955706914076414,10.576839834541216,0.01294405583441597
9.545627952904505,21.46289010930195,0.008682178024902036
4.68006734114723,6.279342061210088,0.00944388084758525
22.446916796560156,55.875637087926265,0.05236534188579601
1.8452169394467517,6.583758817692511,0.0054598247921752675
40.38637201501908,46.84366800962795,0.05240459657963606
32.16708983175876,31.138847430782562,0.04431077108021808
10.019249367620388,13.733529014524441,0.017732029848868642
0.9214273531344075,3.6508965280682433,0.0033076212147528554
4.5162536701888785,4.63285884883277,0.0165632363499692
9.329651626715654,19.685057170981185,0.02216042535766496
61.33217195379224,47.79717781472255,0.11307149944814969
239.61041466504525,681.201195257881,0.46999136012679466
425.032095770869,707.2073608237692,0.5320575400524848
83.04284627338248,185.2197120948219,0.1628493519353634
28.134968493871288,20.620779914785295,0.05509777299095665
23.273076235973143,38.33646113417385,0.07699555911880145
37.11136318520787,67.67135398237195,0.07475310397582781
7.267213569333893,9.367124447516122,0.01952342286672287
2.3098202637979512,1.9363905412470996,0.005886581770848899
29.74847187256628,59.74032242251783,0.04936359952173393
269.7494179846932,677.2499967084156,0.452040920212494
18.012719346132737,22.285248075170045,0.03514456437948397
57.79793483244971,66.96736869412047,0.1284470500559763
23.86038422142628,29.50358431893223,0.04758507809778279
9.149055243047192,21.199483994050507,0.01740187451872312
11.939976378508536,14.413665443250924,0.032726484916778716
21.406969221576013,43.49340457423989,0.020640815115814507
43.59994465794904,83.03516609582348,0.07169676769293529
2.7353801812721072,5.461530869273732,0.012258127776185537
28.078585790942558,36.0298643516022,0.027274668224932325
12.508911597889982,17.35974204561684,0.02395709829334464
36.65641004847139,77.18411589218863,0.05857946180560129
88.50736266131528,200.62678534439158,0.16510487242848626
10.762709486999034,18.450597176865166,0.011318645910092533
73.00890184954235,187.27992420180502,0.09690501867340062
14.861009392560563,33.87506791775899,0.01274027880530761
6.059309062731757,11.180812990969578,0.01368665865748466
182.93146316244167,387.37227611878393,0.281184650789538
0.961514838873957,1.6662415022771058,0.0032690761552509155
12.081680555118739,13.454413461539277,0.01974936602334944
9.058709825171954,13.186434960996086,0.014445872012908166
98.20236419583964,228.49261529329934,0.2775435009061653
6.00491688242553,6.871594184841609,0.009650112070771969
232.4381110077299,468.4575000407893,0.3240418734566117
18.87833231685452,42.86589079554466,0.048726598004132426
159.2208143495803,256.878034595233,0.3707170297207694
36.96253440557946,52.22515959241217,0.08183851908073858
33.05276521432749,25.630318755313944,0.0860538634528418
59.19737781245033,120.81103054344095,0.14523905283208777
4.314653196925472,10.063071466935854,0.004350644393422595
19.502001564922722,33.374033039121606,0.05259880754944311
26.20002060317714,50.355794727755786,0.058398385506212014
4.687691633426866,6.530625193697525,0.015850646688860322
108.1251164772234,176.13551973234988,0.2820034069791187
48.106145870798464,63.437019521574456,0.10231077624813949
16.42689899221304,19.95905849399289,0.04407269135266763
85.89866447553406,193.32454458836756,0.24900283913020924
32.34008201899054,33.873386481902955,0.053106470513677596
48.983128388002186,49.105418445834985,0.09156541533397422
92.5212885783975,212.99922574009295,0.15857339450668867
17.59159068990687,21.24430008989975,0.026407292419188547
65.7962006952499,93.21828077955453,0.14437324026201712
23.828445732994215,17.938635086939918,0.06406752284646156
42.31710307564154,50.15092254445128,0.07833447615975432
5.626454019575601,10.941023158419299,0.0058687370149484025
14.322544971614803,30.41239873729097,0.027565899302309932
11.760812272076326,10.529577021602375,0.022900995306662595
101.31558365522571,182.22004101902542,0.2743321803202241
90.67062847469009,178.2221320196895,0.2032834200607724
113.76199616095887,221.58195310696846,0.15285678548482082
9.364121844101927,10.656084006269031,0.025427689807866333
4.692588600421679,6.727878188564954,0.014281324961839769
11.323405544740213,13.026700903887798,0.04976423060719821
60.95083913205234,121.86567007503939,0.14550396281410263
105.97916856698711,154.20435607178743,0.23993375562510957
344.1050430657758,571.3901603642972,0.4655751232426042
4.601907884845537,3.9555876734977704,0.010986120550962274
56.16650854251765,127.88872275538469,0.11039432961358511
5.850806738007965,7.603079328451951,0.02349012286629586
1.3518825794720986,2.655141213104093,0.009727282060696386
73.54675477040198,141.18518032638246,0.09609707286968239
5.514492402801469,5.446569635713252,0.01363031164504675
94.67605170661854,153.78049230298836,0.26079178895568755
5.970291513827979,10.378879785107905,0.008922106716210394
33.71378591031611,46.779372690645964,0.07358203924700404
23.861094916028318,47.81091734133208,0.04799913190777562
12.051697451817425,14.37452102983912,0.011187310581145301
76.53191775506436,154.69401715606327,0.17382912397715208
225.2098363742328,311.54267061424173,0.5759056468946193
75.79709758153858,182.7970314544409,0.14537491375878533
154.76847840797745,314.9261666175428,0.2194806628536242
95.45346294795995,189.94917107749876,0.1432533898771335
6.509345105370986,5.1940375937871535,0.016071727076426748
2.643760368682724,4.760030248258545,0.011739705062256484
7.612870180941108,11.094820027638212,0.014510967649491528
2.5806704252358035,9.022443634140343,0.00952261474129153
60.28771833760331,105.4197093905289,0.10807926935465358
42.18560728278889,66.25857399789068,0.062198714734237354
6.573699267308966,15.296933324281042,0.012204365084818812
48.6083071881695,125.40091996720865,0.05384646863087581
10.286255686043384,12.484955026597568,0.02635194421329265
70.4623312508585,149.33898521181194,0.10729254958626781
5.241654857012927,9.792405812414136,0.015020399019057138
15.759221182858825,18.741971870662766,0.03263483760405981
1.2630338232057914,3.7972127465030576,0.00341563050492866
27.285406492643727,30.95048896446792,0.06171163599620008
11.477500322272055,13.6124512427602,0.020403673195934585
7.487385064344037,16.797552300290647,0.014582017260144688
1.6581246590520542,3.4451832445476103,0.0037681173665534027
50.592600663898665,104.2075163990163,0.12220832854739243
1.5578572939770412,2.5255011611462717,0.004780993416472386
116.41748901184262,204.59821772984048,0.2860409726561339
2.3524250028850915,3.288543577853783,0.004240337234799742
22.87149538917472,38.275764494016926,0.07123737171155377
14.670459113348889,18.660431681158464,0.014584326238184163
36.37047317207292,71.57476348704805,0.09333788870259087
6.9492686338272405,13.282775632998666,0.009480143186239562
180.94295564920338,351.3104839264616,0.4347396725224196
15.632715044232839,10.670800104673013,0.041693294219978215
6.61002581876642,5.917966200242651,0.01513033770571885
4.657091145615938,10.17860524046087,0.009662138972083796
92.04978365078884,107.04842979494293,0.15079479625992345
47.35634416653952,60.839688225113655,0.08257871686509766
27.470966456977777,57.6119670970471,0.1037688759122384
3.3625714575382353,7.6747477853168045,0.008748280549621089
7.226073143804877,9.637284473780946,0.02752740973323459
0.2745269007041807,0.7385815870682352,0.0022966817233406023
61.139364243002646,135.72065879865204,0.08270504020044378
21.513599327490866,23.329788731821637,0.030312041363978057
24.58591413309039,28.65242510651131,0.04497604931704101
68.21443334025291,179.4198650093504,0.10781571171204851
32.522017241454435,42.406622194664614,0.07189242301347185
129.10267881415285,347.9643308797616,0.27923612677933396
1.3974719249425023,2.3119943645445886,0.003840600822078808
77.29547416991659,116.14060449798754,0.17210637943342152
50.47115278469642,64.72805000197681,0.08626576228859605
27.464215518441975,68.65135283052798,0.054933747245780096
191.13100887639996,442.4988518572493,0.2667697647703525
13.578032202310448,24.07944462581379,0.03947642592495494
8.777815546217303,13.051789046476873,0.015523992956131922
268.49171243809644,460.3131341507016,0.4072879466570081
3.503938755602469,7.220662668727683,0.00356273479756507
6.618295522292041,16.902062520545964,0.0232691959927159
321.56667154202484,542.6865328578161,0.4463950852541039
125.47493571373072,222.85354551738138,0.24298377575838764
3.62452809671712,3.488495619262126,0.012453429512068136
11.44172095196728,23.1834775585142,0.04336569626270625
15.15318690278591,30.93313833406917,0.025551341734605583
23.79243798928799,22.711939045135065,0.05630055638846267
276.1875271214816,510.9155652437768,0.41677192198230595
65.8204266453706,151.2110880854275,0.1160446916469541
99.31484735179161,216.3925340158553,0.1720699493219045
1.8088819855978258,4.672411290228823,0.003559042343529471
111.05026950892879,216.6052464100206,0.29865885479934856
8.650549817578895,9.087922838295434,0.010438747937865978
55.848774798770904,58.48974733710711,0.0747319372368878
9.833202630067555,11.404269046544792,0.023387454679617944
34.07914346339575,38.36309700281282,0.06116289040818052
4.845655478560186,7.366444815939197,0.019997888095194382
82.10702103863987,155.19788216238027,0.21938424256411035
118.33850600986041,237.54674698040577,0.2665700935223222
12.549163721197749,13.000713542726867,0.03310456010746756
6.0400102678270615,14.468049968327708,0.003727462201390175
2.6647414185658658,3.8950358207344324,0.003566078223588988
1.6429427963335999,4.063884012888149,0.003117960673784652
8.029804057577994,22.65017713713488,0.0036062232757696627
8.507280880019046,17.55921581102998,0.017528485577840074
50.703641776624764,121.54754069238336,0.15922869780018561
28.398467045525933,34.281403824204475,0.0383588468776388
57.47135115267104,116.75661864269176,0.1644509114127029
23.968836091913904,28.804122090838256,0.05071139670757845
4.256781107368505,9.796192806234874,0.01424772383238528
11.132122802898733,9.321826188347847,0.026999748906119288
37.405719430218156,44.36372065302259,0.07994651015349699
5.5698748438710695,8.473973855003962,0.007429928043101473
48.20134841598082,97.00115812782164,0.07727848374619899
63.68506190141212,135.96842826866083,0.19713753071418696
11.522288156517597,15.643375303770705,0.01968743951770775
202.2463203598127,485.8165933872889,0.47517133515063664
42.681229102717104,101.63522355544492,0.05926145461554288
5.985259283868146,4.770507280150381,0.005882041471024161
5.609568702797552,9.032168950741077,0.01111880393242468
47.18637783092172,68.52026913767804,0.11592825062732677
12.93958383990634,10.320049890517994,0.031309078540178656
11.011157957526715,9.849777335454789,0.031452920798828325
4.031462889247839,4.216538901433107,0.0086341358820031
24.058950364787595,36.06900240129739,0.0681920299191901
17.50466950523063,29.079432244680678,0.018105492696700795
53.734742840844525,90.2508834204233,0.12773327553917718
46.81308537546425,103.71722219916654,0.10195016458072863
27.72678209341185,74.05650948557839,0.04287506613136205
15.408964799904563,12.096611099335432,0.03209714358759054
11.883103642342174,9.403120566597613,0.042746474915968814
3.7528255945115543,4.033551004359284,0.009526665049512563
20.261785427086238,34.04780560417304,0.03357416994743373
64.6702230691486,155.7500004992203,0.09861053098493604
42.57234175409195,80.55979117052841,0.05463150257199942
4.497326372577053,8.762224600602279,0.012292403879308276
9.95599745860806,22.727786819830538,0.011963758263264145
227.26519920195437,386.57926478967556,0.2860931764769675
25.37417418161834,41.878483839154605,0.08197222870317168
32.45076392763528,55.054713714388285,0.0593424304931767
42.24655993794551,87.15604595837625,0.07415125617362209
72.24441823658776,93.58265135509663,0.1002768791560464
49.44320968389659,149.8167693138911,0.1714406363155496
201.38125539263845,303.3631573305648,0.25011298428603335
15.00403683095431,27.283870831012376,0.03601914463498512
120.47387173034338,185.73838855202874,0.32540136379648954
20.04309408804052,33.24767090652554,0.04188021418514641
38.341833458367354,105.60028705596054,0.044881455203199666
98.09507305002172,122.92518256653646,0.10680411516426766
12.095651998947261,12.06312934426294,0.022121269796979842
12.488686471049329,24.97716239163439,0.02444675917102181
97.80172341933759,148.3778508369593,0.24220291673444022
2.329819967256256,5.047151433134548,0.004365155227484226
114.6175872501277,185.57891031789254,0.386114561993105
160.62993612950504,154.48932964783563,0.13109070140691606
257.64156876798876,349.40165625665946,0.5014111920620284
7.339604188387822,10.306236981699882,0.02397471817239369
11.520990410368583,23.85799551481283,0.017398670093111034
124.53752223924975,250.85255436457527,0.3573176560364244
32.90970838496117,69.9931318322381,0.03792767743633309
9.96018257034073,22.06983740258115,0.012769041725508546
156.30298200083112,288.91606985201753,0.5646567162988779
214.08520557561178,268.3603017505471,0.17603050051507488
27.074908466809124,39.46351989206529,0.040621692515572926
408.5724005052959,759.63279740345,0.6411150927048586
8.383631320921818,17.14885164251456,0.01118687687374769
205.89514283947037,483.79085921357745,0.37066519872506526
63.98987206341034,128.22454969821143,0.11045326858442667
3.819021320599253,3.296610729446026,0.011433509331274643
27.201664018026793,27.623635910932713,0.05689194840395359
1.9519085375806982,2.5774840735028404,0.006612749184871046
729.3089297039597,1118.7113553401477,0.8060957214975464
34.96275173642595,56.539670962617656,0.056993318423668705
67.25578842936856,184.2226860292063,0.18358761537855756
120.67382592422196,207.53554708671678,0.28764148615482726
0.6123580439706461,1.4683963112595348,0.0021783208535125593
12.905778285625459,14.888972619365909,0.024172174381911184
9.654255548083645,17.621356589326894,0.021903083189605287
1.8461927998627172,4.970463605780684,0.0055128776895873475
94.73804585204893,152.74916375669176,0.22799302385559678
35.99035016119994,92.05181148774363,0.08941835202847402
16.112581536827538,23.846908314663935,0.030665278361076943
13.962436715480692,22.812994715360613,0.036135531887943974
2.201723060216818,2.679473843828029,0.005781720232739103
4.4124915887996865,3.7399132380326705,0.011470379016298183
83.53752031972631,170.13970429044585,0.1719485033588976
57.85614657809498,121.2514137244745,0.09898088710746403
9.4806582968051,18.93409458224822,0.01676520375211617
21.237297263464395,20.85986898113586,0.030180786021536506
0.8339619195978687,1.466653575031333,0.002904711794455165
7.838212658317527,10.093612420592354,0.008045011281489023
8.828384950383311,7.604973994945725,0.038119520846818106
2.7703342073995043,5.261566562738963,0.004333318116209064
11.953022387046254,28.21241872364641,0.021570160916391537
11.639550934527177,13.675007507169118,0.021924506953148973
45.3925083752911,99.12409340692479,0.0773716344776494
147.64626788440515,272.37170848197815,0.2946099893721822
48.91449737894382,111.49772901852207,0.11900357079391352
51.263139588829006,58.501441223921894,0.13081364490895192
31.486880556079324,53.413765672610275,0.052521438820756515
14.529136969219115,10.200565418039247,0.016293228121036316
575.6454118910705,1015.5055919915601,0.6122158827529023
2.6590258209771593,6.298111890138833,0.006313989994703744
1.6178439750780544,2.3929108272803057,0.004244187808798641
2.7012286819020357,5.981153869742808,0.0050366546178136325
65.93557111512136,141.72245217574115,0.12849427597411844
52.232040395120336,116.68903118752178,0.11402545302317942
119.29344153560066,266.9376299921312,0.183530365223487
74.3422835870076,57.13550058519062,0.1070901325996745
68.60160461367755,147.49165413578774,0.15769248274977254
21.10946398669678,34.39402509673609,0.04495777101391075
67.78146820325195,71.9864518116646,0.08379481136370401
71.98201442779872,131.76901960735077,0.22783458450247188
65.35541012329878,85.43917867872906,0.09984403610253541
109.47578557096163,212.06501893611673,0.2828174023960498
54.59196849313666,56.605615355591745,0.07210038906417539
34.35520843901672,54.3883765184442,0.07949545926208836
22.614222898739694,21.155816586113193,0.046978624569890645
48.259937535518276,78.00904655463675,0.07372193160645289
45.04875557402297,38.78087584028172,0.06989332123648855
91.09394812548233,134.26633720352547,0.16708051958534323
3.735101761854554,5.8656115879358985,0.00911627385616701
31.58079539772801,46.58379874829949,0.05572343456674163
151.9213244342264,285.9526350297136,0.3591136372971146
45.01740231558886,114.21625937934127,0.07923682669741344
251.6286541155026,430.2318646109667,0.5231722359147004
285.9948223670731,577.374273833105,0.3514427284427226
24.89690951643625,56.129735033404586,0.018355820079421964
98.39416816925794,176.60756352697132,0.2450996579315501
7.457717158576281,5.80903861364643,0.02237332966571638
3.1149034152514936,6.199217200351725,0.00850378562550118
41.28973515497398,54.53288181119166,0.09513742519384127
7.376913044221826,11.509192990518521,0.00929525810890104
28.436065539201394,53.414152404919164,0.05109323412022159
11.14504296365148,9.554656934547515,0.02968234086189484
3.2045849450194943,5.291586719526898,0.005634851078390453
3.0871562448786594,5.83652358871188,0.0048727167499400224
28.835990205310576,31.84084708640137,0.06934508228308968
66.65438423941019,148.41983589117132,0.15716766486187386
18.566756978784706,23.845593767159613,0.03472234603643523
102.0375359076175,208.80292924612272,0.2633332538406533
19.801135763965114,28.0226675662795,0.03884869232276689
125.52097177184066,224.62862348583192,0.3394800616309668
8.636146211587118,9.383059362064438,0.019174957630510088
7.115435895725024,15.657114889763644,0.006398992581402972
16.158161946978286,14.683244747001282,0.03305545543195859
54.76141207836487,220.11121802910696,0.11699212907160755
153.5454146097103,366.9260074197317,0.22718700715821177
183.56823645177175,295.1312896516794,0.5199541745416111
25.776057134599327,37.74194673257945,0.034196010314040653
4.321379218523222,4.209743984665008,0.009130053409629845
1.0218534550942169,1.2844663901958988,0.002979694732159227
6.002840003813235,12.176554698922176,0.014751251771272452
17.675473908070753,18.59529228489186,0.04806628019392807
13.002747750194544,12.119545743787077,0.028286685164222218
4.7732467185109275,4.684092955297978,0.01706752497667865
0.8845950897072153,1.0826889333517102,0.002891842283414746
4.328569888661873,8.255908152912028,0.013469291177815165
4.714702114410536,3.7392627690538474,0.012385402097059277
45.78086812902595,127.72472270614672,0.060951841352764866
284.34522447666023,373.59644358279627,0.4286162557708062
120.26619581070202,174.29066903035903,0.23748080932689328
4.286203124084071,6.7856650245903385,0.008342051480878673
5.185493444819673,4.513427062418758,0.010923270966937414
1.8469315902450725,4.155677440055481,0.005139684517722741
53.37301973616521,98.09592150347446,0.09434493491932137
5.649073023763672,14.641938919345556,0.007672155665990645
132.01885459239855,195.59450894176348,0.207379623288743
246.83662413101388,478.7205132367382,0.3594930385151981
40.09390726626559,66.74192656276395,0.11450312561766253
20.58096394922086,53.58642551658985,0.09250253960882553
31.785627574071523,58.45661343942376,0.0657022039223694
167.98703216735603,254.63133874346246,0.30316529596033903
98.83239876561416,166.91877058877265,0.26843800229621195
62.79764665579742,148.87229622167615,0.0725283794673083
59.76645027065155,130.97780405408588,0.04086505680784439
35.684078963718434,39.49627651270453,0.05652987420510365
14.444786789840027,22.270486289339082,0.03224403483573889
3.434758275361358,7.006698847564223,0.0066813351432128245
95.52128269654696,123.33408098541949,0.25349001973362023
2.529475699607963,3.6020860623505624,0.007787529289518549
79.25710898609164,133.19117065031276,0.1907949784748232
23.431480534519075,33.228019394686626,0.05181650014205096
0.6643370122320676,2.333917435821747,0.00243486505386898
12.328076009376415,12.800622120788924,0.036972030529963465
763.9132566359725,994.3777823519835,0.761294366756712
39.07760942220847,31.257874038775192,0.06496275694460463
61.23256303283963,68.72746656893929,0.09380208001371133
150.77086792305806,283.33618866809576,0.33464583422031297
254.08781304813672,573.5427713194481,0.4859970510253583
44.29014823380696,63.78985188762927,0.15726180840846066
1.8568757452344202,3.8231369507059836,0.004714705461001112
19.27333602883092,30.596316848554885,0.07662326245481628
1.3447554145501062,3.403202153393853,0.002974079798148288
126.01583753763516,197.68745107352422,0.2502873499164785
70.90389731456969,192.51622815735533,0.134000557155523
9.873030634409687,28.22743481370013,0.026008892710700345
55.305058536396295,125.32056209776131,0.1369509742642524
2.707535160582555,4.2506327073023,0.00836275433082769
52.54669492771176,69.51361533615197,0.05272309137182944
390.8879525596731,619.4289020376435,0.6532223043971592
66.67994886514033,112.97930237026974,0.10448641585407292
2.7806818859308677,4.319284086776077,0.007042532627266835
16.235442300004216,12.518428322338732,0.03086921592273618
2.846039823159024,5.800142212541552,0.0071059093793987985
190.75898566191378,315.7417554182272,0.4057635313623841
50.23030426636595,91.6151868191668,0.12777707805614805
6.25279126638407,11.969972998830599,0.010531902948068616
1.2665563852450705,2.872606602671006,0.0037798554387364377
10.194708218473728,12.178646818857175,0.022574996325740084
162.91311851045583,232.52388491302543,0.42776410608714743
2.360091544543891,2.7104063414639,0.010011005074888606
5.927466647188632,9.949077997353227,0.018806496485230292
0.9819861409831351,2.0016145279460695,0.0029683360342334666
172.8725153804852,297.4407067303096,0.28419927398590766
20.44585645298132,20.026486913978925,0.03670612623978287
1.6681274632380012,2.2137593324751754,0.006335003767218898
35.89148249599831,35.575442393791086,0.05076293258965846
182.8901769998595,330.7514414607892,0.6355150244785722
9.804934761149783,14.651251369878521,0.014340449251088823
10.39584040504992,13.228586180458452,0.024191817891140163
24.508269158094283,19.456207412527885,0.06183869784700316
41.807930375667084,48.69841086734393,0.11615856544582479
269.1850785965994,572.6840283163975,0.4046682992628157
17.704291310810422,39.053066027837446,0.10427625536153833
12.512846499134502,13.369258803708993,0.035873087773106126
64.75377926267848,84.89514919238887,0.10483827588825743
6.46647646097779,12.940361899701449,0.01010734426634427
4.151306917458317,8.057198805391534,0.008065938105523281
62.087983930047216,119.58704666946043,0.17381430904327735
55.57842897386427,148.2342768940258,0.06949525428897801
12.65343710261298,13.849853179891914,0.021709224850922016
7.525060147036057,30.745496150650695,0.03235291410104267
171.6307713914822,355.5944072705832,0.24836587228097437
551.135986924666,1126.1609336103097,0.7555333436014781
13.000025931872454,18.205661759349553,0.016649990818842064
28.08522276071059,33.56161693580761,0.052072279315907084
133.04028034621794,284.9544108968423,0.24134794081044605
34.11365359516714,50.846683978864036,0.09214636078016859
66.95565282626437,121.78083254295896,0.19705958967281856
85.79051990914475,93.64605904049914,0.13920963100904504
17.277962153265825,42.71129313536165,0.018986909157169055
66.3121739786173,172.10453056968424,0.12395609190118176
67.79382633311273,147.02386590125573,0.10591993968786269
1.6296198799867563,5.586742593111329,0.0034326074162845848
11.13889960510301,17.589910960092006,0.02335512091311502
85.34034622948936,116.35765824725924,0.12114286750564028
43.859218120007206,103.92770314093254,0.10275673133709508
0.41507108602457876,1.2566661381123212,0.0031762060741738927
49.63608361762714,62.64243998033567,0.10848940596300245
130.77806618874112,312.85958326008256,0.20990791744080514
44.50807524367145,60.28170651474376,0.09768431230853247
0.3665127536534643,0.6687627429296056,0.0025080549703720523
5.093210295621701,10.090645664336758,0.004731688910207113
58.54294597260891,92.2933621165051,0.12191366453982262
2.0192840569404114,3.6248571199496897,0.008619696146685386
124.70024371821448,281.33712647708904,0.3168685169506657
14.857648099561597,14.618198876545355,0.035957424743671335
119.23480460299415,234.9450673616487,0.3219422213531942
288.21846923054477,610.9562948925808,0.7119393601771539
8.881612920156257,11.10192627025419,0.03140941197947371
40.142627446397334,59.017472289906486,0.0952668193007014
106.29481402595809,117.43615170328,0.08589315043176798
21.042853657102928,47.5595006887716,0.035957553906441085
9.56306651045565,11.756493142883818,0.012373477438926632
14.046789393345804,19.26645675902556,0.04320732659000091
30.307662689684793,51.07284609363251,0.07458354632662498
109.72697332598861,208.05068457771404,0.23922691524552697
10.909889668285512,9.926417240516043,0.03309735603742581
23.09300181236859,37.07155882307651,0.06958498999195427
22.74430382442026,46.20658323321419,0.050039103360952346
125.29789651826806,214.00167221512405,0.3066519882841058
18.059842260943878,15.34188738779938,0.03751386395408733
8.266962836381937,23.87899557836261,0.005876183678793012
11.544082110133768,23.730065367468605,0.01482399401134269
10.829323437450999,14.160501753461325,0.04085509041948248
3.1174289176496637,2.4122690096399912,0.007295753748545465
290.105738386637,595.3987665188066,0.8501136689756646
125.73783177849525,257.8222073742295,0.2244182704072792
22.543839280760476,27.15551775723553,0.026034869488058412
5.406192391940463,4.871307843165437,0.011499046448671352
15.182612631690946,32.20007504239838,0.03379633733576108
20.552591529004633,34.56281350862753,0.034177053782934716
22.238026854274636,27.736978353653996,0.050522136678625755
0.8445892842128894,1.04468506614053,0.0032868609105862006
11.32959693290979,9.74620778613419,0.03647908099812942
35.37025592636948,37.91422825201996,0.07046277939370887
68.02862250361292,66.13920636614617,0.18084682436254762
577.6210781607065,655.1377981574667,0.5866690640513481
28.569440971154467,30.07761806634675,0.06674278077713211
28.62115861248762,38.36147355261779,0.06937033059984807
115.27481554034753,255.50835534960433,0.24724609935104122
6.326055428166839,11.600216295927694,0.008575888326831439
8.700202598365742,14.333584753458423,0.029964172175822427
8.252769585195452,12.745617579352581,0.03305449951718315
143.33658647115428,310.47699278066784,0.46088529261826927
0.9676116577269015,3.004669851737814,0.0032528449163395563
42.20149509214864,73.94503567281028,0.07333586189598237
31.87039200695653,87.73742620077535,0.08258754325489423
19.4384579383772,15.465392622135727,0.03997505069545736
2.3173084004146136,3.6203985883458665,0.006148733947056581
5.2652344080251545,9.243838956299,0.014197189589877904
23.991536855250654,37.29191169584371,0.06390291171483434
3.912027159822285,7.6014290121998265,0.014036701100593033
4.800540961758519,6.796678502047698,0.02855349001740904
9.307016314168958,10.97781406633092,0.02474807983010116
123.98025242675276,249.65663016671562,0.2427550120225876
33.09377810820819,34.84860410898109,0.07153984936408207
7.4750219353222205,14.724464220655573,0.009542212094741298
11.780834784186546,16.501120877977634,0.039635847627815426
80.6807970410854,109.19499917842408,0.2195863463286314
82.65307047443885,189.6997810682666,0.11940189636709675
75.92661498157631,78.0669589452472,0.17705110059928594
83.70897742526508,140.2663758861051,0.14453446164838926
3.7909230082398353,8.680489507900125,0.01091276622930735
17.006816492379862,13.683066751204732,0.03473891533354439
12.404171966106622,18.190482783520554,0.02677327986389826
95.7010583900375,142.78973600205597,0.22121021438349525
9.04559007716199,12.148972973505128,0.009041701854727236
64.93249743117816,103.47102408788858,0.1545204026000798
31.25805061572646,51.6117366988256,0.15408045687735747
13.138606465027882,22.532135975434745,0.050523353230966524
19.05093081324135,21.391983541942576,0.04176927989727112
17.56085872027367,19.744170524485405,0.03583594131752553
21.180427008945216,15.837198323843019,0.04349607905405129
40.41515754878068,90.74142470849442,0.08331296173329343
62.5655467895356,87.17389976242106,0.09487820969573062
28.943009307800583,46.52320349224151,0.0842250894442152
31.583152892287387,82.21370941165846,0.04776428271681199
154.54477773250713,282.40761639871414,0.1907485629040866
130.5107394558892,137.46125191339215,0.21548816829101353
4.802946907549908,8.22675041759786,0.015937919966781348
42.38164293516704,87.02658775253592,0.1034622650816311
283.2496152380798,531.075344426892,0.47214470854177704
1.0103855537963788,1.3006738278369674,0.005458260030012774
89.8878097087729,129.66058174465394,0.1957385650899951
1.1592104995465895,3.7973946489160886,0.004592968150500437
10.638657166654946,14.050078295218785,0.019990912908624314
5.409283018522246,17.230354015777056,0.005866123324217044
36.13126773365571,31.28081155475811,0.06965404493639718
124.40202744618716,178.6162232450146,0.3387016662461523
31.61447900124008,52.473019674003574,0.0659267800017715
165.54930687971446,217.35352788806523,0.2946883486195741
14.99443110344841,26.481880783287274,0.05434366539955084
5.2698705834865205,6.014390742344647,0.012079938546593033
20.950250157755843,23.590498094378578,0.0472310224737897
63.72244119624023,79.82287664551244,0.18231730075543479
3.3561750629375586,3.952013843488908,0.006992705863721444
8.98473683450185,14.064722991004533,0.013924494662686268
51.53835043502992,92.14537295198625,0.08193550126439428
3.4647856889933606,4.5460158428693624,0.0076939033192335105
4.925988715004447,6.8909507040576194,0.0111567560994778
63.51585977829228,119.61048969878158,0.03248801062192317
5.363943089820256,5.367279808310784,0.012149700554700799
46.16638842385566,69.17416383015873,0.12369884237077947
88.27503939312624,81.5451162104649,0.11990668327976671
1.4688926526732606,1.6472708587211569,0.004806126653855158
17.321997888530067,22.966924880338254,0.013974628650267294
291.03210276106694,481.77422863814996,0.3884502131285246
8.93232667350447,12.997457913579048,0.020619520422767833
19.110743571635027,39.037951850537006,0.02901684130300076
4.468608241394797,7.158170734621345,0.023690745946715486
103.2035528338293,278.60951128032656,0.2673582127409609
129.01623768748578,195.4223466466347,0.19649527106660475
5.766520472288659,11.803604362340922,0.013748445129070625
115.28475388485795,248.2880284093815,0.33095615944435136
29.440980044281478,22.75429701222801,0.032706937467445185
0.6262681492457474,1.805037755524602,0.001951802334081679
22.78365361947426,16.216831002341905,0.03080747841195904
12.904281927689981,16.562163190906432,0.014907438008167639
40.447014421344136,90.18166883775403,0.10336623949904933
39.00821401623901,54.19063957047808,0.08145135735188702
4.042048339694307,5.620108300349684,0.012587384964392693
6.472596785634701,11.021076139993474,0.018048245949487614
20.14473636274141,41.63501436361059,0.03415001155992776
4.483189865371236,5.57930303224724,0.00896594103939716
16.679581178478387,23.117930455352415,0.04169611989716545
4.506631521553917,9.433770147637786,0.007418306316497918
29.429348052366958,38.53323986954249,0.0744068412953993
2.576943241536499,6.974391327532472,0.004765458600149581
85.12228464437364,178.84108218474722,0.12850407959203064
1.3811511072197804,1.5099639741212108,0.003850474498626018
25.544793339351656,64.19090646395387,0.059819586335825826
160.22853347974325,239.17826046733734,0.42225576631462974
45.069837289315224,56.904826552509775,0.09887836861708503
119.72749395316286,271.45021824129446,0.2569320171738114
28.089401779776168,64.56872346086226,0.060741229686597065
14.10719623200644,10.702967256694555,0.0187560200026835
15.03431607235494,19.34108133454905,0.03432433281206693
58.09425780559023,111.69598185656776,0.08358995659267651
60.24609758889798,105.84693788202746,0.12073412374075586
62.98535088350112,119.56615713921072,0.24413858594358132
47.372040169898135,104.33323311736618,0.10685721517497045
6.433597875337764,11.788481896597943,0.02178874285666928
21.144683770928072,16.002663609353316,0.04150149994463034
41.208789709344515,56.23870704358767,0.08522270026069562
62.20849010806628,83.10986272378071,0.16954472610560217
7.6143739567448305,15.79451072757246,0.01232718314193087
6.37640856756363,5.412419791585585,0.03366349405680939
6.07374719409412,6.1151826447800675,0.01640961052344391
57.06092888338278,126.68474975538174,0.08245415904036824
117.51459907166019,318.8068233811541,0.2374513900408479
10.6415266760274,14.421001517122885,0.024354518432268046
3.064412115811035,6.9327292883570495,0.0037189482471708343
69.61533848055888,167.62685922925704,0.1774365726295879
49.86204516470017,160.04179173031852,0.05594884555721755
54.99968512544816,100.98733633545139,0.21381209443304428
117.94098256006099,248.38733381309447,0.3122257869786906
31.273045046178325,76.55567141504669,0.09127913675964765
19.23315110913169,19.876576968978725,0.020889599305780125
1.0787025010765678,1.2530934271930327,0.005027199648679784
242.95473257856094,617.5140745114845,0.7271253244961949
2.484659319218777,2.110226603493751,0.01075414457746471
1.8490565443964992,4.114883333645509,0.0034050617611494144
956.9132171685217,2283.1282651406154,0.7903860309766481
44.26796762931807,102.53404555664386,0.059327994994415635
3.9659276553699168,6.52746882123806,0.012008704361875833
86.2731040052057,59.84807535678702,0.12552833985410292
22.283841673347485,18.62991327586059,0.028483780740331983
115.94640128489704,163.65179862733976,0.25410909439690693
18.987699731236503,29.11806243437562,0.025104272056689407
116.45098459080127,225.49661442181798,0.3024665280935707
36.07582631392314,64.16400181745743,0.08572245449977363
156.30370627995896,259.46960478748235,0.27725523821521403
30.766863292253817,21.5083437748041,0.04774296818538766
2.729910159501248,4.257350153819804,0.01067104410821837
106.99922107268992,187.02003375807263,0.13470190762520265
37.89629596616637,67.54790117526362,0.058223648953607945
33.27283766734968,60.813993309812,0.049156966939151135
137.43952170386427,271.35646707908626,0.30269680372845215
29.743555514757656,51.5605372043383,0.04300918309131715
213.9203214727182,386.1236425587298,0.2851729681300868
7.9226975921544405,14.853428638266756,0.010267633394326311
55.253183711523405,78.91579914228339,0.13061670044616236
10.272792751780305,11.12247453751733,0.015607458033912856
10.979541662259168,8.972239724790521,0.02248112342213447
55.343041108199444,103.30537957986607,0.058835296425796574
74.0165560114842,143.1441002812649,0.12462289075877414
2.0530626036094017,8.05640108108473,0.003528354595518813
44.33200124428527,92.10921937959256,0.054233058810766885
13.258867603460883,9.93405726684788,0.030466463191930845
3.486133419603042,4.198401626551166,0.008629632533730152
1.2565193140795796,2.8781901131386864,0.003321276236680723
31.599072167866648,25.77196486194923,0.06415287565267937
246.97257056653623,425.42368671745936,0.35128404130338403
24.068924526520078,60.417500585501585,0.07099618323983285
26.54396683119134,63.63136970777595,0.009103687987081605
88.64439998266513,152.06156077385367,0.23323889482592977
18.914580848460652,14.07620409956367,0.03861004688417568
3.2788359055396312,3.5675902745629444,0.008274785471456743
57.66818359131298,125.78385373885858,0.13943916075865043
17.36895724918078,20.6555539642644,0.019001692222815364
421.3751118986784,571.4288706345493,0.5695237175805065
28.775545779314655,78.81820111536774,0.08969340610895152
138.30995997806693,214.87793053361665,0.3306918169478477
7.279812529850381,5.607003002792299,0.034449211742098626
23.503863922399898,31.785290823802256,0.0602667904569211
3.379505973144652,14.338103521608847,0.009714376681402147
4.488353723004016,6.500760654610412,0.023495776605690893
22.689954868165263,20.514295349552924,0.06513939133435175
11.847422815298291,13.737063590682384,0.014642248402187013
15.191728247971701,17.68510534730956,0.03721079714953837
7.626514196266333,9.755012308952816,0.013624715627752046
1.6656444577504832,5.731904272418838,0.003399633062764633
139.79487504820656,222.47359398493242,0.21685008422259386
129.52717606702683,300.87257963711585,0.14872820709907267
25.289207892971636,25.60846557381144,0.05502902311349343
64.82191230569546,64.92780598715177,0.10672388848260773
33.89529486329004,29.954067108616936,0.0601729724593897
30.60795068591433,48.063573166179445,0.08082949511336755
4.388796093395121,8.68191000500365,0.011568621950540422
21.019874006552516,30.813336979479622,0.01535759960186645
8.607136010794662,7.023699593847654,0.013577206226290259
74.79824053107527,168.35400367916537,0.15556374494680933
5.0748112018831115,6.726016389828751,0.015650046599754955
62.05668541514696,115.28531593220926,0.1565146406867747
71.06800345357338,85.6685174262557,0.19951902371935434
87.29604054100705,140.3498074128345,0.19117981516070148
0.4827808077968493,0.45681811935930666,0.0037979272193307844
72.16008647081601,92.75234723366346,0.1150503722225832
33.7293816319642,98.72177302964066,0.11363097233058662
72.33582460050964,110.03424132208292,0.22951155448633873
13.492683891071268,15.925602731792091,0.026811686114794786
13.434509094257471,14.41058429647564,0.027998980309610576
62.469162022592,152.6192857727005,0.13084295637947968
0.7288303096323543,2.2116441066258146,0.00415100868303576
2.6612083904030777,3.789507543867385,0.005684788291479658
61.73884199887152,120.01015387909693,0.11941066690135971
9.768270319472835,14.516780146357334,0.0190878366534739
49.623322352510186,93.45616452998604,0.0689075637529796
29.943825874000638,55.411622826696174,0.04943009335935964
33.58326283866491,68.58665813324728,0.04436957048209251
63.24128581043276,138.78865129216578,0.16625588573039038
38.074984975202376,37.96378609891982,0.06975904319145344
10.271649810371207,23.568746977603062,0.014136716335594091
126.43789195354842,281.9069718156556,0.1955152204401611
36.89165719871435,43.73822308414258,0.053245667516693115
63.267763082643874,105.68545011417908,0.1704985346848714
3.326181814068093,6.643539410095135,0.008291369223672226
6.669033031415661,12.554813128771544,0.013089639006671322
2.4288950049099953,4.463710578501898,0.00538598631453545
7.2546193950329485,12.250536834951077,0.020055350334775436
96.84136240103516,156.55449850985184,0.22436958309235025
1.4421648551843886,3.4554282816052306,0.009742537851624232
1.9836970223153676,3.529559811118416,0.004367090252620864
2.754986857294116,5.72553341377987,0.005161282017601809
4.1181451914493135,7.542278594662352,0.005673894706182332
208.05588276886837,381.0125953623691,0.4050377923235916
57.37006092514076,101.08916809430053,0.12252843988588268
43.79590119455049,66.59810717044202,0.06838025552203454
18.305631529988993,23.070408738624067,0.03875013540083448
21.7234009805273,18.989554758303672,0.05076942979077977
4.185677804785446,5.109701321123066,0.011109972563011382
25.305085972052765,44.1120083145354,0.031101645265469914
26.928048592526213,36.5469053590718,0.03665480416297482
39.55992372647555,81.5738359374955,0.0638701901178643
37.96667862938986,66.32863698008315,0.08595911745455422
28.47399546166828,40.497747108342466,0.05334674543959059
15.733283095143113,25.308063200416175,0.017157464658798378
7.931967425682392,12.156076555230957,0.010555702125996973
45.98067585839628,90.91252687358603,0.07560713560761045
88.6182044137209,134.56452250942633,0.17783956051066055
18.756949497803934,20.717102410468044,0.048339122107141065
22.332062048361074,27.03305396472374,0.0533137920451906
0.8167883172124287,1.5034101764973251,0.003282413850268597
6.193144710503086,12.96421225045588,0.011087466493453052
11.896262097827268,30.691524436599426,0.06600640681207603
13.058924712605513,13.45951111718469,0.03457543561702937
12.710458886848526,17.515977937640088,0.03493872186530142
20.676631189456394,36.14923730270666,0.08332839454577774
50.9950536484671,81.74893165453719,0.12385863226006268
48.43486166594646,119.86474940070445,0.08991683964510615
0.46188991531542506,1.1511895808034978,0.0033392859984200966
8.127849661286136,9.299411624128645,0.019175276757097487
140.6745336688497,180.61350517242406,0.19389363310505706
220.93894602840962,504.74369765198526,0.5610215570343787
24.5654167736611,33.56114504728092,0.032805806825625
5.944484552820906,8.427644079053904,0.011386706642093708
9.727055177803054,9.36295195049266,0.03010076684181009
8.039804083683375,11.458813652581163,0.02070859194844869
12.235959595535967,15.772570381828794,0.035152872896792975
48.39182503599247,92.44736372718307,0.08222897547261909
132.34061671069173,162.72904917928176,0.22418543177549805
105.99102862861491,141.25459758265987,0.11127157308610817
4.975113137491292,13.747023401756698,0.009725119472965617
40.60626124692986,70.90338790518368,0.06210876819224835
597.8939369215249,804.1118448542975,0.7066691826484541
46.032714685824665,47.30117940462314,0.07680204054078536
29.08067491942279,48.76337971297916,0.0477633770570366
3.819237961195691,8.95299353716227,0.005375710566164895
95.98720920862318,122.70714311782328,0.11421468554715355
29.091620570498677,40.81871255076557,0.047278873309722615
89.0966086912966,204.65209298326218,0.3441632648113098
36.87253372769272,27.448366195539567,0.043598340735139185
23.832557375661228,39.45177620468156,0.025772664525000717
83.90284254478799,169.57375884631566,0.21031035219312713
2.6099740140354557,2.787925291577522,0.008084885298431441
24.880634379180954,34.403526063116395,0.0634732714828834
54.45724365397493,74.29754500162859,0.13180668516872085
14.208703467339323,16.126627494733786,0.027276055506319095
18.836018391409365,15.0770394502981,0.04882882295122959
24.890011299348096,28.061684821718888,0.05988928890771035
46.650266164029915,100.04230141041302,0.08660692436837929
35.74669184573076,75.60943950317387,0.09666429043974113
9.915365762253272,18.11582833740491,0.025573089846387724
11.928441023687734,16.998119810539084,0.0235361714759873
55.86995052478495,48.00315856862924,0.11680694702408292
3.53818371731863,7.4881784558059135,0.007538918269456529
121.2885489281404,218.4792835146299,0.2972986004734015
4.3767054941073855,8.397213169377801,0.004121825517723361
487.8152508450592,1025.3921618822478,0.6152013418280484
34.386562401246145,52.32866550720215,0.08671939815438102
37.229503885728924,30.852632904713964,0.05509009985373309
4.6775933888212835,5.011300288867714,0.012588847557414762
107.12177665757902,158.72949242842085,0.19840897406820565
205.96989165786067,289.9386900390903,0.5790434494203553
144.3687996789699,217.1145021317705,0.2644293019698994
13.016214013792075,12.520325556251382,0.01464772360407058
23.74901218211567,37.73254253133131,0.03792635947202039
82.40743612064033,161.92586933335195,0.138492501919204
47.37839030240947,84.71932817067457,0.09100996076359869
313.40775886133804,302.3953334345852,0.35218512895839027
17.107481684206327,28.088935199647597,0.03792561344566188
20.686301539334607,31.90878893685648,0.02604622943232043
80.18877406432674,104.4807518994042,0.12227715923381324
0.3259282821639231,0.70096583712429,0.0020337512605010117
13.149091368296851,18.78247022826396,0.028105082207460934
89.39860401908194,121.78546426512884,0.2425961637746335
11.733319898533525,28.450808678453388,0.009001445224783555
4.260400543922561,8.085330770697182,0.004981961658379824
18.157996867597763,38.51940807901203,0.033566005359645865
13.566095925522923,10.19070473755242,0.025654530011763158
21.332120011961024,35.317740804759495,0.049767320089067056
44.414571761737044,102.65692391944071,0.09101368854960463
176.98162370165866,365.26300741874013,0.2805250014631687
118.52206082811364,203.36550145967053,0.32645396208092275
3.6099859310496103,5.438775788327615,0.008598573386988205
79.95001123337295,151.57872036302345,0.21275290982026243
11.508956039323222,18.49477772295311,0.022847845623946234
8.230731694400742,19.243986907531717,0.01277383851207347
40.86842400268705,104.27826022819644,0.08700503331630617
2.8253410724919297,7.09667823795537,0.006029211152397574
6.895450333141081,11.028649489389558,0.016888385327280382
51.17072070500601,65.44916985165355,0.09520253974778924
125.33308508295252,207.73710398356633,0.1951739064261536
42.561398016428946,76.34102925106026,0.13928237781648273
51.599698497673835,92.94220934242341,0.1382057244669324
7.921748683342997,17.90106538872056,0.015060737503251674
80.4523077991354,198.70884572878296,0.18748603894635293
73.29858311119489,97.12531001524975,0.16912661869406165
28.0012236642196,43.81012125576024,0.032144205732438605
0.38153385970070525,1.340326840200913,0.002509249472103446
42.329185142426134,97.22771628232847,0.07031216648953573
34.461776396705986,63.286704665289804,0.037017320449444835
26.273207275282928,61.31782901843213,0.020758821324003376
16.843997180653606,28.974598201722014,0.0453136617526625
294.73564909540625,554.5694374265563,0.5940566176189338
9.427029686527318,13.81444434097459,0.01167498778833916
140.91113081629024,233.6745697536277,0.2545240278328874
13.40469675992014,9.73254682545879,0.030624337427747464
181.36941724976464,300.8296410700208,0.23668492539014135
36.40859292295733,82.91862018581243,0.05785331387317442
9.57730585999298,18.29158686200558,0.016241884868267182
20.2184184222739,56.76584164801104,0.07656797025964864
75.73552061411374,118.62687245531609,0.18238569294297388
3.4631029546496626,3.8987719162454515,0.0029623163063306705
17.67822711948974,30.697097062145605,0.05481740574267563
42.90897698477236,86.89834986354857,0.08732617817777799
7.979738219865216,8.68830825270979,0.016974762864286248
1.209338249306509,2.301292282173711,0.003534541135139273
24.06227887385103,36.17338165949958,0.05986703991888033
44.86598944399014,75.3437419581068,0.12389153660609341
5.675286289073422,5.225742799600129,0.009621696193035895
14.80863474462158,21.757241749954918,0.05774344544375785
10.726530874791505,22.371589991179434,0.012854019101979084
4.114506831261888,5.623210408391577,0.011049020992453428
150.58059687005672,456.5567646129819,0.3181870632513425
0.14824137699862985,0.3505951341359287,0.002529635999380443
17.92114704798351,31.238869248897302,0.06002630423916966
9.554483910385184,20.051284938005242,0.027049167936114584
148.72111240454666,266.8067300394871,0.21901640657021365
1.3753995049272025,2.6946107001657373,0.003010755976262665
66.44820956290816,176.08369177773372,0.07940336346618322
1.107324491979665,3.0026829613929036,0.0045553555970033605
15.438949395772063,27.843115005323188,0.021856612719128334
21.1677575159184,18.496787118944706,0.026997384125065197
7.904369496405821,15.491921856692354,0.01968739015988839
124.8867590363795,228.37035726107123,0.22963965385658483
18.152770215234455,14.922803485052976,0.03811863119930968
12.226039708047676,20.62878095617624,0.043293201147742676
2.246397137151275,1.8031243212349546,0.005719504959412053
21.824812109667324,41.36644428729374,0.02842071514992905
25.54283578241777,66.93839990469712,0.05058338924172062
86.1013761569658,160.33970438067436,0.2390272400286225
56.73025157482609,60.880686900486445,0.09644789182591004
10.982873001078987,15.112179903230915,0.02128437510133803
10.500950518776861,9.073272936486331,0.018738988860368698
4.538983533268542,4.795346420746421,0.012099563208727763
19.151318087886807,39.553738232220766,0.03328118199305907
34.709100348517545,62.50445374907584,0.05330363762966469
27.45854569698205,68.17368673766259,0.0779167907234728
0.7805283072569956,1.9925983880068758,0.0035300054059838964
7.597056996320873,10.170488474208407,0.022672438239283693
64.62719148466525,90.58976979610927,0.1195058222306707
22.273628899058718,17.354400014081143,0.05974532291012251
284.6249259775819,560.6375991990734,0.46080468330154284
534.180158978102,1103.3944308832981,0.7791541687776622
5.944306970484977,6.385040131734546,0.012472108758036315
252.0342744888333,478.4358558949428,0.33883882306520846
18.868220477925153,30.062419489948923,0.02852286304933926
6.334815337594551,5.39925142328378,0.013321750589932112
6.461037960412121,18.240163386897972,0.005115181146798854
80.35855592849471,109.13743613118316,0.26691375103544884
11.197988733676148,9.307219336018472,0.022030721249064855
278.84681818182906,501.90135645218794,0.6201921606670261
40.04649568841226,67.3699207999914,0.08464585807152764
21.869070620198276,40.50178373286871,0.04468344445883188
45.20701540562191,108.33166000474972,0.09562822843783737
113.98247916147848,202.34707965165958,0.30705680085522796
27.6970668535198,31.32578349856683,0.037474113551079845
40.04064066564212,48.804743469729274,0.053868616987367564
21.894861326265094,48.8938433369255,0.03194910830206175
4.467660937684671,6.467517555694473,0.015905753383492004
18.634890215802326,23.126311681907243,0.04445683722215748
95.59050888716965,148.50998390450627,0.20825441278161397
0.5655071372302348,1.555692468974182,0.002310977766534657
89.26048537467953,119.14183467449078,0.07526688798242846
157.47828205975907,304.5375815032737,0.4036937268796843
6.584555030268279,9.780446264822984,0.01916552123252813
17.64305817108277,32.80033931172028,0.060725222295626914
77.5937595968715,161.14665446559056,0.10441562954769994
3.90274316664483,6.7129472675372375,0.014968792335021614
99.51252090761086,177.5890817202827,0.14469217203164872
79.32286940812283,147.42381804037453,0.11775438568698364
17.382624572291576,30.12173168614875,0.041330901502768636
86.37758832188521,91.21263132259901,0.12475561986977908
3.586100131038451,3.3105684162273024,0.008269762415767677
99.21062674521812,143.21570347306556,0.2872028437486179
40.42324953766096,32.612591586010836,0.05890108992094032
11.149376969635709,23.29423502694575,0.024623986754746766
140.16401603634205,332.0429809106824,0.31538240922825694
24.601970893924634,59.4021934305899,0.08294464477546921
50.47380671047807,85.69297919584096,0.1168632903164486
9.279566345412,21.831747101444925,0.012052616002642888
30.46569443519042,63.476874627537406,0.06516475840889452
18.954859998994593,28.472993606453755,0.05105570221470847
19.801193883175806,17.3519498523755,0.05640558825105131
13.524898949459576,27.55508530286864,0.05231173480575625
4.8244301612133915,6.235889772597508,0.010309509532281557
36.37029598960114,79.04276121344932,0.10004319916146716
94.12437535139894,124.58501238023717,0.1532378681563292
71.18698343513736,187.34028189875738,0.17437880640474462
69.41137628270312,173.42885410673887,0.20382033023780088
148.17322036938447,268.63900569287523,0.20282987494831364
8.080410222720426,14.668700020629643,0.015070301348825208
15.303415100653629,12.712844193828582,0.05093775767298459
20.550777815695117,28.279172079385933,0.023861938043305945
91.73507711398884,211.01986831363465,0.17567231151664656
44.58282449992787,74.53044571317909,0.10861328320768536
83.92828858958065,187.70896214706949,0.20540056311594806
31.780705717438526,65.46567378704547,0.0804349925361086
9.100169327304483,9.553374173900094,0.01113291746260869
1.4266958114877948,2.3569278923649954,0.005337537674741417
62.90878702556581,69.96657155026105,0.052548533628947854
2.72079137147707,3.2541620725797427,0.008824151550033412
2.361536383428119,1.907967713021571,0.0042699332487370605
2.4276348783412156,3.478239079538547,0.01363556741917085
2.5762078438436085,2.391605316671673,0.007505092036495084
113.24475977952024,192.52585194847921,0.25932458101638656
7.546117109440943,15.693672962773288,0.012022802384972758
92.69814499138077,199.3080788456921,0.159722438918991
2.7809804520045454,6.69943846955295,0.010082986496830117
10.47011822931224,15.117180420496165,0.007842520573564528
1.249883193712248,2.680555496818155,0.00526999328784243
52.23510302629208,122.53481079939755,0.16875825140918788
11.715142484690256,22.977311079637207,0.017117255329969827
59.52266357263233,143.60260820074652,0.11376016876067416
26.72684924322958,57.217181261015256,0.05512704263325723
82.36781677179313,159.69748426435302,0.10363801346580728
69.88039963638309,138.0061164285924,0.09632881004520931
122.04359288896731,230.13897363232994,0.19167473473039517
51.716371109328115,122.86319083358332,0.09239315225389655
18.428872414802125,29.925709124191645,0.04527328662474177
126.11117069419537,259.2762671265314,0.24576614323512916
66.91780039331628,110.3998716634785,0.14895694054555086
31.93495191403633,30.675874563719983,0.0325729477297593
101.96303471403876,164.4633504769829,0.22990344632869103
113.83350687115079,268.76160452790924,0.3007507610044266
196.52198732419473,336.1435466807739,0.29339019427723223
5.228542961689336,8.952831830455976,0.04890740918619061
8.346380093817963,20.85589364836249,0.009160368541074845
188.7259224486472,221.61674403134361,0.2760289663536284
35.103960106789806,52.87580510424032,0.049110234043054674
4.8835372738924825,4.53460259837902,0.018879502921210416
12.016410143562997,26.823102514888888,0.011968478508022748
18.151183930762013,30.687449193136707,0.021256255301446755
16.80186049752367,18.114974484878363,0.049481772945871506
30.44410309504573,55.19387529260756,0.13945793423521963
76.71692832369678,184.08528947122957,0.14649977262929734
138.48598160493205,247.24251319528747,0.19113393615549348
1.1430705019915053,1.6597780025868336,0.005178628636309801
518.5611560181359,931.8592302306763,0.635481333010745
55.6236967540548,56.96584623763958,0.09990186647195458
16.500491429414904,31.032332199482028,0.036938744071887006
71.73475412276312,98.11379050520083,0.11668863251034282
31.462201316823407,51.632266962781976,0.038371620848061935
30.789244259949463,32.58823341468499,0.048582816195789025
3.458894831673675,5.992769322394938,0.012392116718064146
199.43731691039625,442.2422122521601,0.4130894422448233
79.83061253245086,157.60579953450298,0.17762857781339292
12.643416087770849,10.011449062861697,0.0215501140588209
1.1799855173210807,3.6462749204295797,0.0025641366967564193
5.856125272801457,4.2224888965108915,0.015860371611693794
9.520305556845642,19.764750593694167,0.011570779273479641
9.183716428749761,15.381511543564715,0.016082048030369278
101.92767333458008,204.14683114476804,0.22718725093586237
0.8412104783359251,2.747802552905744,0.004334285579474934
8.002428776081175,9.276920383130124,0.012191188630561097
7.420190137396613,11.782439057778168,0.015432571774005838
10.588190878676595,20.73186210588861,0.019735767697386896
17.080289923816114,32.13760487599995,0.05833297558819829
23.539374819010845,42.943311284696335,0.08126364862920592
30.93771974073983,41.95405613928007,0.060020533492925146
4.246719932857706,6.8969396391721505,0.008616004735463378
3.144547412627564,3.1506785741763124,0.009444876976342734
15.841504760693494,15.343214621440973,0.029322258760287972
2.2407387248222435,4.335209865563154,0.007545391654838039
138.95193519417344,257.70022542824455,0.2669277880698534
5.8160420064266525,6.80105267290064,0.01935962052468652
142.21323302721677,317.83311601423225,0.21594271178216737
5.566652195524328,13.051724748066675,0.014942966560742205
9.683350678489958,11.212010609800119,0.03413889517349619
65.25080166787552,143.94030931483164,0.24577821797195273
26.85362399108386,28.55807197438991,0.056305144703012094
4.187642938302582,7.196692484905298,0.011383694212084032
0.5536943587274906,2.8498270736446543,0.002650019355160163
1.0570544379285403,1.903672774291088,0.004132920232367092
2.617758799230764,4.098451301909915,0.0038089368842861558
33.00056691216959,36.059958310259695,0.049864348778706415
8.044874463939065,13.450403777914907,0.02504348752139054
8.334873056586313,13.536458364545487,0.02018517397792249
120.22827754837559,264.84879632412486,0.20915153496497857
25.132497452753476,57.59262694837713,0.05860284871170962
58.92570381465141,100.755171095135,0.10737703201589596
327.8777961550762,610.373763210848,0.4020158890781379
96.10692355735745,172.59844683348166,0.2986048435519832
1.216720495822995,4.099669212781643,0.004273608975004926
33.913700933337736,56.95196512237966,0.0726689749648855
13.236382801454255,26.307859973461394,0.049738260850778024
109.69787922927536,192.91794157410914,0.3153747861921901
116.95066913792037,151.54487982485625,0.2871391469031225
10.531385726722482,17.290264626258274,0.025952128171428182
17.073452716758737,23.95375574987826,0.03888097885495342
94.07019797938896,152.189877063602,0.18590517463787876
166.33487609276233,342.07971017023664,0.3125420983481326
15.512804397461606,14.78893630567272,0.04210438710126036
0.3956533531517652,0.5629717786397006,0.0048978169855768555
9.0670424255849,14.854846128380274,0.008483633053422666
47.721781065421595,76.02593969298907,0.050582963271362275
11.57229493503764,19.679746819591358,0.033671676146724075
30.126790093491266,30.38845894884808,0.07102807841455416
30.08958564968847,76.6983775012761,0.05535830961351816
5.785086396427203,9.032108623737393,0.01173909820833111
0.48813114253065404,1.0758893981069535,0.001547730087552179
27.043457471619824,46.62382199001277,0.08032883719682521
26.32406504157576,35.87577708813876,0.06616027678906496
11.175878120038902,13.032593620333,0.032285766387270626
129.57347213732928,229.6003812540221,0.3781792465728351
0.5018649157963528,0.5922846358345608,0.00582015889672171
26.642988991757278,40.97988983348084,0.08235292077912672
9.959045678474931,15.510095065374777,0.016263912994920818
56.591585229519765,50.018887763175776,0.06645905728613452
44.092694064481535,64.89854739931582,0.12544549273638483
185.18954950848365,273.2943612800962,0.2945256276950559
9.69194009739844,28.971536151143226,0.009253237616952036
5.529968953058285,8.608725079377152,0.010768903041990196
8.566485744909583,8.49026926312336,0.02343242551691416
40.42615083670117,70.87968610522952,0.1024033201835482
135.5391543316387,389.14452489676427,0.5810822646029941
102.97356823744806,227.6568355531988,0.12449646790778685
21.28502565770609,25.773923025570138,0.07401723630472462
58.538907890934674,54.823253897332485,0.11959320125521256
43.87771956731807,102.31316287881441,0.11579358569980563
94.11555508038958,201.3358828387099,0.2739495180322268
80.81400057613504,133.24897947041006,0.14295705539041453
101.21498139139318,180.54744691688603,0.2464655134341413
0.9972104964096732,1.6095652951780524,0.0035756695893579466
7.474104817771648,11.487821537562253,0.02419929756655461
2.6546881702469927,3.786651255790338,0.003402336770478876
63.987895346501645,161.85224147529027,0.09378143666482185
8.385905785084956,13.427927464313942,0.02412833293545248
76.48769360552441,195.15094187134898,0.1740776466509301
0.8232321793815699,2.085476985579872,0.002647130328247395
5.9963554337059435,5.4479859575571785,0.011246177464195648
48.85915410135629,104.44534996107089,0.06547090377844883
99.51795138339665,215.32920131366515,0.1524388734879032
24.235915061607795,35.13896820331569,0.017488262024884637
0.6699187447689248,2.4320635683770355,0.003536739905126687
2.7661453288200946,6.479416763973923,0.005789411150333745
102.3049053627813,202.35434259581845,0.15567323455287135
170.98737848974122,296.4736550677535,0.17999932729444273
0.6238955762695382,1.6258536068447775,0.0026899545568771373
69.40783223950066,122.662029347809,0.1868913567296225
89.27696840878602,208.95086952193913,0.14919579086804463
10.4447703811413,22.341455254586986,0.024319889661911297
6.723387259838715,10.618617654381092,0.020789963633495043
37.23990708119682,69.87101938658412,0.02574241148574268
85.79028149805315,205.6483090400183,0.1542316078632618
75.2401613721637,51.59550904481327,0.09124803011508467
35.772331499907956,54.26108449280856,0.02400391109231518
189.05051911570254,321.92040984127317,0.5692640029585952
45.0334293692081,84.30833087864116,0.15691288796242445
81.01894260845363,159.15477026121346,0.13488117640303143
713.0098282960847,1440.4917861750494,0.8787299817964658
14.589159824434999,20.4472094234183,0.03129689695244621
123.98476467695465,171.0895614570104,0.1833383973814924
61.52838934812044,97.22550527530295,0.0914484863455565
24.72609372888481,33.24207407104363,0.0572765881742482
21.314565968096097,33.17492084478646,0.05665015423614314
4.56927161440009,10.443710815327849,0.010726001372805476
2.2000196084193444,3.049823847379585,0.008150305395355445
56.784901029337064,126.56477599180516,0.08412565693047909
10.724413281654101,8.509195336847034,0.027510067862943077
301.20753591267743,546.9682523900944,0.5159454875360097
17.885412487918696,18.095729433441832,0.07400566337164792
22.23367500795046,20.208178458765417,0.03737772296309672
52.26022673480261,112.6898633903883,0.07628159090951435
21.840606314979457,47.93502983701519,0.04567973239913931
60.05599345494079,166.27157605894294,0.11345879021638937
24.57985237852354,24.448907481148563,0.025289841478622222
47.08684215556263,126.7728980007343,0.1031207331523829
76.8949794157779,88.42178065521038,0.11495582152641624
0.37423601369719994,0.470522814045969,0.0010995906055467864
6.472309457726699,9.036118396990524,0.010103693565050266
5.500102505198981,9.109009910100903,0.015727779728373026
11.88034138129367,28.6771454391445,0.02362551553875856
0.523632890062964,1.002315965534878,0.003128833673530096
59.814079636815414,108.09817328923552,0.12003183819981736
67.45011761429545,115.94489634404357,0.10440641007974157
5.5566537783210235,4.670129280214777,0.01456488673030323
186.46345765702605,347.62756423177166,0.2680341663285973
123.65555165766018,209.0546368160314,0.322041675837228
2.9498603001165145,4.2418729197921206,0.009320548669995612
134.32412842105037,215.36548246232078,0.2910247453502821
3.9971572242656523,8.846864411858462,0.010846221957863614
119.70443420683286,198.4248464134282,0.2252643512042722
71.8075266954752,129.38377002185902,0.143077040512843
18.97108974562989,18.096138257311644,0.03675233353590951
22.903245903996346,27.470669876654615,0.037082729163592
25.73236094869482,50.99447173218342,0.03625622303365744
3.3135429452627045,6.1610158287112275,0.007129439215899058
51.20259356425362,96.91840817192144,0.1244003754195222
36.61207984484066,81.08854747492938,0.0813194185697762
3.934925699306365,7.141455208338967,0.00927278810735148
10.933551526671993,13.277857987061715,0.01833918641856289
13.367039297739712,27.78193030590366,0.03814281224184322
7.813939975551274,14.174055437555161,0.023630224535034848
64.65681103988581,126.06974331759893,0.11927538824631384
8.61155339804309,16.483382456364268,0.02579592531190697
68.07975539089932,142.63084747962432,0.1967909744492783
741.0699131042534,1381.4913891281192,0.7724812559337323
195.75883482300134,506.4588627613304,0.3592809200474607
2.4818353490868477,11.78702801176001,0.003603510189611451
66.4852495251488,81.02821549820833,0.11978472014576805
65.9198284857702,107.12003342850879,0.16699033172555586
5.976863932684695,8.638635854666251,0.011828257484259364
11.757695237385503,30.499443735491976,0.014449759724880882
8.249542029841146,19.247311761554748,0.007611692650217242
50.372996138437465,85.37175930579068,0.2121574414800152
3.0308516864554647,3.3410269575090865,0.010685946587389611
4.634253841267164,3.1397756285528207,0.009072843810097432
13.373899197923818,17.77042058540937,0.04610064281549018
81.07285268424948,300.9419810162968,0.2135687440064076
40.58641836795475,66.43181110373652,0.044378046686811966
40.32615576743353,59.151885077885105,0.0877348132393693
0.4185969764154792,1.1484236050904728,0.0024746085693629605
6.147853197340198,10.503673995311928,0.008555577827083449
2.043938333535753,1.8899858315587745,0.0101243326975256
23.598500013299883,22.120332592031993,0.05092569053206321
2.675335854558721,2.9390837586192915,0.0072288701623423254
51.44843003109542,96.59616407298054,0.0853195982984267
38.158221089482566,42.88704808127512,0.05697131814708725
3.3956448433029487,4.229835036630164,0.006632192873755189
36.58212574281342,49.02974363861201,0.04438510946603416
16.69043223987001,29.069193795354746,0.07395246194016473
44.07248958499553,93.91785143381108,0.06287943439071314
28.825341575804867,27.106993561885332,0.04595522151058482
97.50041341931468,164.37319268741817,0.24990364434056392
3.170906512763552,4.731914689622514,0.01563039123584207
45.90807478872344,88.43930341156313,0.05987814868311902
157.01971430793247,387.16918154282774,0.30351312319733265
77.71968021001662,86.25295405210471,0.10062479043520825
3.5897986515904345,13.39734987855946,0.012762920829456138
3.559966621422452,4.475737952737915,0.01580437114260183
159.23964605191347,348.6601792594931,0.3245528363542809
2.861081211717584,3.219521508330415,0.0077069483357613275
88.79637069792699,232.2251256450316,0.21319951798814493
19.270439052607273,19.761021476738087,0.04596016686893247
107.46676847179614,119.94481594667181,0.1534031078745942
19.289889491327596,33.78850636912011,0.047395233081416833
2.8640164127196086,8.293933715029725,0.013504997507632776
48.27667995741551,67.88459436727031,0.08512204385925108
159.0029099260288,211.32986603342604,0.2650365579463146
3.4625688941243746,3.4053953414279445,0.0087017948526524
81.97675636504114,146.53917764214674,0.10533544005962306
53.74150784951483,166.65265242135632,0.12160247427926435
35.40176117506222,61.25993885499015,0.07814540014140148
5.7590761222212254,6.528719951469696,0.016291746305708406
30.30032765039646,70.35759891617468,0.09105118089345914
6.473844728101859,4.930151059631027,0.013351180644448865
11.526774571448739,14.541754328115735,0.028233060912159463
38.598990784506725,46.37510745978874,0.1053490174363018
112.4289428837811,204.14566963101763,0.3100283984361945
8.636804334794174,7.174813514432868,0.020041427591112597
157.5564117530808,298.7545983299318,0.34459491625122635
129.23796751395417,195.69444706414112,0.273733415972788
31.412673784979727,40.035720489687684,0.04452226401818781
160.28319854341044,259.253938057066,0.3566739875277452
98.62097687228373,271.1781868079752,0.18428192595645185
9.383877195146065,11.517980083218983,0.010549144209316552
1.6396229515806324,1.5261920680294567,0.004297756627793558
6.4655830340430285,14.39477535428606,0.02070622495804086
51.48159859335127,116.42925729133121,0.10550030535041073
135.10186719415626,229.1969678701975,0.18887703687178342
15.912225317309252,26.841497453030836,0.028944581487432307
12.723944619165923,25.47915646292876,0.015921786051046345
2.0873895268686384,3.018241290543427,0.003472720643594119
0.6528593308636506,2.7594700635831373,0.002016763072755651
35.560188487167515,27.873079009919874,0.06382167535628001
5.359475202742864,8.180648066969605,0.013371249191787893
45.72369700369548,81.80443778454759,0.09336013621966602
29.282589181908108,37.09348077459753,0.07022663693285205
36.0245138489928,26.76355808764942,0.04350630395597867
89.93436785257279,194.4862498225151,0.11670076603272361
0.823404843981767,2.515326635931149,0.0024948066584227556
74.6082238235871,126.15008891811807,0.09773486356019279
60.011695312964136,152.0362918512692,0.11127805985168467
156.79636698344243,516.4548659362987,0.481498595526115
21.47087326046527,16.27653203709223,0.049188318454318654
2.0340406063259264,8.24182991408127,0.0039021561800131072
50.63661263624109,82.21961659582703,0.10777750640176748
1.447640814420018,1.9817231275697542,0.007166390960004326
21.818568296000155,60.99029049883793,0.08315471387024284
1.8156760751526595,1.9989560632316292,0.00381138804286966
56.73812058865023,57.24178869686025,0.1304992775653307
6.078155282378724,15.403881066981368,0.009042685783196967
52.66403106653938,108.0792637273129,0.1069289793952876
14.830794446039132,27.247855707635285,0.02598495781223539
158.62524385690622,209.72953312491293,0.17477116041167243
25.232243523071052,40.78534033614616,0.07644093322659966
29.829683815237903,60.4533375845218,0.06944019591806927
10.134179665989048,8.165601757044673,0.02536470291684749
3.1424644821868126,5.162167825101253,0.013036863496849647
42.35316176768675,63.66119499054432,0.08756651943300725
106.7964350551716,213.44741094348112,0.23032344803128627
2.993862787318208,2.9113665508147233,0.007249995904451662
4.02941112170225,9.204321509164668,0.010020671947972928
19.68179936878279,30.74461269905877,0.04500820640797629
9.387338538666933,8.382310789385334,0.014099478168909763
70.51807647108896,157.46500986916223,0.1524523757732724
4.743175387633491,11.292644405898772,0.020082775760576016
24.143514376549454,59.17382015307158,0.05440134797883187
103.44400300610951,170.73178104011407,0.1596119514081612
129.2193829389526,261.88466850686524,0.17194754232051535
26.618269272246835,69.37114761845302,0.06395643059316433
5.509766658486593,10.415608349939644,0.014849421958519163
4.085110114500281,5.6228326635368235,0.008396186374752895
12.807989159109631,34.292892322422006,0.02640361816360089
24.561495195296885,56.50367489801034,0.057466709914611586
102.04655598643144,118.24370874785818,0.1739471265996021
164.26104162893608,281.42924984146055,0.22273158931677442
4.95549575601246,5.3911932563962575,0.00822850904690327
133.37826946735578,229.20194590019452,0.2716114348204944
3.971199180288231,6.596105848729912,0.008863356008960717
20.766835083439496,30.664873851428432,0.03958368171161498
18.437809451645975,35.457544439178655,0.05470481666038363
65.42045263566813,144.94935523317795,0.15798817597306491
2.87606487315168,6.657860035979005,0.0037011378734818044
203.69589938928127,403.5459940229506,0.36426358305613826
8.216627441817563,7.01936735848436,0.026462183036882598
44.36688471069002,87.93900340877079,0.08513837816808577
6.4524773546392575,9.059744591461095,0.015323648368816358
7.576605699398673,15.163317317034616,0.022155343782671366
6.360890888640455,10.827057514537588,0.013776833878258829
5.970885364048882,6.622177357859381,0.008877594584960803
2.6298915400325673,7.270189706601932,0.005488880442635944
132.18689760075304,204.6552752008228,0.3152140866038689
16.45377256789358,17.139980181465646,0.014600583851099162
63.15345106093459,79.91924181248417,0.08020172780824757
34.22943783957008,59.2446062112187,0.10565724395552092
62.83549989015461,102.90546573448594,0.12582061158060096
48.52183271490442,102.42544626294685,0.1094129260798744
0.9335941313791315,1.6222734273460762,0.0028784133613453185
38.014258330096304,75.4322865325263,0.10846482242894483
74.62806053247118,128.6646620419973,0.1416048250773314
1.680110017981796,2.6530932082769407,0.005291656767050992
3.636358528726634,3.3002927024675794,0.006884885034098784
30.441304643643985,72.8513655225082,0.045593406585884386
28.88963367410216,34.96125777489066,0.05209879743613108
229.79754100763444,549.7617708529425,0.3305556079146052
46.40393123318776,99.81480639270669,0.094598044704294
7.042893353240513,10.388324082018233,0.018779283727369398
10.260323428234027,14.494593306940224,0.03040435627838025
102.55871327216927,208.98948319072386,0.150545328200734
13.493248371120465,23.093934955396925,0.0185971518286076
15.378267232700185,25.019139599588414,0.04948507710596416
18.451768264057993,24.755045201538245,0.026093645395156444
10.128389845912855,9.657208965384852,0.014806020012029221
16.982615843517934,12.140832842678025,0.036271876682462595
21.777322701217283,30.72890391551832,0.04652125414483944
49.833359026660936,81.42836209932102,0.10039405356341455
21.883255577873076,21.78646611403579,0.04556707017925819
4.445058940512423,8.756833127346603,0.00886965276256177
140.86726646115665,222.24713715235444,0.30351468661128966
9.035759327350064,7.562843028582561,0.011275223196491336
1.011698206081497,2.7427244906777117,0.0026490119811603753
20.997151958253216,44.368339181651024,0.04336421982769072
29.833325343133385,42.302701472859994,0.06468000348457896
4.925421242509723,8.225726209490709,0.01965647552949647
14.594539929802046,34.09501406988589,0.03774929430318234
19.536197915970327,24.841990154028224,0.05012006623082464
222.97039441706806,583.293179265404,0.38082086855470554
12.130514554705826,22.283258634067405,0.019687037071481617
176.56297662291067,483.50022135198327,0.48719360540055484
138.0040907938295,326.8514874075883,0.23461171010778012
16.78211630766208,21.61124772871864,0.030098780159539255
3.4297342282503203,5.708075623706678,0.015168496295216648
144.6199151601984,217.11302945488703,0.20200147239815522
132.91288440989047,195.207485510752,0.22224575398518284
432.0304244221225,995.3235340474389,0.6119342451022023
17.05283887417858,24.922042250911517,0.0457450337612874
2.682610763097556,5.320870106930019,0.00577632489660227
73.8524279705886,156.3468943871304,0.07995873224713428
17.13195609199276,41.62345766247048,0.023074866484790832
1.6612562252009135,2.570880974208102,0.004797425021793296
4.77153651315497,5.125137933945452,0.005598825999032263
8.08224388778388,12.41540487093947,0.017915613470928498
37.46907281952075,26.923509882648258,0.10839299110789756
41.442062729987796,67.74286454704067,0.04753165009559313
103.40583699427977,162.58688865274908,0.34302391720549485
53.61213948485032,55.581639937595085,0.08628092796350002
23.877106700952005,21.90111727502427,0.03994136452747166
1.2379163944013394,2.5614370464418084,0.004159548695618614
14.82608767317669,13.348925724316524,0.02834877253324707
6.822197439535347,9.397886493799659,0.009781385816411454
151.0269290235717,249.49353330927903,0.35967013900895967
10.098585906814606,25.828954762130866,0.033248245325298666
30.993257550473515,42.87305214578238,0.053383815516770475
46.55395068190274,81.91795687394014,0.08813173760802469
31.259309627284583,45.78398102655997,0.1331000472878523
44.327712599305194,47.20167673003893,0.054666760110368966
188.2281317778732,355.66785171104834,0.32941085750341464
16.22414976781578,25.998001692341333,0.04429038030360099
1.4820608790728318,3.1014988895456654,0.00421798851899384
5.470034132493524,11.282034516149565,0.008896262181573484
28.503919727996433,70.09197315619451,0.12007205750261478
12.91118725545792,30.144423029858736,0.013659406820791684
121.8782412101786,221.67838968519843,0.16654769719920315
96.12702775977178,165.59262021097933,0.16405434651858383
22.042904065747937,36.40224030304104,0.06969750908566708
24.41472618140609,20.51792855744906,0.03120059362772681
33.85524743096629,53.51373399446144,0.09052501138294373
14.133711158637157,24.265456412383696,0.014141041706893924
37.615061701896146,52.29663456828309,0.0705788414269614
130.1151165630894,278.3317050106672,0.1561740295239737
18.203237880750567,26.115720830976,0.060068610219961904
173.2941417874321,282.3485278702246,0.24905332674563835
35.83970236368634,39.55425088949621,0.08313710829876517
178.7661010240236,388.19184456621383,0.3255522928013675
80.82488497288672,185.71745587842787,0.1269727463703778
70.58486334090443,119.69032786403183,0.21636696076730105
1.2833729896560366,1.1484290166551043,0.004188959929575222
10.91870800974196,15.001673449062872,0.019298660756921236
34.75690668434078,83.18751135056772,0.1232932243522293
152.8006766095769,159.4139426194652,0.19254386895962522
63.725643787538225,145.34757719223865,0.1483957373553604
4.616758826903049,8.35993714754883,0.011488272397401657
4.770606952296335,8.408267156584431,0.012840218847818644
13.639972842326033,25.690704810358316,0.028652208708566967
33.45044125854182,37.44877246288302,0.09380081522526372
70.90377711145094,153.1157117163912,0.16492558390370912
419.40121456017476,551.1712139205316,0.48401939458902654
32.7404551499522,25.05995340731241,0.07315261660254374
7.769300731409277,7.573465320431815,0.02505525784719553
22.288625704591862,17.98397754946314,0.02773895752484904
110.53355582775154,242.46608649587358,0.2512497158416973
37.61097147559082,58.763349414765216,0.08050006608295003
65.61378166383501,72.815113855982,0.09045296700479533
68.00684457944187,116.35193169397031,0.09798133110776454
12.948923298067266,23.034831258708493,0.011964763026736278
5.166110691078748,9.943963918892758,0.02600148982833026
29.35742685690399,46.84503786174862,0.04510675352207294
142.5217134328019,214.7483366726839,0.31939549410876267
29.892055420365637,53.641408146266876,0.04687577139518176
7.129386606794426,14.342867632827,0.009827732533622723
4.009543930431923,4.256336349997172,0.009638514298118147
110.20135877300321,182.90543526375512,0.22896920003634266
221.22255165705846,377.81362143631327,0.3104418954148092
4.737541451068718,7.1826132017123205,0.008923642829130905
244.49930579248158,659.5906017129391,0.5702910741284879
22.661378209883306,34.77071255596924,0.03894333032281439
21.41123452537309,20.310141390773193,0.0653390452515055
5.353879995583592,5.362721352943878,0.011545690958776418
12.440922246169727,12.494610995061684,0.022020152802128934
21.04662676000708,30.74523113564311,0.03187865298224909
38.95808062055564,93.09641604377485,0.09211790402757743
35.198065366114236,75.43944979609323,0.04898445964272726
6.876917233047163,4.575650824687964,0.006027899092620238
135.8019447861192,219.98351167468027,0.32131318305736856
32.470782383557314,28.249016571717483,0.05598765450864013
9.170748423731856,11.882550943623254,0.021410642914486414
31.584632703725337,33.610118057362676,0.04838836427253792
77.39170904540832,182.50627316946307,0.1297421947124247
